==Start of DTU log==
2026-01-08 14:49:49 EDIT    Line: '1' Which had the content: '[]', and now has the content: '[]'.
2026-01-08 14:49:49 EDIT    Line: '1' Which had the content: '[]', and now has the content: '[]'.
2026-01-08 14:49:49 EDIT    Line: '1' Which had the content: '[]', and now has the content: '[]'.
2026-01-08 14:49:49 EDIT    Line: '1' Which had the content: '{
  "16783104":{
    "unNormAz":1.7563217653874,
    "beenThreat":0,
    "azHUD":1.7190679357403,
    "phyRange":0,
    "prevEl":-0.010937517508864,
    "fAz":1.7563217653874,
    "obs":[],
    "azHMD":0,
    "prevHdg":1.1696983575821,
    "prevAz":1.7303321361542,
    "fEl":0.087935675017639,
    "prevPitch":0.22965870797634,
    "elHMD":0,
    "elHUD":-0.38672599337792
  },
  "16782848":{
    "unNormAz":1.0192015730807,
    "beenThreat":0,
    "azHUD":0.96837239678664,
    "phyRange":0,
    "prevEl":-0.30034154653549,
    "fAz":1.0192015730807,
    "obs":[],
    "azHMD":0,
    "prevHdg":1.1696983575821,
    "prevAz":1.025461435318,
    "fEl":-0.060791033209515,
    "prevPitch":0.22965870797634,
    "elHMD":0,
    "elHUD":-0.43056683553981
  }
}', and now has the content: '{
  "16783104":{
    "unNormAz":1.7563217653874,
    "beenThreat":0,
    "azHUD":1.7190679357403,
    "phyRange":0,
    "prevEl":-0.010937517508864,
    "fAz":1.7563217653874,
    "obs":[],
    "azHMD":0,
    "prevHdg":1.1696983575821,
    "prevAz":1.7303321361542,
    "fEl":0.087935675017639,
    "prevPitch":0.22965870797634,
    "elHMD":0,
    "elHUD":-0.38672599337792
  },
  "16782848":{
    "unNormAz":1.0192015730807,
    "beenThreat":0,
    "azHUD":0.96837239678664,
    "phyRange":0,
    "prevEl":-0.30034154653549,
    "fAz":1.0192015730807,
    "obs":[],
    "azHMD":0,
    "prevHdg":1.1696983575821,
    "prevAz":1.025461435318,
    "fEl":-0.060791033209515,
    "prevPitch":0.22965870797634,
    "elHMD":0,
    "elHUD":-0.43056683553981
  }
}'.
2026-01-08 14:49:49 EDIT    Line: '1' Which had the content: '{
  "16783104":{
    "unNormAz":1.7563217653874,
    "beenThreat":0,
    "azHUD":1.7202008659264,
    "phyRange":0,
    "prevEl":-0.010937517508864,
    "fAz":1.7563217653874,
    "obs":[],
    "azHMD":0,
    "prevHdg":1.1696983575821,
    "prevAz":1.7303321361542,
    "fEl":0.087935675017639,
    "prevPitch":0.22965870797634,
    "elHMD":0,
    "elHUD":-0.38142840175582
  },
  "16782848":{
    "unNormAz":1.0192015730807,
    "beenThreat":0,
    "azHUD":0.96965063860208,
    "phyRange":0,
    "prevEl":-0.30034154653549,
    "fAz":1.0192015730807,
    "obs":[],
    "azHMD":0,
    "prevHdg":1.1696983575821,
    "prevAz":1.025461435318,
    "fEl":-0.060791033209515,
    "prevPitch":0.22965870797634,
    "elHMD":0,
    "elHUD":-0.42769035058819
  }
}', and now has the content: '{
  "16783104":{
    "unNormAz":1.7563217653874,
    "beenThreat":0,
    "azHUD":1.7202008659264,
    "phyRange":0,
    "prevEl":-0.010937517508864,
    "fAz":1.7563217653874,
    "obs":[],
    "azHMD":0,
    "prevHdg":1.1696983575821,
    "prevAz":1.7303321361542,
    "fEl":0.087935675017639,
    "prevPitch":0.22965870797634,
    "elHMD":0,
    "elHUD":-0.38142840175582
  },
  "16782848":{
    "unNormAz":1.0192015730807,
    "beenThreat":0,
    "azHUD":0.96965063860208,
    "phyRange":0,
    "prevEl":-0.30034154653549,
    "fAz":1.0192015730807,
    "obs":[],
    "azHMD":0,
    "prevHdg":1.1696983575821,
    "prevAz":1.025461435318,
    "fEl":-0.060791033209515,
    "prevPitch":0.22965870797634,
    "elHMD":0,
    "elHUD":-0.42769035058819
  }
}'.
2026-01-08 14:49:49 EDIT    Line: '1' Which had the content: '{
  "16783104":{
    "unNormAz":1.7563217653874,
    "beenThreat":0,
    "azHUD":1.7212399677855,
    "phyRange":0,
    "prevEl":-0.010937517508864,
    "fAz":1.7563217653874,
    "obs":[],
    "azHMD":0,
    "prevHdg":1.1696983575821,
    "prevAz":1.7303321361542,
    "fEl":0.087935675017639,
    "prevPitch":0.22965870797634,
    "elHMD":0,
    "elHUD":-0.37651502043872
  },
  "16782848":{
    "unNormAz":1.0192015730807,
    "beenThreat":0,
    "azHUD":0.97083044321548,
    "phyRange":0,
    "prevEl":-0.30034154653549,
    "fAz":1.0192015730807,
    "obs":[],
    "azHMD":0,
    "prevHdg":1.1696983575821,
    "prevAz":1.025461435318,
    "fEl":-0.060791033209515,
    "prevPitch":0.22965870797634,
    "elHMD":0,
    "elHUD":-0.42500581421319
  }
}', and now has the content: '{
  "16783104":{
    "unNormAz":1.7563217653874,
    "beenThreat":0,
    "azHUD":1.7212399677855,
    "phyRange":0,
    "prevEl":-0.010937517508864,
    "fAz":1.7563217653874,
    "obs":[],
    "azHMD":0,
    "prevHdg":1.1696983575821,
    "prevAz":1.7303321361542,
    "fEl":0.087935675017639,
    "prevPitch":0.22965870797634,
    "elHMD":0,
    "elHUD":-0.37651502043872
  },
  "16782848":{
    "unNormAz":1.0192015730807,
    "beenThreat":0,
    "azHUD":0.97083044321548,
    "phyRange":0,
    "prevEl":-0.30034154653549,
    "fAz":1.0192015730807,
    "obs":[],
    "azHMD":0,
    "prevHdg":1.1696983575821,
    "prevAz":1.025461435318,
    "fEl":-0.060791033209515,
    "prevPitch":0.22965870797634,
    "elHMD":0,
    "elHUD":-0.42500581421319
  }
}'.
2026-01-08 14:49:49 EDIT    Line: '1' Which had the content: '{
  "16783104":{
    "unNormAz":1.7563217653874,
    "beenThreat":0,
    "azHUD":1.7221970203886,
    "phyRange":0,
    "prevEl":-0.010937517508864,
    "fAz":1.7563217653874,
    "obs":[],
    "azHMD":0,
    "prevHdg":1.1696983575821,
    "prevAz":1.7303321361542,
    "fEl":0.087935675017639,
    "prevPitch":0.22965870797634,
    "elHMD":0,
    "elHUD":-0.37195648003816
  },
  "16782848":{
    "unNormAz":1.0192015730807,
    "beenThreat":0,
    "azHUD":0.97192295641443,
    "phyRange":0,
    "prevEl":-0.30034154653549,
    "fAz":1.0192015730807,
    "obs":[],
    "azHMD":0,
    "prevHdg":1.1696983575821,
    "prevAz":1.025461435318,
    "fEl":-0.060791033209515,
    "prevPitch":0.22965870797634,
    "elHMD":0,
    "elHUD":-0.42249993237363
  }
}', and now has the content: '{
  "16783104":{
    "unNormAz":1.7563217653874,
    "beenThreat":0,
    "azHUD":1.7221970203886,
    "phyRange":0,
    "prevEl":-0.010937517508864,
    "fAz":1.7563217653874,
    "obs":[],
    "azHMD":0,
    "prevHdg":1.1696983575821,
    "prevAz":1.7303321361542,
    "fEl":0.087935675017639,
    "prevPitch":0.22965870797634,
    "elHMD":0,
    "elHUD":-0.37195648003816
  },
  "16782848":{
    "unNormAz":1.0192015730807,
    "beenThreat":0,
    "azHUD":0.97192295641443,
    "phyRange":0,
    "prevEl":-0.30034154653549,
    "fAz":1.0192015730807,
    "obs":[],
    "azHMD":0,
    "prevHdg":1.1696983575821,
    "prevAz":1.025461435318,
    "fEl":-0.060791033209515,
    "prevPitch":0.22965870797634,
    "elHMD":0,
    "elHUD":-0.42249993237363
  }
}'.
2026-01-08 14:49:49 EDIT    Line: '1' Which had the content: '{
  "16783104":{
    "unNormAz":1.7563217653874,
    "beenThreat":0,
    "azHUD":1.7221970203886,
    "phyRange":0,
    "prevEl":-0.010937517508864,
    "fAz":1.7563217653874,
    "obs":[],
    "azHMD":0,
    "prevHdg":1.1696983575821,
    "prevAz":1.7303321361542,
    "fEl":0.087935675017639,
    "prevPitch":0.22965870797634,
    "elHMD":0,
    "elHUD":-0.37195648003816
  },
  "16782848":{
    "unNormAz":1.0192015730807,
    "beenThreat":0,
    "azHUD":0.97192295641443,
    "phyRange":0,
    "prevEl":-0.30034154653549,
    "fAz":1.0192015730807,
    "obs":[],
    "azHMD":0,
    "prevHdg":1.1696983575821,
    "prevAz":1.025461435318,
    "fEl":-0.060791033209515,
    "prevPitch":0.22965870797634,
    "elHMD":0,
    "elHUD":-0.42249993237363
  }
}', and now has the content: '{
  "16783104":{
    "unNormAz":1.7563217653874,
    "beenThreat":0,
    "azHUD":1.7221970203886,
    "phyRange":0,
    "prevEl":-0.010937517508864,
    "fAz":1.7563217653874,
    "obs":[],
    "azHMD":0,
    "prevHdg":1.1696983575821,
    "prevAz":1.7303321361542,
    "fEl":0.087935675017639,
    "prevPitch":0.22965870797634,
    "elHMD":0,
    "elHUD":-0.37195648003816
  },
  "16782848":{
    "unNormAz":1.0192015730807,
    "beenThreat":0,
    "azHUD":0.97192295641443,
    "phyRange":0,
    "prevEl":-0.30034154653549,
    "fAz":1.0192015730807,
    "obs":[],
    "azHMD":0,
    "prevHdg":1.1696983575821,
    "prevAz":1.025461435318,
    "fEl":-0.060791033209515,
    "prevPitch":0.22965870797634,
    "elHMD":0,
    "elHUD":-0.42249993237363
  }
}'.
2026-01-08 14:49:49 EDIT    Line: '1' Which had the content: '{
  "16777728":{
    "unNormAz":-0.22510808551657,
    "beenThreat":1,
    "azHUD":-0.26045798097561,
    "phyRange":0,
    "prevEl":-0.25058019161224,
    "fAz":6.058077221663,
    "obs":[],
    "azHMD":0,
    "prevHdg":1.1699073314667,
    "prevAz":6.014732837677,
    "fEl":-0.058280460848523,
    "prevPitch":0.23040281236172,
    "elHMD":0,
    "elHUD":-0.25724175893976
  },
  "16783104":{
    "unNormAz":1.75360576875,
    "beenThreat":0,
    "azHUD":1.7191740926547,
    "phyRange":0,
    "prevEl":-0.010937517508864,
    "fAz":1.75360576875,
    "obs":[],
    "azHMD":0,
    "prevHdg":1.1699073314667,
    "prevAz":1.7303321361542,
    "fEl":0.076965765278186,
    "prevPitch":0.23040281236172,
    "elHMD":0,
    "elHUD":-0.37830749233397
  },
  "16782848":{
    "unNormAz":1.0161691337055,
    "beenThreat":0,
    "azHUD":0.96896594352416,
    "phyRange":0,
    "prevEl":-0.30034154653549,
    "fAz":1.0161691337055,
    "obs":[],
    "azHMD":0,
    "prevHdg":1.1699073314667,
    "prevAz":1.025461435318,
    "fEl":-0.069816681317522,
    "prevPitch":0.23040281236172,
    "elHMD":0,
    "elHUD":-0.42876153392199
  }
}', and now has the content: '{
  "16777728":{
    "unNormAz":-0.22510808551657,
    "beenThreat":1,
    "azHUD":-0.26045798097561,
    "phyRange":0,
    "prevEl":-0.25058019161224,
    "fAz":6.058077221663,
    "obs":[],
    "azHMD":0,
    "prevHdg":1.1699073314667,
    "prevAz":6.014732837677,
    "fEl":-0.058280460848523,
    "prevPitch":0.23040281236172,
    "elHMD":0,
    "elHUD":-0.25724175893976
  },
  "16783104":{
    "unNormAz":1.75360576875,
    "beenThreat":0,
    "azHUD":1.7191740926547,
    "phyRange":0,
    "prevEl":-0.010937517508864,
    "fAz":1.75360576875,
    "obs":[],
    "azHMD":0,
    "prevHdg":1.1699073314667,
    "prevAz":1.7303321361542,
    "fEl":0.076965765278186,
    "prevPitch":0.23040281236172,
    "elHMD":0,
    "elHUD":-0.37830749233397
  },
  "16782848":{
    "unNormAz":1.0161691337055,
    "beenThreat":0,
    "azHUD":0.96896594352416,
    "phyRange":0,
    "prevEl":-0.30034154653549,
    "fAz":1.0161691337055,
    "obs":[],
    "azHMD":0,
    "prevHdg":1.1699073314667,
    "prevAz":1.025461435318,
    "fEl":-0.069816681317522,
    "prevPitch":0.23040281236172,
    "elHMD":0,
    "elHUD":-0.42876153392199
  }
}'.
2026-01-08 14:49:49 EDIT    Line: '1' Which had the content: '{
  "16777728":{
    "unNormAz":-0.22510808551657,
    "beenThreat":1,
    "azHUD":-0.25989926386462,
    "phyRange":0,
    "prevEl":-0.25058019161224,
    "fAz":6.058077221663,
    "obs":[],
    "azHMD":0,
    "prevHdg":1.1699073314667,
    "prevAz":6.014732837677,
    "fEl":-0.058280460848523,
    "prevPitch":0.23040281236172,
    "elHMD":0,
    "elHUD":-0.25791578614641
  },
  "16783104":{
    "unNormAz":1.75360576875,
    "beenThreat":0,
    "azHUD":1.7200053311441,
    "phyRange":0,
    "prevEl":-0.010937517508864,
    "fAz":1.75360576875,
    "obs":[],
    "azHMD":0,
    "prevHdg":1.1699073314667,
    "prevAz":1.7303321361542,
    "fEl":0.076965765278186,
    "prevPitch":0.23040281236172,
    "elHMD":0,
    "elHUD":-0.37443983264062
  },
  "16782848":{
    "unNormAz":1.0161691337055,
    "beenThreat":0,
    "azHUD":0.96991489998298,
    "phyRange":0,
    "prevEl":-0.30034154653549,
    "fAz":1.0161691337055,
    "obs":[],
    "azHMD":0,
    "prevHdg":1.1699073314667,
    "prevAz":1.025461435318,
    "fEl":-0.069816681317522,
    "prevPitch":0.23040281236172,
    "elHMD":0,
    "elHUD":-0.42661475396242
  }
}', and now has the content: '{
  "16777728":{
    "unNormAz":-0.22510808551657,
    "beenThreat":1,
    "azHUD":-0.25989926386462,
    "phyRange":0,
    "prevEl":-0.25058019161224,
    "fAz":6.058077221663,
    "obs":[],
    "azHMD":0,
    "prevHdg":1.1699073314667,
    "prevAz":6.014732837677,
    "fEl":-0.058280460848523,
    "prevPitch":0.23040281236172,
    "elHMD":0,
    "elHUD":-0.25791578614641
  },
  "16783104":{
    "unNormAz":1.75360576875,
    "beenThreat":0,
    "azHUD":1.7200053311441,
    "phyRange":0,
    "prevEl":-0.010937517508864,
    "fAz":1.75360576875,
    "obs":[],
    "azHMD":0,
    "prevHdg":1.1699073314667,
    "prevAz":1.7303321361542,
    "fEl":0.076965765278186,
    "prevPitch":0.23040281236172,
    "elHMD":0,
    "elHUD":-0.37443983264062
  },
  "16782848":{
    "unNormAz":1.0161691337055,
    "beenThreat":0,
    "azHUD":0.96991489998298,
    "phyRange":0,
    "prevEl":-0.30034154653549,
    "fAz":1.0161691337055,
    "obs":[],
    "azHMD":0,
    "prevHdg":1.1699073314667,
    "prevAz":1.025461435318,
    "fEl":-0.069816681317522,
    "prevPitch":0.23040281236172,
    "elHMD":0,
    "elHUD":-0.42661475396242
  }
}'.
2026-01-08 14:49:49 EDIT    Line: '1' Which had the content: '{
  "16777728":{
    "unNormAz":-0.22510808551657,
    "beenThreat":1,
    "azHUD":-0.25937111702249,
    "phyRange":0,
    "prevEl":-0.25058019161224,
    "fAz":6.058077221663,
    "obs":[],
    "azHMD":0,
    "prevHdg":1.1699073314667,
    "prevAz":6.014732837677,
    "fEl":-0.058280460848523,
    "prevPitch":0.23040281236172,
    "elHMD":0,
    "elHUD":-0.25850902433225
  },
  "16783104":{
    "unNormAz":1.75360576875,
    "beenThreat":0,
    "azHUD":1.7207738710276,
    "phyRange":0,
    "prevEl":-0.010937517508864,
    "fAz":1.75360576875,
    "obs":[],
    "azHMD":0,
    "prevHdg":1.1699073314667,
    "prevAz":1.7303321361542,
    "fEl":0.076965765278186,
    "prevPitch":0.23040281236172,
    "elHMD":0,
    "elHUD":-0.37087398794696
  },
  "16782848":{
    "unNormAz":1.0161691337055,
    "beenThreat":0,
    "azHUD":0.97079468901081,
    "phyRange":0,
    "prevEl":-0.30034154653549,
    "fAz":1.0161691337055,
    "obs":[],
    "azHMD":0,
    "prevHdg":1.1699073314667,
    "prevAz":1.025461435318,
    "fEl":-0.069816681317522,
    "prevPitch":0.23040281236172,
    "elHMD":0,
    "elHUD":-0.42462437283692
  }
}', and now has the content: '{
  "16777728":{
    "unNormAz":-0.22510808551657,
    "beenThreat":1,
    "azHUD":-0.25937111702249,
    "phyRange":0,
    "prevEl":-0.25058019161224,
    "fAz":6.058077221663,
    "obs":[],
    "azHMD":0,
    "prevHdg":1.1699073314667,
    "prevAz":6.014732837677,
    "fEl":-0.058280460848523,
    "prevPitch":0.23040281236172,
    "elHMD":0,
    "elHUD":-0.25850902433225
  },
  "16783104":{
    "unNormAz":1.75360576875,
    "beenThreat":0,
    "azHUD":1.7207738710276,
    "phyRange":0,
    "prevEl":-0.010937517508864,
    "fAz":1.75360576875,
    "obs":[],
    "azHMD":0,
    "prevHdg":1.1699073314667,
    "prevAz":1.7303321361542,
    "fEl":0.076965765278186,
    "prevPitch":0.23040281236172,
    "elHMD":0,
    "elHUD":-0.37087398794696
  },
  "16782848":{
    "unNormAz":1.0161691337055,
    "beenThreat":0,
    "azHUD":0.97079468901081,
    "phyRange":0,
    "prevEl":-0.30034154653549,
    "fAz":1.0161691337055,
    "obs":[],
    "azHMD":0,
    "prevHdg":1.1699073314667,
    "prevAz":1.025461435318,
    "fEl":-0.069816681317522,
    "prevPitch":0.23040281236172,
    "elHMD":0,
    "elHUD":-0.42462437283692
  }
}'.
2026-01-08 14:49:49 EDIT    Line: '1' Which had the content: '{
  "16777728":{
    "unNormAz":-0.22510808551657,
    "beenThreat":1,
    "azHUD":-0.25886987583273,
    "phyRange":0,
    "prevEl":-0.25058019161224,
    "fAz":6.058077221663,
    "obs":[],
    "azHMD":0,
    "prevHdg":1.1699073314667,
    "prevAz":6.014732837677,
    "fEl":-0.058280460848523,
    "prevPitch":0.23040281236172,
    "elHMD":0,
    "elHUD":-0.25905421692444
  },
  "16783104":{
    "unNormAz":1.75360576875,
    "beenThreat":0,
    "azHUD":1.7214874682813,
    "phyRange":0,
    "prevEl":-0.010937517508864,
    "fAz":1.75360576875,
    "obs":[],
    "azHMD":0,
    "prevHdg":1.1699073314667,
    "prevAz":1.7303321361542,
    "fEl":0.076965765278186,
    "prevPitch":0.23040281236172,
    "elHMD":0,
    "elHUD":-0.36761225836606
  },
  "16782848":{
    "unNormAz":1.0161691337055,
    "beenThreat":0,
    "azHUD":0.9716130041614,
    "phyRange":0,
    "prevEl":-0.30034154653549,
    "fAz":1.0161691337055,
    "obs":[],
    "azHMD":0,
    "prevHdg":1.1699073314667,
    "prevAz":1.025461435318,
    "fEl":-0.069816681317522,
    "prevPitch":0.23040281236172,
    "elHMD":0,
    "elHUD":-0.42280433565334
  }
}', and now has the content: '{
  "16777728":{
    "unNormAz":-0.22510808551657,
    "beenThreat":1,
    "azHUD":-0.25886987583273,
    "phyRange":0,
    "prevEl":-0.25058019161224,
    "fAz":6.058077221663,
    "obs":[],
    "azHMD":0,
    "prevHdg":1.1699073314667,
    "prevAz":6.014732837677,
    "fEl":-0.058280460848523,
    "prevPitch":0.23040281236172,
    "elHMD":0,
    "elHUD":-0.25905421692444
  },
  "16783104":{
    "unNormAz":1.75360576875,
    "beenThreat":0,
    "azHUD":1.7214874682813,
    "phyRange":0,
    "prevEl":-0.010937517508864,
    "fAz":1.75360576875,
    "obs":[],
    "azHMD":0,
    "prevHdg":1.1699073314667,
    "prevAz":1.7303321361542,
    "fEl":0.076965765278186,
    "prevPitch":0.23040281236172,
    "elHMD":0,
    "elHUD":-0.36761225836606
  },
  "16782848":{
    "unNormAz":1.0161691337055,
    "beenThreat":0,
    "azHUD":0.9716130041614,
    "phyRange":0,
    "prevEl":-0.30034154653549,
    "fAz":1.0161691337055,
    "obs":[],
    "azHMD":0,
    "prevHdg":1.1699073314667,
    "prevAz":1.025461435318,
    "fEl":-0.069816681317522,
    "prevPitch":0.23040281236172,
    "elHMD":0,
    "elHUD":-0.42280433565334
  }
}'.
2026-01-08 14:49:49 EDIT    Line: '1' Which had the content: '{
  "16777728":{
    "unNormAz":-0.22510808551657,
    "beenThreat":1,
    "azHUD":-0.25840564680865,
    "phyRange":0,
    "prevEl":-0.25058019161224,
    "fAz":6.058077221663,
    "obs":[],
    "azHMD":0,
    "prevHdg":1.1699073314667,
    "prevAz":6.014732837677,
    "fEl":-0.058280460848523,
    "prevPitch":0.23040281236172,
    "elHMD":0,
    "elHUD":-0.25954186493652
  },
  "16783104":{
    "unNormAz":1.75360576875,
    "beenThreat":0,
    "azHUD":1.7221346881481,
    "phyRange":0,
    "prevEl":-0.010937517508864,
    "fAz":1.75360576875,
    "obs":[],
    "azHMD":0,
    "prevHdg":1.1699073314667,
    "prevAz":1.7303321361542,
    "fEl":0.076965765278186,
    "prevPitch":0.23040281236172,
    "elHMD":0,
    "elHUD":-0.36470859141107
  },
  "16782848":{
    "unNormAz":1.0161691337055,
    "beenThreat":0,
    "azHUD":0.97235583414444,
    "phyRange":0,
    "prevEl":-0.30034154653549,
    "fAz":1.0161691337055,
    "obs":[],
    "azHMD":0,
    "prevHdg":1.1699073314667,
    "prevAz":1.025461435318,
    "fEl":-0.069816681317522,
    "prevPitch":0.23040281236172,
    "elHMD":0,
    "elHUD":-0.42118466973934
  }
}', and now has the content: '{
  "16777728":{
    "unNormAz":-0.22510808551657,
    "beenThreat":1,
    "azHUD":-0.25840564680865,
    "phyRange":0,
    "prevEl":-0.25058019161224,
    "fAz":6.058077221663,
    "obs":[],
    "azHMD":0,
    "prevHdg":1.1699073314667,
    "prevAz":6.014732837677,
    "fEl":-0.058280460848523,
    "prevPitch":0.23040281236172,
    "elHMD":0,
    "elHUD":-0.25954186493652
  },
  "16783104":{
    "unNormAz":1.75360576875,
    "beenThreat":0,
    "azHUD":1.7221346881481,
    "phyRange":0,
    "prevEl":-0.010937517508864,
    "fAz":1.75360576875,
    "obs":[],
    "azHMD":0,
    "prevHdg":1.1699073314667,
    "prevAz":1.7303321361542,
    "fEl":0.076965765278186,
    "prevPitch":0.23040281236172,
    "elHMD":0,
    "elHUD":-0.36470859141107
  },
  "16782848":{
    "unNormAz":1.0161691337055,
    "beenThreat":0,
    "azHUD":0.97235583414444,
    "phyRange":0,
    "prevEl":-0.30034154653549,
    "fAz":1.0161691337055,
    "obs":[],
    "azHMD":0,
    "prevHdg":1.1699073314667,
    "prevAz":1.025461435318,
    "fEl":-0.069816681317522,
    "prevPitch":0.23040281236172,
    "elHMD":0,
    "elHUD":-0.42118466973934
  }
}'.
2026-01-08 14:49:49 EDIT    Line: '1' Which had the content: '{
  "16777728":{
    "unNormAz":-0.22510808551657,
    "beenThreat":1,
    "azHUD":-0.25797233630512,
    "phyRange":0,
    "prevEl":-0.25058019161224,
    "fAz":6.058077221663,
    "obs":[],
    "azHMD":0,
    "prevHdg":1.1699073314667,
    "prevAz":6.014732837677,
    "fEl":-0.058280460848523,
    "prevPitch":0.23040281236172,
    "elHMD":0,
    "elHUD":-0.25997656129844
  },
  "16783104":{
    "unNormAz":1.75360576875,
    "beenThreat":0,
    "azHUD":1.7227255656575,
    "phyRange":0,
    "prevEl":-0.010937517508864,
    "fAz":1.75360576875,
    "obs":[],
    "azHMD":0,
    "prevHdg":1.1699073314667,
    "prevAz":1.7303321361542,
    "fEl":0.076965765278186,
    "prevPitch":0.23040281236172,
    "elHMD":0,
    "elHUD":-0.36213271583117
  },
  "16782848":{
    "unNormAz":1.0161691337055,
    "beenThreat":0,
    "azHUD":0.97303342228567,
    "phyRange":0,
    "prevEl":-0.30034154653549,
    "fAz":1.0161691337055,
    "obs":[],
    "azHMD":0,
    "prevHdg":1.1699073314667,
    "prevAz":1.025461435318,
    "fEl":-0.069816681317522,
    "prevPitch":0.23040281236172,
    "elHMD":0,
    "elHUD":-0.4197484038073
  }
}', and now has the content: '{
  "16777728":{
    "unNormAz":-0.22510808551657,
    "beenThreat":1,
    "azHUD":-0.25797233630512,
    "phyRange":0,
    "prevEl":-0.25058019161224,
    "fAz":6.058077221663,
    "obs":[],
    "azHMD":0,
    "prevHdg":1.1699073314667,
    "prevAz":6.014732837677,
    "fEl":-0.058280460848523,
    "prevPitch":0.23040281236172,
    "elHMD":0,
    "elHUD":-0.25997656129844
  },
  "16783104":{
    "unNormAz":1.75360576875,
    "beenThreat":0,
    "azHUD":1.7227255656575,
    "phyRange":0,
    "prevEl":-0.010937517508864,
    "fAz":1.75360576875,
    "obs":[],
    "azHMD":0,
    "prevHdg":1.1699073314667,
    "prevAz":1.7303321361542,
    "fEl":0.076965765278186,
    "prevPitch":0.23040281236172,
    "elHMD":0,
    "elHUD":-0.36213271583117
  },
  "16782848":{
    "unNormAz":1.0161691337055,
    "beenThreat":0,
    "azHUD":0.97303342228567,
    "phyRange":0,
    "prevEl":-0.30034154653549,
    "fAz":1.0161691337055,
    "obs":[],
    "azHMD":0,
    "prevHdg":1.1699073314667,
    "prevAz":1.025461435318,
    "fEl":-0.069816681317522,
    "prevPitch":0.23040281236172,
    "elHMD":0,
    "elHUD":-0.4197484038073
  }
}'.
2026-01-08 14:49:49 EDIT    Line: '1' Which had the content: '{
  "16777728":{
    "unNormAz":-0.22510808551657,
    "beenThreat":1,
    "azHUD":-0.25797233630512,
    "phyRange":0,
    "prevEl":-0.25058019161224,
    "fAz":6.058077221663,
    "obs":[],
    "azHMD":0,
    "prevHdg":1.1699073314667,
    "prevAz":6.014732837677,
    "fEl":-0.058280460848523,
    "prevPitch":0.23040281236172,
    "elHMD":0,
    "elHUD":-0.25997656129844
  },
  "16783104":{
    "unNormAz":1.75360576875,
    "beenThreat":0,
    "azHUD":1.7227255656575,
    "phyRange":0,
    "prevEl":-0.010937517508864,
    "fAz":1.75360576875,
    "obs":[],
    "azHMD":0,
    "prevHdg":1.1699073314667,
    "prevAz":1.7303321361542,
    "fEl":0.076965765278186,
    "prevPitch":0.23040281236172,
    "elHMD":0,
    "elHUD":-0.36213271583117
  },
  "16782848":{
    "unNormAz":1.0161691337055,
    "beenThreat":0,
    "azHUD":0.97303342228567,
    "phyRange":0,
    "prevEl":-0.30034154653549,
    "fAz":1.0161691337055,
    "obs":[],
    "azHMD":0,
    "prevHdg":1.1699073314667,
    "prevAz":1.025461435318,
    "fEl":-0.069816681317522,
    "prevPitch":0.23040281236172,
    "elHMD":0,
    "elHUD":-0.4197484038073
  }
}', and now has the content: '{
  "16777728":{
    "unNormAz":-0.22510808551657,
    "beenThreat":1,
    "azHUD":-0.25797233630512,
    "phyRange":0,
    "prevEl":-0.25058019161224,
    "fAz":6.058077221663,
    "obs":[],
    "azHMD":0,
    "prevHdg":1.1699073314667,
    "prevAz":6.014732837677,
    "fEl":-0.058280460848523,
    "prevPitch":0.23040281236172,
    "elHMD":0,
    "elHUD":-0.25997656129844
  },
  "16783104":{
    "unNormAz":1.75360576875,
    "beenThreat":0,
    "azHUD":1.7227255656575,
    "phyRange":0,
    "prevEl":-0.010937517508864,
    "fAz":1.75360576875,
    "obs":[],
    "azHMD":0,
    "prevHdg":1.1699073314667,
    "prevAz":1.7303321361542,
    "fEl":0.076965765278186,
    "prevPitch":0.23040281236172,
    "elHMD":0,
    "elHUD":-0.36213271583117
  },
  "16782848":{
    "unNormAz":1.0161691337055,
    "beenThreat":0,
    "azHUD":0.97303342228567,
    "phyRange":0,
    "prevEl":-0.30034154653549,
    "fAz":1.0161691337055,
    "obs":[],
    "azHMD":0,
    "prevHdg":1.1699073314667,
    "prevAz":1.025461435318,
    "fEl":-0.069816681317522,
    "prevPitch":0.23040281236172,
    "elHMD":0,
    "elHUD":-0.4197484038073
  }
}'.
2026-01-08 14:49:49 EDIT    Line: '1' Which had the content: '{
  "16777728":{
    "unNormAz":-0.22510808551657,
    "beenThreat":1,
    "azHUD":-0.25757248758225,
    "phyRange":0,
    "prevEl":-0.25058019161224,
    "fAz":6.058077221663,
    "obs":[],
    "azHMD":0,
    "prevHdg":1.1699073314667,
    "prevAz":6.014732837677,
    "fEl":-0.058280460848523,
    "prevPitch":0.23040281236172,
    "elHMD":0,
    "elHUD":-0.26035386828072
  },
  "16783104":{
    "unNormAz":1.75360576875,
    "beenThreat":0,
    "azHUD":1.7232577936285,
    "phyRange":0,
    "prevEl":-0.010937517508864,
    "fAz":1.75360576875,
    "obs":[],
    "azHMD":0,
    "prevHdg":1.1699073314667,
    "prevAz":1.7303321361542,
    "fEl":0.076965765278186,
    "prevPitch":0.23040281236172,
    "elHMD":0,
    "elHUD":-0.35991016284126
  },
  "16782848":{
    "unNormAz":1.0161691337055,
    "beenThreat":0,
    "azHUD":0.97364191971376,
    "phyRange":0,
    "prevEl":-0.30034154653549,
    "fAz":1.0161691337055,
    "obs":[],
    "azHMD":0,
    "prevHdg":1.1699073314667,
    "prevAz":1.025461435318,
    "fEl":-0.069816681317522,
    "prevPitch":0.23040281236172,
    "elHMD":0,
    "elHUD":-0.41850981223831
  }
}', and now has the content: '{
  "16777728":{
    "unNormAz":-0.22510808551657,
    "beenThreat":1,
    "azHUD":-0.25757248758225,
    "phyRange":0,
    "prevEl":-0.25058019161224,
    "fAz":6.058077221663,
    "obs":[],
    "azHMD":0,
    "prevHdg":1.1699073314667,
    "prevAz":6.014732837677,
    "fEl":-0.058280460848523,
    "prevPitch":0.23040281236172,
    "elHMD":0,
    "elHUD":-0.26035386828072
  },
  "16783104":{
    "unNormAz":1.75360576875,
    "beenThreat":0,
    "azHUD":1.7232577936285,
    "phyRange":0,
    "prevEl":-0.010937517508864,
    "fAz":1.75360576875,
    "obs":[],
    "azHMD":0,
    "prevHdg":1.1699073314667,
    "prevAz":1.7303321361542,
    "fEl":0.076965765278186,
    "prevPitch":0.23040281236172,
    "elHMD":0,
    "elHUD":-0.35991016284126
  },
  "16782848":{
    "unNormAz":1.0161691337055,
    "beenThreat":0,
    "azHUD":0.97364191971376,
    "phyRange":0,
    "prevEl":-0.30034154653549,
    "fAz":1.0161691337055,
    "obs":[],
    "azHMD":0,
    "prevHdg":1.1699073314667,
    "prevAz":1.025461435318,
    "fEl":-0.069816681317522,
    "prevPitch":0.23040281236172,
    "elHMD":0,
    "elHUD":-0.41850981223831
  }
}'.
2026-01-08 14:49:49 EDIT    Line: '1' Which had the content: '{
  "16777728":{
    "unNormAz":-0.22510808551657,
    "beenThreat":1,
    "azHUD":-0.257209530096,
    "phyRange":0,
    "prevEl":-0.25058019161224,
    "fAz":6.058077221663,
    "obs":[],
    "azHMD":0,
    "prevHdg":1.1699073314667,
    "prevAz":6.014732837677,
    "fEl":-0.058280460848523,
    "prevPitch":0.23040281236172,
    "elHMD":0,
    "elHUD":-0.26066989724179
  },
  "16783104":{
    "unNormAz":1.75360576875,
    "beenThreat":0,
    "azHUD":1.7237282153202,
    "phyRange":0,
    "prevEl":-0.010937517508864,
    "fAz":1.75360576875,
    "obs":[],
    "azHMD":0,
    "prevHdg":1.1699073314667,
    "prevAz":1.7303321361542,
    "fEl":0.076965765278186,
    "prevPitch":0.23040281236172,
    "elHMD":0,
    "elHUD":-0.35806449428545
  },
  "16782848":{
    "unNormAz":1.0161691337055,
    "beenThreat":0,
    "azHUD":0.97417673631984,
    "phyRange":0,
    "prevEl":-0.30034154653549,
    "fAz":1.0161691337055,
    "obs":[],
    "azHMD":0,
    "prevHdg":1.1699073314667,
    "prevAz":1.025461435318,
    "fEl":-0.069816681317522,
    "prevPitch":0.23040281236172,
    "elHMD":0,
    "elHUD":-0.41748214875559
  }
}', and now has the content: '{
  "16777728":{
    "unNormAz":-0.22510808551657,
    "beenThreat":1,
    "azHUD":-0.257209530096,
    "phyRange":0,
    "prevEl":-0.25058019161224,
    "fAz":6.058077221663,
    "obs":[],
    "azHMD":0,
    "prevHdg":1.1699073314667,
    "prevAz":6.014732837677,
    "fEl":-0.058280460848523,
    "prevPitch":0.23040281236172,
    "elHMD":0,
    "elHUD":-0.26066989724179
  },
  "16783104":{
    "unNormAz":1.75360576875,
    "beenThreat":0,
    "azHUD":1.7237282153202,
    "phyRange":0,
    "prevEl":-0.010937517508864,
    "fAz":1.75360576875,
    "obs":[],
    "azHMD":0,
    "prevHdg":1.1699073314667,
    "prevAz":1.7303321361542,
    "fEl":0.076965765278186,
    "prevPitch":0.23040281236172,
    "elHMD":0,
    "elHUD":-0.35806449428545
  },
  "16782848":{
    "unNormAz":1.0161691337055,
    "beenThreat":0,
    "azHUD":0.97417673631984,
    "phyRange":0,
    "prevEl":-0.30034154653549,
    "fAz":1.0161691337055,
    "obs":[],
    "azHMD":0,
    "prevHdg":1.1699073314667,
    "prevAz":1.025461435318,
    "fEl":-0.069816681317522,
    "prevPitch":0.23040281236172,
    "elHMD":0,
    "elHUD":-0.41748214875559
  }
}'.
2026-01-08 14:49:49 EDIT    Line: '1' Which had the content: '{
  "16777728":{
    "unNormAz":-0.22510808551657,
    "beenThreat":1,
    "azHUD":-0.25688001276348,
    "phyRange":0,
    "prevEl":-0.25058019161224,
    "fAz":6.058077221663,
    "obs":[],
    "azHMD":0,
    "prevHdg":1.1699073314667,
    "prevAz":6.014732837677,
    "fEl":-0.058280460848523,
    "prevPitch":0.23040281236172,
    "elHMD":0,
    "elHUD":-0.26092552850755
  },
  "16783104":{
    "unNormAz":1.75360576875,
    "beenThreat":0,
    "azHUD":1.7241420046311,
    "phyRange":0,
    "prevEl":-0.010937517508864,
    "fAz":1.75360576875,
    "obs":[],
    "azHMD":0,
    "prevHdg":1.1699073314667,
    "prevAz":1.7303321361542,
    "fEl":0.076965765278186,
    "prevPitch":0.23040281236172,
    "elHMD":0,
    "elHUD":-0.35659070161575
  },
  "16782848":{
    "unNormAz":1.0161691337055,
    "beenThreat":0,
    "azHUD":0.97464268372483,
    "phyRange":0,
    "prevEl":-0.30034154653549,
    "fAz":1.0161691337055,
    "obs":[],
    "azHMD":0,
    "prevHdg":1.1699073314667,
    "prevAz":1.025461435318,
    "fEl":-0.069816681317522,
    "prevPitch":0.23040281236172,
    "elHMD":0,
    "elHUD":-0.41666270254296
  }
}', and now has the content: '{
  "16777728":{
    "unNormAz":-0.22510808551657,
    "beenThreat":1,
    "azHUD":-0.25688001276348,
    "phyRange":0,
    "prevEl":-0.25058019161224,
    "fAz":6.058077221663,
    "obs":[],
    "azHMD":0,
    "prevHdg":1.1699073314667,
    "prevAz":6.014732837677,
    "fEl":-0.058280460848523,
    "prevPitch":0.23040281236172,
    "elHMD":0,
    "elHUD":-0.26092552850755
  },
  "16783104":{
    "unNormAz":1.75360576875,
    "beenThreat":0,
    "azHUD":1.7241420046311,
    "phyRange":0,
    "prevEl":-0.010937517508864,
    "fAz":1.75360576875,
    "obs":[],
    "azHMD":0,
    "prevHdg":1.1699073314667,
    "prevAz":1.7303321361542,
    "fEl":0.076965765278186,
    "prevPitch":0.23040281236172,
    "elHMD":0,
    "elHUD":-0.35659070161575
  },
  "16782848":{
    "unNormAz":1.0161691337055,
    "beenThreat":0,
    "azHUD":0.97464268372483,
    "phyRange":0,
    "prevEl":-0.30034154653549,
    "fAz":1.0161691337055,
    "obs":[],
    "azHMD":0,
    "prevHdg":1.1699073314667,
    "prevAz":1.025461435318,
    "fEl":-0.069816681317522,
    "prevPitch":0.23040281236172,
    "elHMD":0,
    "elHUD":-0.41666270254296
  }
}'.
2026-01-08 14:49:49 EDIT    Line: '1' Which had the content: '{
  "16777728":{
    "unNormAz":-0.22510808551657,
    "beenThreat":1,
    "azHUD":-0.25659300762931,
    "phyRange":0,
    "prevEl":-0.25058019161224,
    "fAz":6.058077221663,
    "obs":[],
    "azHMD":0,
    "prevHdg":1.1699073314667,
    "prevAz":6.014732837677,
    "fEl":-0.058280460848523,
    "prevPitch":0.23040281236172,
    "elHMD":0,
    "elHUD":-0.26111271882203
  },
  "16783104":{
    "unNormAz":1.75360576875,
    "beenThreat":0,
    "azHUD":1.7244885331195,
    "phyRange":0,
    "prevEl":-0.010937517508864,
    "fAz":1.75360576875,
    "obs":[],
    "azHMD":0,
    "prevHdg":1.1699073314667,
    "prevAz":1.7303321361542,
    "fEl":0.076965765278186,
    "prevPitch":0.23040281236172,
    "elHMD":0,
    "elHUD":-0.35553722651095
  },
  "16782848":{
    "unNormAz":1.0161691337055,
    "beenThreat":0,
    "azHUD":0.97502698024287,
    "phyRange":0,
    "prevEl":-0.30034154653549,
    "fAz":1.0161691337055,
    "obs":[],
    "azHMD":0,
    "prevHdg":1.1699073314667,
    "prevAz":1.025461435318,
    "fEl":-0.069816681317522,
    "prevPitch":0.23040281236172,
    "elHMD":0,
    "elHUD":-0.41607860157077
  }
}', and now has the content: '{
  "16777728":{
    "unNormAz":-0.22510808551657,
    "beenThreat":1,
    "azHUD":-0.25659300762931,
    "phyRange":0,
    "prevEl":-0.25058019161224,
    "fAz":6.058077221663,
    "obs":[],
    "azHMD":0,
    "prevHdg":1.1699073314667,
    "prevAz":6.014732837677,
    "fEl":-0.058280460848523,
    "prevPitch":0.23040281236172,
    "elHMD":0,
    "elHUD":-0.26111271882203
  },
  "16783104":{
    "unNormAz":1.75360576875,
    "beenThreat":0,
    "azHUD":1.7244885331195,
    "phyRange":0,
    "prevEl":-0.010937517508864,
    "fAz":1.75360576875,
    "obs":[],
    "azHMD":0,
    "prevHdg":1.1699073314667,
    "prevAz":1.7303321361542,
    "fEl":0.076965765278186,
    "prevPitch":0.23040281236172,
    "elHMD":0,
    "elHUD":-0.35553722651095
  },
  "16782848":{
    "unNormAz":1.0161691337055,
    "beenThreat":0,
    "azHUD":0.97502698024287,
    "phyRange":0,
    "prevEl":-0.30034154653549,
    "fAz":1.0161691337055,
    "obs":[],
    "azHMD":0,
    "prevHdg":1.1699073314667,
    "prevAz":1.025461435318,
    "fEl":-0.069816681317522,
    "prevPitch":0.23040281236172,
    "elHMD":0,
    "elHUD":-0.41607860157077
  }
}'.
2026-01-08 14:49:49 EDIT    Line: '1' Which had the content: '{
  "16777728":{
    "unNormAz":-0.22510808551657,
    "beenThreat":1,
    "azHUD":-0.25633873425421,
    "phyRange":0,
    "prevEl":-0.25058019161224,
    "fAz":6.058077221663,
    "obs":[],
    "azHMD":0,
    "prevHdg":1.1699073314667,
    "prevAz":6.014732837677,
    "fEl":-0.058280460848523,
    "prevPitch":0.23040281236172,
    "elHMD":0,
    "elHUD":-0.26123748850031
  },
  "16783104":{
    "unNormAz":1.75360576875,
    "beenThreat":0,
    "azHUD":1.724780445651,
    "phyRange":0,
    "prevEl":-0.010937517508864,
    "fAz":1.75360576875,
    "obs":[],
    "azHMD":0,
    "prevHdg":1.1699073314667,
    "prevAz":1.7303321361542,
    "fEl":0.076965765278186,
    "prevPitch":0.23040281236172,
    "elHMD":0,
    "elHUD":-0.35486896696674
  },
  "16782848":{
    "unNormAz":1.0161691337055,
    "beenThreat":0,
    "azHUD":0.97534318737141,
    "phyRange":0,
    "prevEl":-0.30034154653549,
    "fAz":1.0161691337055,
    "obs":[],
    "azHMD":0,
    "prevHdg":1.1699073314667,
    "prevAz":1.025461435318,
    "fEl":-0.069816681317522,
    "prevPitch":0.23040281236172,
    "elHMD":0,
    "elHUD":-0.41571034463689
  }
}', and now has the content: '{
  "16777728":{
    "unNormAz":-0.22510808551657,
    "beenThreat":1,
    "azHUD":-0.25633873425421,
    "phyRange":0,
    "prevEl":-0.25058019161224,
    "fAz":6.058077221663,
    "obs":[],
    "azHMD":0,
    "prevHdg":1.1699073314667,
    "prevAz":6.014732837677,
    "fEl":-0.058280460848523,
    "prevPitch":0.23040281236172,
    "elHMD":0,
    "elHUD":-0.26123748850031
  },
  "16783104":{
    "unNormAz":1.75360576875,
    "beenThreat":0,
    "azHUD":1.724780445651,
    "phyRange":0,
    "prevEl":-0.010937517508864,
    "fAz":1.75360576875,
    "obs":[],
    "azHMD":0,
    "prevHdg":1.1699073314667,
    "prevAz":1.7303321361542,
    "fEl":0.076965765278186,
    "prevPitch":0.23040281236172,
    "elHMD":0,
    "elHUD":-0.35486896696674
  },
  "16782848":{
    "unNormAz":1.0161691337055,
    "beenThreat":0,
    "azHUD":0.97534318737141,
    "phyRange":0,
    "prevEl":-0.30034154653549,
    "fAz":1.0161691337055,
    "obs":[],
    "azHMD":0,
    "prevHdg":1.1699073314667,
    "prevAz":1.025461435318,
    "fEl":-0.069816681317522,
    "prevPitch":0.23040281236172,
    "elHMD":0,
    "elHUD":-0.41571034463689
  }
}'.
2026-01-08 14:49:49 EDIT    Line: '1' Which had the content: '{
  "16777728":{
    "unNormAz":-0.22510808551657,
    "beenThreat":1,
    "azHUD":-0.25613007079083,
    "phyRange":0,
    "prevEl":-0.25058019161224,
    "fAz":6.058077221663,
    "obs":[],
    "azHMD":0,
    "prevHdg":1.1699073314667,
    "prevAz":6.014732837677,
    "fEl":-0.058280460848523,
    "prevPitch":0.23040281236172,
    "elHMD":0,
    "elHUD":-0.26128791665072
  },
  "16783104":{
    "unNormAz":1.75360576875,
    "beenThreat":0,
    "azHUD":1.7250013519102,
    "phyRange":0,
    "prevEl":-0.010937517508864,
    "fAz":1.75360576875,
    "obs":[],
    "azHMD":0,
    "prevHdg":1.1699073314667,
    "prevAz":1.7303321361542,
    "fEl":0.076965765278186,
    "prevPitch":0.23040281236172,
    "elHMD":0,
    "elHUD":-0.35465999349701
  },
  "16782848":{
    "unNormAz":1.0161691337055,
    "beenThreat":0,
    "azHUD":0.97557206641218,
    "phyRange":0,
    "prevEl":-0.30034154653549,
    "fAz":1.0161691337055,
    "obs":[],
    "azHMD":0,
    "prevHdg":1.1699073314667,
    "prevAz":1.025461435318,
    "fEl":-0.069816681317522,
    "prevPitch":0.23040281236172,
    "elHMD":0,
    "elHUD":-0.41559949933946
  }
}', and now has the content: '{
  "16777728":{
    "unNormAz":-0.22510808551657,
    "beenThreat":1,
    "azHUD":-0.25613007079083,
    "phyRange":0,
    "prevEl":-0.25058019161224,
    "fAz":6.058077221663,
    "obs":[],
    "azHMD":0,
    "prevHdg":1.1699073314667,
    "prevAz":6.014732837677,
    "fEl":-0.058280460848523,
    "prevPitch":0.23040281236172,
    "elHMD":0,
    "elHUD":-0.26128791665072
  },
  "16783104":{
    "unNormAz":1.75360576875,
    "beenThreat":0,
    "azHUD":1.7250013519102,
    "phyRange":0,
    "prevEl":-0.010937517508864,
    "fAz":1.75360576875,
    "obs":[],
    "azHMD":0,
    "prevHdg":1.1699073314667,
    "prevAz":1.7303321361542,
    "fEl":0.076965765278186,
    "prevPitch":0.23040281236172,
    "elHMD":0,
    "elHUD":-0.35465999349701
  },
  "16782848":{
    "unNormAz":1.0161691337055,
    "beenThreat":0,
    "azHUD":0.97557206641218,
    "phyRange":0,
    "prevEl":-0.30034154653549,
    "fAz":1.0161691337055,
    "obs":[],
    "azHMD":0,
    "prevHdg":1.1699073314667,
    "prevAz":1.025461435318,
    "fEl":-0.069816681317522,
    "prevPitch":0.23040281236172,
    "elHMD":0,
    "elHUD":-0.41559949933946
  }
}'.
2026-01-08 14:49:50 EDIT    Line: '1' Which had the content: '{
  "16777728":{
    "unNormAz":-0.22510808551657,
    "beenThreat":1,
    "azHUD":-0.25613007079083,
    "phyRange":0,
    "prevEl":-0.25058019161224,
    "fAz":6.058077221663,
    "obs":[],
    "azHMD":0,
    "prevHdg":1.1699073314667,
    "prevAz":6.014732837677,
    "fEl":-0.058280460848523,
    "prevPitch":0.23040281236172,
    "elHMD":0,
    "elHUD":-0.26128791665072
  },
  "16783104":{
    "unNormAz":1.75360576875,
    "beenThreat":0,
    "azHUD":1.7250013519102,
    "phyRange":0,
    "prevEl":-0.010937517508864,
    "fAz":1.75360576875,
    "obs":[],
    "azHMD":0,
    "prevHdg":1.1699073314667,
    "prevAz":1.7303321361542,
    "fEl":0.076965765278186,
    "prevPitch":0.23040281236172,
    "elHMD":0,
    "elHUD":-0.35465999349701
  },
  "16782848":{
    "unNormAz":1.0161691337055,
    "beenThreat":0,
    "azHUD":0.97557206641218,
    "phyRange":0,
    "prevEl":-0.30034154653549,
    "fAz":1.0161691337055,
    "obs":[],
    "azHMD":0,
    "prevHdg":1.1699073314667,
    "prevAz":1.025461435318,
    "fEl":-0.069816681317522,
    "prevPitch":0.23040281236172,
    "elHMD":0,
    "elHUD":-0.41559949933946
  }
}', and now has the content: '{
  "16777728":{
    "unNormAz":-0.22510808551657,
    "beenThreat":1,
    "azHUD":-0.25613007079083,
    "phyRange":0,
    "prevEl":-0.25058019161224,
    "fAz":6.058077221663,
    "obs":[],
    "azHMD":0,
    "prevHdg":1.1699073314667,
    "prevAz":6.014732837677,
    "fEl":-0.058280460848523,
    "prevPitch":0.23040281236172,
    "elHMD":0,
    "elHUD":-0.26128791665072
  },
  "16783104":{
    "unNormAz":1.75360576875,
    "beenThreat":0,
    "azHUD":1.7250013519102,
    "phyRange":0,
    "prevEl":-0.010937517508864,
    "fAz":1.75360576875,
    "obs":[],
    "azHMD":0,
    "prevHdg":1.1699073314667,
    "prevAz":1.7303321361542,
    "fEl":0.076965765278186,
    "prevPitch":0.23040281236172,
    "elHMD":0,
    "elHUD":-0.35465999349701
  },
  "16782848":{
    "unNormAz":1.0161691337055,
    "beenThreat":0,
    "azHUD":0.97557206641218,
    "phyRange":0,
    "prevEl":-0.30034154653549,
    "fAz":1.0161691337055,
    "obs":[],
    "azHMD":0,
    "prevHdg":1.1699073314667,
    "prevAz":1.025461435318,
    "fEl":-0.069816681317522,
    "prevPitch":0.23040281236172,
    "elHMD":0,
    "elHUD":-0.41559949933946
  }
}'.
2026-01-08 14:49:50 EDIT    Line: '1' Which had the content: '{
  "16777728":{
    "unNormAz":-0.22510808551657,
    "beenThreat":1,
    "azHUD":-0.2559571095284,
    "phyRange":0,
    "prevEl":-0.25058019161224,
    "fAz":6.058077221663,
    "obs":[],
    "azHMD":0,
    "prevHdg":1.1699073314667,
    "prevAz":6.014732837677,
    "fEl":-0.058280460848523,
    "prevPitch":0.23040281236172,
    "elHMD":0,
    "elHUD":-0.2612704991731
  },
  "16783104":{
    "unNormAz":1.75360576875,
    "beenThreat":0,
    "azHUD":1.7251634946649,
    "phyRange":0,
    "prevEl":-0.010937517508864,
    "fAz":1.75360576875,
    "obs":[],
    "azHMD":0,
    "prevHdg":1.1699073314667,
    "prevAz":1.7303321361542,
    "fEl":0.076965765278186,
    "prevPitch":0.23040281236172,
    "elHMD":0,
    "elHUD":-0.35487183671195
  },
  "16782848":{
    "unNormAz":1.0161691337055,
    "beenThreat":0,
    "azHUD":0.97572716211793,
    "phyRange":0,
    "prevEl":-0.30034154653549,
    "fAz":1.0161691337055,
    "obs":[],
    "azHMD":0,
    "prevHdg":1.1699073314667,
    "prevAz":1.025461435318,
    "fEl":-0.069816681317522,
    "prevPitch":0.23040281236172,
    "elHMD":0,
    "elHUD":-0.41572461637764
  }
}', and now has the content: '{
  "16777728":{
    "unNormAz":-0.22510808551657,
    "beenThreat":1,
    "azHUD":-0.2559571095284,
    "phyRange":0,
    "prevEl":-0.25058019161224,
    "fAz":6.058077221663,
    "obs":[],
    "azHMD":0,
    "prevHdg":1.1699073314667,
    "prevAz":6.014732837677,
    "fEl":-0.058280460848523,
    "prevPitch":0.23040281236172,
    "elHMD":0,
    "elHUD":-0.2612704991731
  },
  "16783104":{
    "unNormAz":1.75360576875,
    "beenThreat":0,
    "azHUD":1.7251634946649,
    "phyRange":0,
    "prevEl":-0.010937517508864,
    "fAz":1.75360576875,
    "obs":[],
    "azHMD":0,
    "prevHdg":1.1699073314667,
    "prevAz":1.7303321361542,
    "fEl":0.076965765278186,
    "prevPitch":0.23040281236172,
    "elHMD":0,
    "elHUD":-0.35487183671195
  },
  "16782848":{
    "unNormAz":1.0161691337055,
    "beenThreat":0,
    "azHUD":0.97572716211793,
    "phyRange":0,
    "prevEl":-0.30034154653549,
    "fAz":1.0161691337055,
    "obs":[],
    "azHMD":0,
    "prevHdg":1.1699073314667,
    "prevAz":1.025461435318,
    "fEl":-0.069816681317522,
    "prevPitch":0.23040281236172,
    "elHMD":0,
    "elHUD":-0.41572461637764
  }
}'.
2026-01-08 14:49:50 EDIT    Line: '1' Which had the content: '{
  "16777728":{
    "unNormAz":-0.22510808551657,
    "beenThreat":1,
    "azHUD":-0.25582614697866,
    "phyRange":0,
    "prevEl":-0.25058019161224,
    "fAz":6.058077221663,
    "obs":[],
    "azHMD":0,
    "prevHdg":1.1699073314667,
    "prevAz":6.014732837677,
    "fEl":-0.058280460848523,
    "prevPitch":0.23040281236172,
    "elHMD":0,
    "elHUD":-0.26117481411093
  },
  "16783104":{
    "unNormAz":1.75360576875,
    "beenThreat":0,
    "azHUD":1.7252564833867,
    "phyRange":0,
    "prevEl":-0.010937517508864,
    "fAz":1.75360576875,
    "obs":[],
    "azHMD":0,
    "prevHdg":1.1699073314667,
    "prevAz":1.7303321361542,
    "fEl":0.076965765278186,
    "prevPitch":0.23040281236172,
    "elHMD":0,
    "elHUD":-0.35557645823185
  },
  "16782848":{
    "unNormAz":1.0161691337055,
    "beenThreat":0,
    "azHUD":0.9757956292649,
    "phyRange":0,
    "prevEl":-0.30034154653549,
    "fAz":1.0161691337055,
    "obs":[],
    "azHMD":0,
    "prevHdg":1.1699073314667,
    "prevAz":1.025461435318,
    "fEl":-0.069816681317522,
    "prevPitch":0.23040281236172,
    "elHMD":0,
    "elHUD":-0.41612648278546
  }
}', and now has the content: '{
  "16777728":{
    "unNormAz":-0.22510808551657,
    "beenThreat":1,
    "azHUD":-0.25582614697866,
    "phyRange":0,
    "prevEl":-0.25058019161224,
    "fAz":6.058077221663,
    "obs":[],
    "azHMD":0,
    "prevHdg":1.1699073314667,
    "prevAz":6.014732837677,
    "fEl":-0.058280460848523,
    "prevPitch":0.23040281236172,
    "elHMD":0,
    "elHUD":-0.26117481411093
  },
  "16783104":{
    "unNormAz":1.75360576875,
    "beenThreat":0,
    "azHUD":1.7252564833867,
    "phyRange":0,
    "prevEl":-0.010937517508864,
    "fAz":1.75360576875,
    "obs":[],
    "azHMD":0,
    "prevHdg":1.1699073314667,
    "prevAz":1.7303321361542,
    "fEl":0.076965765278186,
    "prevPitch":0.23040281236172,
    "elHMD":0,
    "elHUD":-0.35557645823185
  },
  "16782848":{
    "unNormAz":1.0161691337055,
    "beenThreat":0,
    "azHUD":0.9757956292649,
    "phyRange":0,
    "prevEl":-0.30034154653549,
    "fAz":1.0161691337055,
    "obs":[],
    "azHMD":0,
    "prevHdg":1.1699073314667,
    "prevAz":1.025461435318,
    "fEl":-0.069816681317522,
    "prevPitch":0.23040281236172,
    "elHMD":0,
    "elHUD":-0.41612648278546
  }
}'.
2026-01-08 14:49:50 EDIT    Line: '1' Which had the content: '{
  "16777728":{
    "unNormAz":-0.22510808551657,
    "beenThreat":1,
    "azHUD":-0.25574635201898,
    "phyRange":0,
    "prevEl":-0.25058019161224,
    "fAz":6.058077221663,
    "obs":[],
    "azHMD":0,
    "prevHdg":1.1699073314667,
    "prevAz":6.014732837677,
    "fEl":-0.058280460848523,
    "prevPitch":0.23040281236172,
    "elHMD":0,
    "elHUD":-0.26099069122232
  },
  "16783104":{
    "unNormAz":1.75360576875,
    "beenThreat":0,
    "azHUD":1.7252668129708,
    "phyRange":0,
    "prevEl":-0.010937517508864,
    "fAz":1.75360576875,
    "obs":[],
    "azHMD":0,
    "prevHdg":1.1699073314667,
    "prevAz":1.7303321361542,
    "fEl":0.076965765278186,
    "prevPitch":0.23040281236172,
    "elHMD":0,
    "elHUD":-0.35683900307572
  },
  "16782848":{
    "unNormAz":1.0161691337055,
    "beenThreat":0,
    "azHUD":0.97576194180278,
    "phyRange":0,
    "prevEl":-0.30034154653549,
    "fAz":1.0161691337055,
    "obs":[],
    "azHMD":0,
    "prevHdg":1.1699073314667,
    "prevAz":1.025461435318,
    "fEl":-0.069816681317522,
    "prevPitch":0.23040281236172,
    "elHMD":0,
    "elHUD":-0.41684171492947
  }
}', and now has the content: '{
  "16777728":{
    "unNormAz":-0.22510808551657,
    "beenThreat":1,
    "azHUD":-0.25574635201898,
    "phyRange":0,
    "prevEl":-0.25058019161224,
    "fAz":6.058077221663,
    "obs":[],
    "azHMD":0,
    "prevHdg":1.1699073314667,
    "prevAz":6.014732837677,
    "fEl":-0.058280460848523,
    "prevPitch":0.23040281236172,
    "elHMD":0,
    "elHUD":-0.26099069122232
  },
  "16783104":{
    "unNormAz":1.75360576875,
    "beenThreat":0,
    "azHUD":1.7252668129708,
    "phyRange":0,
    "prevEl":-0.010937517508864,
    "fAz":1.75360576875,
    "obs":[],
    "azHMD":0,
    "prevHdg":1.1699073314667,
    "prevAz":1.7303321361542,
    "fEl":0.076965765278186,
    "prevPitch":0.23040281236172,
    "elHMD":0,
    "elHUD":-0.35683900307572
  },
  "16782848":{
    "unNormAz":1.0161691337055,
    "beenThreat":0,
    "azHUD":0.97576194180278,
    "phyRange":0,
    "prevEl":-0.30034154653549,
    "fAz":1.0161691337055,
    "obs":[],
    "azHMD":0,
    "prevHdg":1.1699073314667,
    "prevAz":1.025461435318,
    "fEl":-0.069816681317522,
    "prevPitch":0.23040281236172,
    "elHMD":0,
    "elHUD":-0.41684171492947
  }
}'.
2026-01-08 14:49:50 EDIT    Line: '1' Which had the content: '{
  "16777728":{
    "unNormAz":-0.22510808551657,
    "beenThreat":1,
    "azHUD":-0.25571444098106,
    "phyRange":0,
    "prevEl":-0.25058019161224,
    "fAz":6.058077221663,
    "obs":[],
    "azHMD":0,
    "prevHdg":1.1699073314667,
    "prevAz":6.014732837677,
    "fEl":-0.058280460848523,
    "prevPitch":0.23040281236172,
    "elHMD":0,
    "elHUD":-0.26071766255731
  },
  "16783104":{
    "unNormAz":1.75360576875,
    "beenThreat":0,
    "azHUD":1.7251959934878,
    "phyRange":0,
    "prevEl":-0.010937517508864,
    "fAz":1.75360576875,
    "obs":[],
    "azHMD":0,
    "prevHdg":1.1699073314667,
    "prevAz":1.7303321361542,
    "fEl":0.076965765278186,
    "prevPitch":0.23040281236172,
    "elHMD":0,
    "elHUD":-0.35866616617269
  },
  "16782848":{
    "unNormAz":1.0161691337055,
    "beenThreat":0,
    "azHUD":0.97562792940863,
    "phyRange":0,
    "prevEl":-0.30034154653549,
    "fAz":1.0161691337055,
    "obs":[],
    "azHMD":0,
    "prevHdg":1.1699073314667,
    "prevAz":1.025461435318,
    "fEl":-0.069816681317522,
    "prevPitch":0.23040281236172,
    "elHMD":0,
    "elHUD":-0.41787422852092
  }
}', and now has the content: '{
  "16777728":{
    "unNormAz":-0.22510808551657,
    "beenThreat":1,
    "azHUD":-0.25571444098106,
    "phyRange":0,
    "prevEl":-0.25058019161224,
    "fAz":6.058077221663,
    "obs":[],
    "azHMD":0,
    "prevHdg":1.1699073314667,
    "prevAz":6.014732837677,
    "fEl":-0.058280460848523,
    "prevPitch":0.23040281236172,
    "elHMD":0,
    "elHUD":-0.26071766255731
  },
  "16783104":{
    "unNormAz":1.75360576875,
    "beenThreat":0,
    "azHUD":1.7251959934878,
    "phyRange":0,
    "prevEl":-0.010937517508864,
    "fAz":1.75360576875,
    "obs":[],
    "azHMD":0,
    "prevHdg":1.1699073314667,
    "prevAz":1.7303321361542,
    "fEl":0.076965765278186,
    "prevPitch":0.23040281236172,
    "elHMD":0,
    "elHUD":-0.35866616617269
  },
  "16782848":{
    "unNormAz":1.0161691337055,
    "beenThreat":0,
    "azHUD":0.97562792940863,
    "phyRange":0,
    "prevEl":-0.30034154653549,
    "fAz":1.0161691337055,
    "obs":[],
    "azHMD":0,
    "prevHdg":1.1699073314667,
    "prevAz":1.025461435318,
    "fEl":-0.069816681317522,
    "prevPitch":0.23040281236172,
    "elHMD":0,
    "elHUD":-0.41787422852092
  }
}'.
2026-01-08 14:49:50 EDIT    Line: '1' Which had the content: '{
  "16777728":{
    "unNormAz":-0.22510808551657,
    "beenThreat":1,
    "azHUD":-0.25573858719024,
    "phyRange":0,
    "prevEl":-0.25058019161224,
    "fAz":6.058077221663,
    "obs":[],
    "azHMD":0,
    "prevHdg":1.1699073314667,
    "prevAz":6.014732837677,
    "fEl":-0.058280460848523,
    "prevPitch":0.23040281236172,
    "elHMD":0,
    "elHUD":-0.26034670147304
  },
  "16783104":{
    "unNormAz":1.75360576875,
    "beenThreat":0,
    "azHUD":1.7250302979533,
    "phyRange":0,
    "prevEl":-0.010937517508864,
    "fAz":1.75360576875,
    "obs":[],
    "azHMD":0,
    "prevHdg":1.1699073314667,
    "prevAz":1.7303321361542,
    "fEl":0.076965765278186,
    "prevPitch":0.23040281236172,
    "elHMD":0,
    "elHUD":-0.36111714552962
  },
  "16782848":{
    "unNormAz":1.0161691337055,
    "beenThreat":0,
    "azHUD":0.9753786456652,
    "phyRange":0,
    "prevEl":-0.30034154653549,
    "fAz":1.0161691337055,
    "obs":[],
    "azHMD":0,
    "prevHdg":1.1699073314667,
    "prevAz":1.025461435318,
    "fEl":-0.069816681317522,
    "prevPitch":0.23040281236172,
    "elHMD":0,
    "elHUD":-0.4192572999513
  }
}', and now has the content: '{
  "16777728":{
    "unNormAz":-0.22510808551657,
    "beenThreat":1,
    "azHUD":-0.25573858719024,
    "phyRange":0,
    "prevEl":-0.25058019161224,
    "fAz":6.058077221663,
    "obs":[],
    "azHMD":0,
    "prevHdg":1.1699073314667,
    "prevAz":6.014732837677,
    "fEl":-0.058280460848523,
    "prevPitch":0.23040281236172,
    "elHMD":0,
    "elHUD":-0.26034670147304
  },
  "16783104":{
    "unNormAz":1.75360576875,
    "beenThreat":0,
    "azHUD":1.7250302979533,
    "phyRange":0,
    "prevEl":-0.010937517508864,
    "fAz":1.75360576875,
    "obs":[],
    "azHMD":0,
    "prevHdg":1.1699073314667,
    "prevAz":1.7303321361542,
    "fEl":0.076965765278186,
    "prevPitch":0.23040281236172,
    "elHMD":0,
    "elHUD":-0.36111714552962
  },
  "16782848":{
    "unNormAz":1.0161691337055,
    "beenThreat":0,
    "azHUD":0.9753786456652,
    "phyRange":0,
    "prevEl":-0.30034154653549,
    "fAz":1.0161691337055,
    "obs":[],
    "azHMD":0,
    "prevHdg":1.1699073314667,
    "prevAz":1.025461435318,
    "fEl":-0.069816681317522,
    "prevPitch":0.23040281236172,
    "elHMD":0,
    "elHUD":-0.4192572999513
  }
}'.
2026-01-08 14:49:50 EDIT    Line: '1' Which had the content: '{
  "16777728":{
    "unNormAz":-0.22510808551657,
    "beenThreat":1,
    "azHUD":-0.25573858719024,
    "phyRange":0,
    "prevEl":-0.25058019161224,
    "fAz":6.058077221663,
    "obs":[],
    "azHMD":0,
    "prevHdg":1.1699073314667,
    "prevAz":6.014732837677,
    "fEl":-0.058280460848523,
    "prevPitch":0.23040281236172,
    "elHMD":0,
    "elHUD":-0.26034670147304
  },
  "16783104":{
    "unNormAz":1.75360576875,
    "beenThreat":0,
    "azHUD":1.7250302979533,
    "phyRange":0,
    "prevEl":-0.010937517508864,
    "fAz":1.75360576875,
    "obs":[],
    "azHMD":0,
    "prevHdg":1.1699073314667,
    "prevAz":1.7303321361542,
    "fEl":0.076965765278186,
    "prevPitch":0.23040281236172,
    "elHMD":0,
    "elHUD":-0.36111714552962
  },
  "16782848":{
    "unNormAz":1.0161691337055,
    "beenThreat":0,
    "azHUD":0.9753786456652,
    "phyRange":0,
    "prevEl":-0.30034154653549,
    "fAz":1.0161691337055,
    "obs":[],
    "azHMD":0,
    "prevHdg":1.1699073314667,
    "prevAz":1.025461435318,
    "fEl":-0.069816681317522,
    "prevPitch":0.23040281236172,
    "elHMD":0,
    "elHUD":-0.4192572999513
  }
}', and now has the content: '{
  "16777728":{
    "unNormAz":-0.22510808551657,
    "beenThreat":1,
    "azHUD":-0.25573858719024,
    "phyRange":0,
    "prevEl":-0.25058019161224,
    "fAz":6.058077221663,
    "obs":[],
    "azHMD":0,
    "prevHdg":1.1699073314667,
    "prevAz":6.014732837677,
    "fEl":-0.058280460848523,
    "prevPitch":0.23040281236172,
    "elHMD":0,
    "elHUD":-0.26034670147304
  },
  "16783104":{
    "unNormAz":1.75360576875,
    "beenThreat":0,
    "azHUD":1.7250302979533,
    "phyRange":0,
    "prevEl":-0.010937517508864,
    "fAz":1.75360576875,
    "obs":[],
    "azHMD":0,
    "prevHdg":1.1699073314667,
    "prevAz":1.7303321361542,
    "fEl":0.076965765278186,
    "prevPitch":0.23040281236172,
    "elHMD":0,
    "elHUD":-0.36111714552962
  },
  "16782848":{
    "unNormAz":1.0161691337055,
    "beenThreat":0,
    "azHUD":0.9753786456652,
    "phyRange":0,
    "prevEl":-0.30034154653549,
    "fAz":1.0161691337055,
    "obs":[],
    "azHMD":0,
    "prevHdg":1.1699073314667,
    "prevAz":1.025461435318,
    "fEl":-0.069816681317522,
    "prevPitch":0.23040281236172,
    "elHMD":0,
    "elHUD":-0.4192572999513
  }
}'.
2026-01-08 14:49:50 EDIT    Line: '1' Which had the content: '{
  "16777728":{
    "unNormAz":-0.22510808551657,
    "beenThreat":1,
    "azHUD":-0.25581786417307,
    "phyRange":0,
    "prevEl":-0.25058019161224,
    "fAz":6.058077221663,
    "obs":[],
    "azHMD":0,
    "prevHdg":1.1699073314667,
    "prevAz":6.014732837677,
    "fEl":-0.058280460848523,
    "prevPitch":0.23040281236172,
    "elHMD":0,
    "elHUD":-0.25987789605454
  },
  "16783104":{
    "unNormAz":1.75360576875,
    "beenThreat":0,
    "azHUD":1.7247675298741,
    "phyRange":0,
    "prevEl":-0.010937517508864,
    "fAz":1.75360576875,
    "obs":[],
    "azHMD":0,
    "prevHdg":1.1699073314667,
    "prevAz":1.7303321361542,
    "fEl":0.076965765278186,
    "prevPitch":0.23040281236172,
    "elHMD":0,
    "elHUD":-0.36419259125675
  },
  "16782848":{
    "unNormAz":1.0161691337055,
    "beenThreat":0,
    "azHUD":0.97501304106265,
    "phyRange":0,
    "prevEl":-0.30034154653549,
    "fAz":1.0161691337055,
    "obs":[],
    "azHMD":0,
    "prevHdg":1.1699073314667,
    "prevAz":1.025461435318,
    "fEl":-0.069816681317522,
    "prevPitch":0.23040281236172,
    "elHMD":0,
    "elHUD":-0.42099121660559
  }
}', and now has the content: '{
  "16777728":{
    "unNormAz":-0.22510808551657,
    "beenThreat":1,
    "azHUD":-0.25581786417307,
    "phyRange":0,
    "prevEl":-0.25058019161224,
    "fAz":6.058077221663,
    "obs":[],
    "azHMD":0,
    "prevHdg":1.1699073314667,
    "prevAz":6.014732837677,
    "fEl":-0.058280460848523,
    "prevPitch":0.23040281236172,
    "elHMD":0,
    "elHUD":-0.25987789605454
  },
  "16783104":{
    "unNormAz":1.75360576875,
    "beenThreat":0,
    "azHUD":1.7247675298741,
    "phyRange":0,
    "prevEl":-0.010937517508864,
    "fAz":1.75360576875,
    "obs":[],
    "azHMD":0,
    "prevHdg":1.1699073314667,
    "prevAz":1.7303321361542,
    "fEl":0.076965765278186,
    "prevPitch":0.23040281236172,
    "elHMD":0,
    "elHUD":-0.36419259125675
  },
  "16782848":{
    "unNormAz":1.0161691337055,
    "beenThreat":0,
    "azHUD":0.97501304106265,
    "phyRange":0,
    "prevEl":-0.30034154653549,
    "fAz":1.0161691337055,
    "obs":[],
    "azHMD":0,
    "prevHdg":1.1699073314667,
    "prevAz":1.025461435318,
    "fEl":-0.069816681317522,
    "prevPitch":0.23040281236172,
    "elHMD":0,
    "elHUD":-0.42099121660559
  }
}'.
2026-01-08 14:49:50 EDIT    Line: '1' Which had the content: '{
  "16777728":{
    "unNormAz":-0.22510808551657,
    "beenThreat":1,
    "azHUD":-0.25595440391459,
    "phyRange":0,
    "prevEl":-0.25058019161224,
    "fAz":6.058077221663,
    "obs":[],
    "azHMD":0,
    "prevHdg":1.1699073314667,
    "prevAz":6.014732837677,
    "fEl":-0.058280460848523,
    "prevPitch":0.23040281236172,
    "elHMD":0,
    "elHUD":-0.25931078437466
  },
  "16783104":{
    "unNormAz":1.75360576875,
    "beenThreat":0,
    "azHUD":1.7244016419011,
    "phyRange":0,
    "prevEl":-0.010937517508864,
    "fAz":1.75360576875,
    "obs":[],
    "azHMD":0,
    "prevHdg":1.1699073314667,
    "prevAz":1.7303321361542,
    "fEl":0.076965765278186,
    "prevPitch":0.23040281236172,
    "elHMD":0,
    "elHUD":-0.36789250728178
  },
  "16782848":{
    "unNormAz":1.0161691337055,
    "beenThreat":0,
    "azHUD":0.97452651783786,
    "phyRange":0,
    "prevEl":-0.30034154653549,
    "fAz":1.0161691337055,
    "obs":[],
    "azHMD":0,
    "prevHdg":1.1699073314667,
    "prevAz":1.025461435318,
    "fEl":-0.069816681317522,
    "prevPitch":0.23040281236172,
    "elHMD":0,
    "elHUD":-0.42307561742991
  }
}', and now has the content: '{
  "16777728":{
    "unNormAz":-0.22510808551657,
    "beenThreat":1,
    "azHUD":-0.25595440391459,
    "phyRange":0,
    "prevEl":-0.25058019161224,
    "fAz":6.058077221663,
    "obs":[],
    "azHMD":0,
    "prevHdg":1.1699073314667,
    "prevAz":6.014732837677,
    "fEl":-0.058280460848523,
    "prevPitch":0.23040281236172,
    "elHMD":0,
    "elHUD":-0.25931078437466
  },
  "16783104":{
    "unNormAz":1.75360576875,
    "beenThreat":0,
    "azHUD":1.7244016419011,
    "phyRange":0,
    "prevEl":-0.010937517508864,
    "fAz":1.75360576875,
    "obs":[],
    "azHMD":0,
    "prevHdg":1.1699073314667,
    "prevAz":1.7303321361542,
    "fEl":0.076965765278186,
    "prevPitch":0.23040281236172,
    "elHMD":0,
    "elHUD":-0.36789250728178
  },
  "16782848":{
    "unNormAz":1.0161691337055,
    "beenThreat":0,
    "azHUD":0.97452651783786,
    "phyRange":0,
    "prevEl":-0.30034154653549,
    "fAz":1.0161691337055,
    "obs":[],
    "azHMD":0,
    "prevHdg":1.1699073314667,
    "prevAz":1.025461435318,
    "fEl":-0.069816681317522,
    "prevPitch":0.23040281236172,
    "elHMD":0,
    "elHUD":-0.42307561742991
  }
}'.
2026-01-08 14:49:50 EDIT    Line: '1' Which had the content: '{
  "16777728":{
    "unNormAz":-0.22510808551657,
    "beenThreat":1,
    "azHUD":-0.25614045952402,
    "phyRange":0,
    "prevEl":-0.25058019161224,
    "fAz":6.058077221663,
    "obs":[],
    "azHMD":0,
    "prevHdg":1.1699073314667,
    "prevAz":6.014732837677,
    "fEl":-0.058280460848523,
    "prevPitch":0.23040281236172,
    "elHMD":0,
    "elHUD":-0.25865357925742
  },
  "16783104":{
    "unNormAz":1.75360576875,
    "beenThreat":0,
    "azHUD":1.7239392041695,
    "phyRange":0,
    "prevEl":-0.010937517508864,
    "fAz":1.75360576875,
    "obs":[],
    "azHMD":0,
    "prevHdg":1.1699073314667,
    "prevAz":1.7303321361542,
    "fEl":0.076965765278186,
    "prevPitch":0.23040281236172,
    "elHMD":0,
    "elHUD":-0.37216386150307
  },
  "16782848":{
    "unNormAz":1.0161691337055,
    "beenThreat":0,
    "azHUD":0.97392905780086,
    "phyRange":0,
    "prevEl":-0.30034154653549,
    "fAz":1.0161691337055,
    "obs":[],
    "azHMD":0,
    "prevHdg":1.1699073314667,
    "prevAz":1.025461435318,
    "fEl":-0.069816681317522,
    "prevPitch":0.23040281236172,
    "elHMD":0,
    "elHUD":-0.42548044127461
  }
}', and now has the content: '{
  "16777728":{
    "unNormAz":-0.22510808551657,
    "beenThreat":1,
    "azHUD":-0.25614045952402,
    "phyRange":0,
    "prevEl":-0.25058019161224,
    "fAz":6.058077221663,
    "obs":[],
    "azHMD":0,
    "prevHdg":1.1699073314667,
    "prevAz":6.014732837677,
    "fEl":-0.058280460848523,
    "prevPitch":0.23040281236172,
    "elHMD":0,
    "elHUD":-0.25865357925742
  },
  "16783104":{
    "unNormAz":1.75360576875,
    "beenThreat":0,
    "azHUD":1.7239392041695,
    "phyRange":0,
    "prevEl":-0.010937517508864,
    "fAz":1.75360576875,
    "obs":[],
    "azHMD":0,
    "prevHdg":1.1699073314667,
    "prevAz":1.7303321361542,
    "fEl":0.076965765278186,
    "prevPitch":0.23040281236172,
    "elHMD":0,
    "elHUD":-0.37216386150307
  },
  "16782848":{
    "unNormAz":1.0161691337055,
    "beenThreat":0,
    "azHUD":0.97392905780086,
    "phyRange":0,
    "prevEl":-0.30034154653549,
    "fAz":1.0161691337055,
    "obs":[],
    "azHMD":0,
    "prevHdg":1.1699073314667,
    "prevAz":1.025461435318,
    "fEl":-0.069816681317522,
    "prevPitch":0.23040281236172,
    "elHMD":0,
    "elHUD":-0.42548044127461
  }
}'.
2026-01-08 14:49:50 EDIT    Line: '1' Which had the content: '{
  "16777728":{
    "unNormAz":-0.22510808551657,
    "beenThreat":1,
    "azHUD":-0.25637279612191,
    "phyRange":0,
    "prevEl":-0.25058019161224,
    "fAz":6.058077221663,
    "obs":[],
    "azHMD":0,
    "prevHdg":1.1699073314667,
    "prevAz":6.014732837677,
    "fEl":-0.058280460848523,
    "prevPitch":0.23040281236172,
    "elHMD":0,
    "elHUD":-0.25790965583958
  },
  "16783104":{
    "unNormAz":1.75360576875,
    "beenThreat":0,
    "azHUD":1.7233800190612,
    "phyRange":0,
    "prevEl":-0.010937517508864,
    "fAz":1.75360576875,
    "obs":[],
    "azHMD":0,
    "prevHdg":1.1699073314667,
    "prevAz":1.7303321361542,
    "fEl":0.076965765278186,
    "prevPitch":0.23040281236172,
    "elHMD":0,
    "elHUD":-0.37698463021609
  },
  "16782848":{
    "unNormAz":1.0161691337055,
    "beenThreat":0,
    "azHUD":0.97322298530924,
    "phyRange":0,
    "prevEl":-0.30034154653549,
    "fAz":1.0161691337055,
    "obs":[],
    "azHMD":0,
    "prevHdg":1.1699073314667,
    "prevAz":1.025461435318,
    "fEl":-0.069816681317522,
    "prevPitch":0.23040281236172,
    "elHMD":0,
    "elHUD":-0.4281930479513
  }
}', and now has the content: '{
  "16777728":{
    "unNormAz":-0.22510808551657,
    "beenThreat":1,
    "azHUD":-0.25637279612191,
    "phyRange":0,
    "prevEl":-0.25058019161224,
    "fAz":6.058077221663,
    "obs":[],
    "azHMD":0,
    "prevHdg":1.1699073314667,
    "prevAz":6.014732837677,
    "fEl":-0.058280460848523,
    "prevPitch":0.23040281236172,
    "elHMD":0,
    "elHUD":-0.25790965583958
  },
  "16783104":{
    "unNormAz":1.75360576875,
    "beenThreat":0,
    "azHUD":1.7233800190612,
    "phyRange":0,
    "prevEl":-0.010937517508864,
    "fAz":1.75360576875,
    "obs":[],
    "azHMD":0,
    "prevHdg":1.1699073314667,
    "prevAz":1.7303321361542,
    "fEl":0.076965765278186,
    "prevPitch":0.23040281236172,
    "elHMD":0,
    "elHUD":-0.37698463021609
  },
  "16782848":{
    "unNormAz":1.0161691337055,
    "beenThreat":0,
    "azHUD":0.97322298530924,
    "phyRange":0,
    "prevEl":-0.30034154653549,
    "fAz":1.0161691337055,
    "obs":[],
    "azHMD":0,
    "prevHdg":1.1699073314667,
    "prevAz":1.025461435318,
    "fEl":-0.069816681317522,
    "prevPitch":0.23040281236172,
    "elHMD":0,
    "elHUD":-0.4281930479513
  }
}'.
2026-01-08 14:49:50 EDIT    Line: '1' Which had the content: '{
  "16777728":{
    "unNormAz":-0.22510808551657,
    "beenThreat":1,
    "azHUD":-0.25664979523206,
    "phyRange":0,
    "prevEl":-0.25058019161224,
    "fAz":6.058077221663,
    "obs":[],
    "azHMD":0,
    "prevHdg":1.1699073314667,
    "prevAz":6.014732837677,
    "fEl":-0.058280460848523,
    "prevPitch":0.23040281236172,
    "elHMD":0,
    "elHUD":-0.25708179705742
  },
  "16783104":{
    "unNormAz":1.75360576875,
    "beenThreat":0,
    "azHUD":1.7227217954901,
    "phyRange":0,
    "prevEl":-0.010937517508864,
    "fAz":1.75360576875,
    "obs":[],
    "azHMD":0,
    "prevHdg":1.1699073314667,
    "prevAz":1.7303321361542,
    "fEl":0.076965765278186,
    "prevPitch":0.23040281236172,
    "elHMD":0,
    "elHUD":-0.38233420058789
  },
  "16782848":{
    "unNormAz":1.0161691337055,
    "beenThreat":0,
    "azHUD":0.97240861351739,
    "phyRange":0,
    "prevEl":-0.30034154653549,
    "fAz":1.0161691337055,
    "obs":[],
    "azHMD":0,
    "prevHdg":1.1699073314667,
    "prevAz":1.025461435318,
    "fEl":-0.069816681317522,
    "prevPitch":0.23040281236172,
    "elHMD":0,
    "elHUD":-0.43120143186242
  }
}', and now has the content: '{
  "16777728":{
    "unNormAz":-0.22510808551657,
    "beenThreat":1,
    "azHUD":-0.25664979523206,
    "phyRange":0,
    "prevEl":-0.25058019161224,
    "fAz":6.058077221663,
    "obs":[],
    "azHMD":0,
    "prevHdg":1.1699073314667,
    "prevAz":6.014732837677,
    "fEl":-0.058280460848523,
    "prevPitch":0.23040281236172,
    "elHMD":0,
    "elHUD":-0.25708179705742
  },
  "16783104":{
    "unNormAz":1.75360576875,
    "beenThreat":0,
    "azHUD":1.7227217954901,
    "phyRange":0,
    "prevEl":-0.010937517508864,
    "fAz":1.75360576875,
    "obs":[],
    "azHMD":0,
    "prevHdg":1.1699073314667,
    "prevAz":1.7303321361542,
    "fEl":0.076965765278186,
    "prevPitch":0.23040281236172,
    "elHMD":0,
    "elHUD":-0.38233420058789
  },
  "16782848":{
    "unNormAz":1.0161691337055,
    "beenThreat":0,
    "azHUD":0.97240861351739,
    "phyRange":0,
    "prevEl":-0.30034154653549,
    "fAz":1.0161691337055,
    "obs":[],
    "azHMD":0,
    "prevHdg":1.1699073314667,
    "prevAz":1.025461435318,
    "fEl":-0.069816681317522,
    "prevPitch":0.23040281236172,
    "elHMD":0,
    "elHUD":-0.43120143186242
  }
}'.
2026-01-08 14:49:50 EDIT    Line: '1' Which had the content: '{
  "16777728":{
    "unNormAz":-0.22510808551657,
    "beenThreat":1,
    "azHUD":-0.25696587917015,
    "phyRange":0,
    "prevEl":-0.25058019161224,
    "fAz":6.058077221663,
    "obs":[],
    "azHMD":0,
    "prevHdg":1.1699073314667,
    "prevAz":6.014732837677,
    "fEl":-0.058280460848523,
    "prevPitch":0.23040281236172,
    "elHMD":0,
    "elHUD":-0.25617686905677
  },
  "16783104":{
    "unNormAz":1.75360576875,
    "beenThreat":0,
    "azHUD":1.7219678236912,
    "phyRange":0,
    "prevEl":-0.010937517508864,
    "fAz":1.75360576875,
    "obs":[],
    "azHMD":0,
    "prevHdg":1.1699073314667,
    "prevAz":1.7303321361542,
    "fEl":0.076965765278186,
    "prevPitch":0.23040281236172,
    "elHMD":0,
    "elHUD":-0.38816724153804
  },
  "16782848":{
    "unNormAz":1.0161691337055,
    "beenThreat":0,
    "azHUD":0.97149262331256,
    "phyRange":0,
    "prevEl":-0.30034154653549,
    "fAz":1.0161691337055,
    "obs":[],
    "azHMD":0,
    "prevHdg":1.1699073314667,
    "prevAz":1.025461435318,
    "fEl":-0.069816681317522,
    "prevPitch":0.23040281236172,
    "elHMD":0,
    "elHUD":-0.43447977711024
  }
}', and now has the content: '{
  "16777728":{
    "unNormAz":-0.22510808551657,
    "beenThreat":1,
    "azHUD":-0.25696587917015,
    "phyRange":0,
    "prevEl":-0.25058019161224,
    "fAz":6.058077221663,
    "obs":[],
    "azHMD":0,
    "prevHdg":1.1699073314667,
    "prevAz":6.014732837677,
    "fEl":-0.058280460848523,
    "prevPitch":0.23040281236172,
    "elHMD":0,
    "elHUD":-0.25617686905677
  },
  "16783104":{
    "unNormAz":1.75360576875,
    "beenThreat":0,
    "azHUD":1.7219678236912,
    "phyRange":0,
    "prevEl":-0.010937517508864,
    "fAz":1.75360576875,
    "obs":[],
    "azHMD":0,
    "prevHdg":1.1699073314667,
    "prevAz":1.7303321361542,
    "fEl":0.076965765278186,
    "prevPitch":0.23040281236172,
    "elHMD":0,
    "elHUD":-0.38816724153804
  },
  "16782848":{
    "unNormAz":1.0161691337055,
    "beenThreat":0,
    "azHUD":0.97149262331256,
    "phyRange":0,
    "prevEl":-0.30034154653549,
    "fAz":1.0161691337055,
    "obs":[],
    "azHMD":0,
    "prevHdg":1.1699073314667,
    "prevAz":1.025461435318,
    "fEl":-0.069816681317522,
    "prevPitch":0.23040281236172,
    "elHMD":0,
    "elHUD":-0.43447977711024
  }
}'.
2026-01-08 14:49:50 EDIT    Line: '1' Which had the content: '{
  "16777728":{
    "unNormAz":-0.22510808551657,
    "beenThreat":1,
    "azHUD":-0.25696587917015,
    "phyRange":0,
    "prevEl":-0.25058019161224,
    "fAz":6.058077221663,
    "obs":[],
    "azHMD":0,
    "prevHdg":1.1699073314667,
    "prevAz":6.014732837677,
    "fEl":-0.058280460848523,
    "prevPitch":0.23040281236172,
    "elHMD":0,
    "elHUD":-0.25617686905677
  },
  "16783104":{
    "unNormAz":1.75360576875,
    "beenThreat":0,
    "azHUD":1.7219678236912,
    "phyRange":0,
    "prevEl":-0.010937517508864,
    "fAz":1.75360576875,
    "obs":[],
    "azHMD":0,
    "prevHdg":1.1699073314667,
    "prevAz":1.7303321361542,
    "fEl":0.076965765278186,
    "prevPitch":0.23040281236172,
    "elHMD":0,
    "elHUD":-0.38816724153804
  },
  "16782848":{
    "unNormAz":1.0161691337055,
    "beenThreat":0,
    "azHUD":0.97149262331256,
    "phyRange":0,
    "prevEl":-0.30034154653549,
    "fAz":1.0161691337055,
    "obs":[],
    "azHMD":0,
    "prevHdg":1.1699073314667,
    "prevAz":1.025461435318,
    "fEl":-0.069816681317522,
    "prevPitch":0.23040281236172,
    "elHMD":0,
    "elHUD":-0.43447977711024
  }
}', and now has the content: '{
  "16777728":{
    "unNormAz":-0.22510808551657,
    "beenThreat":1,
    "azHUD":-0.25696587917015,
    "phyRange":0,
    "prevEl":-0.25058019161224,
    "fAz":6.058077221663,
    "obs":[],
    "azHMD":0,
    "prevHdg":1.1699073314667,
    "prevAz":6.014732837677,
    "fEl":-0.058280460848523,
    "prevPitch":0.23040281236172,
    "elHMD":0,
    "elHUD":-0.25617686905677
  },
  "16783104":{
    "unNormAz":1.75360576875,
    "beenThreat":0,
    "azHUD":1.7219678236912,
    "phyRange":0,
    "prevEl":-0.010937517508864,
    "fAz":1.75360576875,
    "obs":[],
    "azHMD":0,
    "prevHdg":1.1699073314667,
    "prevAz":1.7303321361542,
    "fEl":0.076965765278186,
    "prevPitch":0.23040281236172,
    "elHMD":0,
    "elHUD":-0.38816724153804
  },
  "16782848":{
    "unNormAz":1.0161691337055,
    "beenThreat":0,
    "azHUD":0.97149262331256,
    "phyRange":0,
    "prevEl":-0.30034154653549,
    "fAz":1.0161691337055,
    "obs":[],
    "azHMD":0,
    "prevHdg":1.1699073314667,
    "prevAz":1.025461435318,
    "fEl":-0.069816681317522,
    "prevPitch":0.23040281236172,
    "elHMD":0,
    "elHUD":-0.43447977711024
  }
}'.
2026-01-08 14:49:50 EDIT    Line: '1' Which had the content: '{
  "16777728":{
    "unNormAz":-0.22510808551657,
    "beenThreat":1,
    "azHUD":-0.25731624932675,
    "phyRange":0,
    "prevEl":-0.25058019161224,
    "fAz":6.058077221663,
    "obs":[],
    "azHMD":0,
    "prevHdg":1.1699073314667,
    "prevAz":6.014732837677,
    "fEl":-0.058280460848523,
    "prevPitch":0.23040281236172,
    "elHMD":0,
    "elHUD":-0.2552009144744
  },
  "16783104":{
    "unNormAz":1.75360576875,
    "beenThreat":0,
    "azHUD":1.7211205125167,
    "phyRange":0,
    "prevEl":-0.010937517508864,
    "fAz":1.75360576875,
    "obs":[],
    "azHMD":0,
    "prevHdg":1.1699073314667,
    "prevAz":1.7303321361542,
    "fEl":0.076965765278186,
    "prevPitch":0.23040281236172,
    "elHMD":0,
    "elHUD":-0.39444185002965
  },
  "16782848":{
    "unNormAz":1.0161691337055,
    "beenThreat":0,
    "azHUD":0.97048064654736,
    "phyRange":0,
    "prevEl":-0.30034154653549,
    "fAz":1.0161691337055,
    "obs":[],
    "azHMD":0,
    "prevHdg":1.1699073314667,
    "prevAz":1.025461435318,
    "fEl":-0.069816681317522,
    "prevPitch":0.23040281236172,
    "elHMD":0,
    "elHUD":-0.43800409230308
  }
}', and now has the content: '{
  "16777728":{
    "unNormAz":-0.22510808551657,
    "beenThreat":1,
    "azHUD":-0.25731624932675,
    "phyRange":0,
    "prevEl":-0.25058019161224,
    "fAz":6.058077221663,
    "obs":[],
    "azHMD":0,
    "prevHdg":1.1699073314667,
    "prevAz":6.014732837677,
    "fEl":-0.058280460848523,
    "prevPitch":0.23040281236172,
    "elHMD":0,
    "elHUD":-0.2552009144744
  },
  "16783104":{
    "unNormAz":1.75360576875,
    "beenThreat":0,
    "azHUD":1.7211205125167,
    "phyRange":0,
    "prevEl":-0.010937517508864,
    "fAz":1.75360576875,
    "obs":[],
    "azHMD":0,
    "prevHdg":1.1699073314667,
    "prevAz":1.7303321361542,
    "fEl":0.076965765278186,
    "prevPitch":0.23040281236172,
    "elHMD":0,
    "elHUD":-0.39444185002965
  },
  "16782848":{
    "unNormAz":1.0161691337055,
    "beenThreat":0,
    "azHUD":0.97048064654736,
    "phyRange":0,
    "prevEl":-0.30034154653549,
    "fAz":1.0161691337055,
    "obs":[],
    "azHMD":0,
    "prevHdg":1.1699073314667,
    "prevAz":1.025461435318,
    "fEl":-0.069816681317522,
    "prevPitch":0.23040281236172,
    "elHMD":0,
    "elHUD":-0.43800409230308
  }
}'.
2026-01-08 14:49:50 EDIT    Line: '1' Which had the content: '{
  "16777728":{
    "unNormAz":-0.22510808551657,
    "beenThreat":1,
    "azHUD":-0.25769598494469,
    "phyRange":0,
    "prevEl":-0.25058019161224,
    "fAz":6.058077221663,
    "obs":[],
    "azHMD":0,
    "prevHdg":1.1699073314667,
    "prevAz":6.014732837677,
    "fEl":-0.058280460848523,
    "prevPitch":0.23040281236172,
    "elHMD":0,
    "elHUD":-0.25415980256437
  },
  "16783104":{
    "unNormAz":1.75360576875,
    "beenThreat":0,
    "azHUD":1.7201823654049,
    "phyRange":0,
    "prevEl":-0.010937517508864,
    "fAz":1.75360576875,
    "obs":[],
    "azHMD":0,
    "prevHdg":1.1699073314667,
    "prevAz":1.7303321361542,
    "fEl":0.076965765278186,
    "prevPitch":0.23040281236172,
    "elHMD":0,
    "elHUD":-0.40111996712038
  },
  "16782848":{
    "unNormAz":1.0161691337055,
    "beenThreat":0,
    "azHUD":0.96937822525205,
    "phyRange":0,
    "prevEl":-0.30034154653549,
    "fAz":1.0161691337055,
    "obs":[],
    "azHMD":0,
    "prevHdg":1.1699073314667,
    "prevAz":1.025461435318,
    "fEl":-0.069816681317522,
    "prevPitch":0.23040281236172,
    "elHMD":0,
    "elHUD":-0.44175271824196
  }
}', and now has the content: '{
  "16777728":{
    "unNormAz":-0.22510808551657,
    "beenThreat":1,
    "azHUD":-0.25769598494469,
    "phyRange":0,
    "prevEl":-0.25058019161224,
    "fAz":6.058077221663,
    "obs":[],
    "azHMD":0,
    "prevHdg":1.1699073314667,
    "prevAz":6.014732837677,
    "fEl":-0.058280460848523,
    "prevPitch":0.23040281236172,
    "elHMD":0,
    "elHUD":-0.25415980256437
  },
  "16783104":{
    "unNormAz":1.75360576875,
    "beenThreat":0,
    "azHUD":1.7201823654049,
    "phyRange":0,
    "prevEl":-0.010937517508864,
    "fAz":1.75360576875,
    "obs":[],
    "azHMD":0,
    "prevHdg":1.1699073314667,
    "prevAz":1.7303321361542,
    "fEl":0.076965765278186,
    "prevPitch":0.23040281236172,
    "elHMD":0,
    "elHUD":-0.40111996712038
  },
  "16782848":{
    "unNormAz":1.0161691337055,
    "beenThreat":0,
    "azHUD":0.96937822525205,
    "phyRange":0,
    "prevEl":-0.30034154653549,
    "fAz":1.0161691337055,
    "obs":[],
    "azHMD":0,
    "prevHdg":1.1699073314667,
    "prevAz":1.025461435318,
    "fEl":-0.069816681317522,
    "prevPitch":0.23040281236172,
    "elHMD":0,
    "elHUD":-0.44175271824196
  }
}'.
2026-01-08 14:49:50 EDIT    Line: '1' Which had the content: '{
  "16777728":{
    "unNormAz":-0.22510808551657,
    "beenThreat":1,
    "azHUD":-0.25810097895066,
    "phyRange":0,
    "prevEl":-0.25058019161224,
    "fAz":6.058077221663,
    "obs":[],
    "azHMD":0,
    "prevHdg":1.1699073314667,
    "prevAz":6.014732837677,
    "fEl":-0.058280460848523,
    "prevPitch":0.23040281236172,
    "elHMD":0,
    "elHUD":-0.25305856454042
  },
  "16783104":{
    "unNormAz":1.75360576875,
    "beenThreat":0,
    "azHUD":1.7191551118097,
    "phyRange":0,
    "prevEl":-0.010937517508864,
    "fAz":1.75360576875,
    "obs":[],
    "azHMD":0,
    "prevHdg":1.1699073314667,
    "prevAz":1.7303321361542,
    "fEl":0.076965765278186,
    "prevPitch":0.23040281236172,
    "elHMD":0,
    "elHUD":-0.40816630225613
  },
  "16782848":{
    "unNormAz":1.0161691337055,
    "beenThreat":0,
    "azHUD":0.96818993770234,
    "phyRange":0,
    "prevEl":-0.30034154653549,
    "fAz":1.0161691337055,
    "obs":[],
    "azHMD":0,
    "prevHdg":1.1699073314667,
    "prevAz":1.025461435318,
    "fEl":-0.069816681317522,
    "prevPitch":0.23040281236172,
    "elHMD":0,
    "elHUD":-0.44570541002902
  }
}', and now has the content: '{
  "16777728":{
    "unNormAz":-0.22510808551657,
    "beenThreat":1,
    "azHUD":-0.25810097895066,
    "phyRange":0,
    "prevEl":-0.25058019161224,
    "fAz":6.058077221663,
    "obs":[],
    "azHMD":0,
    "prevHdg":1.1699073314667,
    "prevAz":6.014732837677,
    "fEl":-0.058280460848523,
    "prevPitch":0.23040281236172,
    "elHMD":0,
    "elHUD":-0.25305856454042
  },
  "16783104":{
    "unNormAz":1.75360576875,
    "beenThreat":0,
    "azHUD":1.7191551118097,
    "phyRange":0,
    "prevEl":-0.010937517508864,
    "fAz":1.75360576875,
    "obs":[],
    "azHMD":0,
    "prevHdg":1.1699073314667,
    "prevAz":1.7303321361542,
    "fEl":0.076965765278186,
    "prevPitch":0.23040281236172,
    "elHMD":0,
    "elHUD":-0.40816630225613
  },
  "16782848":{
    "unNormAz":1.0161691337055,
    "beenThreat":0,
    "azHUD":0.96818993770234,
    "phyRange":0,
    "prevEl":-0.30034154653549,
    "fAz":1.0161691337055,
    "obs":[],
    "azHMD":0,
    "prevHdg":1.1699073314667,
    "prevAz":1.025461435318,
    "fEl":-0.069816681317522,
    "prevPitch":0.23040281236172,
    "elHMD":0,
    "elHUD":-0.44570541002902
  }
}'.
2026-01-08 14:49:50 EDIT    Line: '1' Which had the content: '{
  "16777728":{
    "unNormAz":-0.22510808551657,
    "beenThreat":1,
    "azHUD":-0.2585270381876,
    "phyRange":0,
    "prevEl":-0.25058019161224,
    "fAz":6.058077221663,
    "obs":[],
    "azHMD":0,
    "prevHdg":1.1699073314667,
    "prevAz":6.014732837677,
    "fEl":-0.058280460848523,
    "prevPitch":0.23040281236172,
    "elHMD":0,
    "elHUD":-0.2519021281921
  },
  "16783104":{
    "unNormAz":1.75360576875,
    "beenThreat":0,
    "azHUD":1.7180406519725,
    "phyRange":0,
    "prevEl":-0.010937517508864,
    "fAz":1.75360576875,
    "obs":[],
    "azHMD":0,
    "prevHdg":1.1699073314667,
    "prevAz":1.7303321361542,
    "fEl":0.076965765278186,
    "prevPitch":0.23040281236172,
    "elHMD":0,
    "elHUD":-0.41554877485311
  },
  "16782848":{
    "unNormAz":1.0161691337055,
    "beenThreat":0,
    "azHUD":0.9669203404763,
    "phyRange":0,
    "prevEl":-0.30034154653549,
    "fAz":1.0161691337055,
    "obs":[],
    "azHMD":0,
    "prevHdg":1.1699073314667,
    "prevAz":1.025461435318,
    "fEl":-0.069816681317522,
    "prevPitch":0.23040281236172,
    "elHMD":0,
    "elHUD":-0.44984389101172
  }
}', and now has the content: '{
  "16777728":{
    "unNormAz":-0.22510808551657,
    "beenThreat":1,
    "azHUD":-0.2585270381876,
    "phyRange":0,
    "prevEl":-0.25058019161224,
    "fAz":6.058077221663,
    "obs":[],
    "azHMD":0,
    "prevHdg":1.1699073314667,
    "prevAz":6.014732837677,
    "fEl":-0.058280460848523,
    "prevPitch":0.23040281236172,
    "elHMD":0,
    "elHUD":-0.2519021281921
  },
  "16783104":{
    "unNormAz":1.75360576875,
    "beenThreat":0,
    "azHUD":1.7180406519725,
    "phyRange":0,
    "prevEl":-0.010937517508864,
    "fAz":1.75360576875,
    "obs":[],
    "azHMD":0,
    "prevHdg":1.1699073314667,
    "prevAz":1.7303321361542,
    "fEl":0.076965765278186,
    "prevPitch":0.23040281236172,
    "elHMD":0,
    "elHUD":-0.41554877485311
  },
  "16782848":{
    "unNormAz":1.0161691337055,
    "beenThreat":0,
    "azHUD":0.9669203404763,
    "phyRange":0,
    "prevEl":-0.30034154653549,
    "fAz":1.0161691337055,
    "obs":[],
    "azHMD":0,
    "prevHdg":1.1699073314667,
    "prevAz":1.025461435318,
    "fEl":-0.069816681317522,
    "prevPitch":0.23040281236172,
    "elHMD":0,
    "elHUD":-0.44984389101172
  }
}'.
2026-01-08 14:49:50 EDIT    Line: '1' Which had the content: '{
  "16777728":{
    "unNormAz":-0.22510808551657,
    "beenThreat":1,
    "azHUD":-0.25897061577372,
    "phyRange":0,
    "prevEl":-0.25058019161224,
    "fAz":6.058077221663,
    "obs":[],
    "azHMD":0,
    "prevHdg":1.1699073314667,
    "prevAz":6.014732837677,
    "fEl":-0.058280460848523,
    "prevPitch":0.23040281236172,
    "elHMD":0,
    "elHUD":-0.25069480709489
  },
  "16783104":{
    "unNormAz":1.75360576875,
    "beenThreat":0,
    "azHUD":1.7168403557162,
    "phyRange":0,
    "prevEl":-0.010937517508864,
    "fAz":1.75360576875,
    "obs":[],
    "azHMD":0,
    "prevHdg":1.1699073314667,
    "prevAz":1.7303321361542,
    "fEl":0.076965765278186,
    "prevPitch":0.23040281236172,
    "elHMD":0,
    "elHUD":-0.4232377399786
  },
  "16782848":{
    "unNormAz":1.0161691337055,
    "beenThreat":0,
    "azHUD":0.96557326831083,
    "phyRange":0,
    "prevEl":-0.30034154653549,
    "fAz":1.0161691337055,
    "obs":[],
    "azHMD":0,
    "prevHdg":1.1699073314667,
    "prevAz":1.025461435318,
    "fEl":-0.069816681317522,
    "prevPitch":0.23040281236172,
    "elHMD":0,
    "elHUD":-0.45415117906065
  }
}', and now has the content: '{
  "16777728":{
    "unNormAz":-0.22510808551657,
    "beenThreat":1,
    "azHUD":-0.25897061577372,
    "phyRange":0,
    "prevEl":-0.25058019161224,
    "fAz":6.058077221663,
    "obs":[],
    "azHMD":0,
    "prevHdg":1.1699073314667,
    "prevAz":6.014732837677,
    "fEl":-0.058280460848523,
    "prevPitch":0.23040281236172,
    "elHMD":0,
    "elHUD":-0.25069480709489
  },
  "16783104":{
    "unNormAz":1.75360576875,
    "beenThreat":0,
    "azHUD":1.7168403557162,
    "phyRange":0,
    "prevEl":-0.010937517508864,
    "fAz":1.75360576875,
    "obs":[],
    "azHMD":0,
    "prevHdg":1.1699073314667,
    "prevAz":1.7303321361542,
    "fEl":0.076965765278186,
    "prevPitch":0.23040281236172,
    "elHMD":0,
    "elHUD":-0.4232377399786
  },
  "16782848":{
    "unNormAz":1.0161691337055,
    "beenThreat":0,
    "azHUD":0.96557326831083,
    "phyRange":0,
    "prevEl":-0.30034154653549,
    "fAz":1.0161691337055,
    "obs":[],
    "azHMD":0,
    "prevHdg":1.1699073314667,
    "prevAz":1.025461435318,
    "fEl":-0.069816681317522,
    "prevPitch":0.23040281236172,
    "elHMD":0,
    "elHUD":-0.45415117906065
  }
}'.
2026-01-08 14:49:50 EDIT    Line: '1' Which had the content: '{
  "16777728":{
    "unNormAz":-0.22510808551657,
    "beenThreat":1,
    "azHUD":-0.25942845182347,
    "phyRange":0,
    "prevEl":-0.25058019161224,
    "fAz":6.058077221663,
    "obs":[],
    "azHMD":0,
    "prevHdg":1.1699073314667,
    "prevAz":6.014732837677,
    "fEl":-0.058280460848523,
    "prevPitch":0.23040281236172,
    "elHMD":0,
    "elHUD":-0.24944055858559
  },
  "16783104":{
    "unNormAz":1.75360576875,
    "beenThreat":0,
    "azHUD":1.7155554414266,
    "phyRange":0,
    "prevEl":-0.010937517508864,
    "fAz":1.75360576875,
    "obs":[],
    "azHMD":0,
    "prevHdg":1.1699073314667,
    "prevAz":1.7303321361542,
    "fEl":0.076965765278186,
    "prevPitch":0.23040281236172,
    "elHMD":0,
    "elHUD":-0.43120601226356
  },
  "16782848":{
    "unNormAz":1.0161691337055,
    "beenThreat":0,
    "azHUD":0.96415221702274,
    "phyRange":0,
    "prevEl":-0.30034154653549,
    "fAz":1.0161691337055,
    "obs":[],
    "azHMD":0,
    "prevHdg":1.1699073314667,
    "prevAz":1.025461435318,
    "fEl":-0.069816681317522,
    "prevPitch":0.23040281236172,
    "elHMD":0,
    "elHUD":-0.45861169944453
  }
}', and now has the content: '{
  "16777728":{
    "unNormAz":-0.22510808551657,
    "beenThreat":1,
    "azHUD":-0.25942845182347,
    "phyRange":0,
    "prevEl":-0.25058019161224,
    "fAz":6.058077221663,
    "obs":[],
    "azHMD":0,
    "prevHdg":1.1699073314667,
    "prevAz":6.014732837677,
    "fEl":-0.058280460848523,
    "prevPitch":0.23040281236172,
    "elHMD":0,
    "elHUD":-0.24944055858559
  },
  "16783104":{
    "unNormAz":1.75360576875,
    "beenThreat":0,
    "azHUD":1.7155554414266,
    "phyRange":0,
    "prevEl":-0.010937517508864,
    "fAz":1.75360576875,
    "obs":[],
    "azHMD":0,
    "prevHdg":1.1699073314667,
    "prevAz":1.7303321361542,
    "fEl":0.076965765278186,
    "prevPitch":0.23040281236172,
    "elHMD":0,
    "elHUD":-0.43120601226356
  },
  "16782848":{
    "unNormAz":1.0161691337055,
    "beenThreat":0,
    "azHUD":0.96415221702274,
    "phyRange":0,
    "prevEl":-0.30034154653549,
    "fAz":1.0161691337055,
    "obs":[],
    "azHMD":0,
    "prevHdg":1.1699073314667,
    "prevAz":1.025461435318,
    "fEl":-0.069816681317522,
    "prevPitch":0.23040281236172,
    "elHMD":0,
    "elHUD":-0.45861169944453
  }
}'.
2026-01-08 14:49:50 EDIT    Line: '1' Which had the content: '{
  "16777728":{
    "unNormAz":-0.22510808551657,
    "beenThreat":1,
    "azHUD":-0.25942845182347,
    "phyRange":0,
    "prevEl":-0.25058019161224,
    "fAz":6.058077221663,
    "obs":[],
    "azHMD":0,
    "prevHdg":1.1699073314667,
    "prevAz":6.014732837677,
    "fEl":-0.058280460848523,
    "prevPitch":0.23040281236172,
    "elHMD":0,
    "elHUD":-0.24944055858559
  },
  "16783104":{
    "unNormAz":1.75360576875,
    "beenThreat":0,
    "azHUD":1.7155554414266,
    "phyRange":0,
    "prevEl":-0.010937517508864,
    "fAz":1.75360576875,
    "obs":[],
    "azHMD":0,
    "prevHdg":1.1699073314667,
    "prevAz":1.7303321361542,
    "fEl":0.076965765278186,
    "prevPitch":0.23040281236172,
    "elHMD":0,
    "elHUD":-0.43120601226356
  },
  "16782848":{
    "unNormAz":1.0161691337055,
    "beenThreat":0,
    "azHUD":0.96415221702274,
    "phyRange":0,
    "prevEl":-0.30034154653549,
    "fAz":1.0161691337055,
    "obs":[],
    "azHMD":0,
    "prevHdg":1.1699073314667,
    "prevAz":1.025461435318,
    "fEl":-0.069816681317522,
    "prevPitch":0.23040281236172,
    "elHMD":0,
    "elHUD":-0.45861169944453
  }
}', and now has the content: '{
  "16777728":{
    "unNormAz":-0.22510808551657,
    "beenThreat":1,
    "azHUD":-0.25942845182347,
    "phyRange":0,
    "prevEl":-0.25058019161224,
    "fAz":6.058077221663,
    "obs":[],
    "azHMD":0,
    "prevHdg":1.1699073314667,
    "prevAz":6.014732837677,
    "fEl":-0.058280460848523,
    "prevPitch":0.23040281236172,
    "elHMD":0,
    "elHUD":-0.24944055858559
  },
  "16783104":{
    "unNormAz":1.75360576875,
    "beenThreat":0,
    "azHUD":1.7155554414266,
    "phyRange":0,
    "prevEl":-0.010937517508864,
    "fAz":1.75360576875,
    "obs":[],
    "azHMD":0,
    "prevHdg":1.1699073314667,
    "prevAz":1.7303321361542,
    "fEl":0.076965765278186,
    "prevPitch":0.23040281236172,
    "elHMD":0,
    "elHUD":-0.43120601226356
  },
  "16782848":{
    "unNormAz":1.0161691337055,
    "beenThreat":0,
    "azHUD":0.96415221702274,
    "phyRange":0,
    "prevEl":-0.30034154653549,
    "fAz":1.0161691337055,
    "obs":[],
    "azHMD":0,
    "prevHdg":1.1699073314667,
    "prevAz":1.025461435318,
    "fEl":-0.069816681317522,
    "prevPitch":0.23040281236172,
    "elHMD":0,
    "elHUD":-0.45861169944453
  }
}'.
2026-01-08 14:49:50 EDIT    Line: '1' Which had the content: '{
  "16777728":{
    "unNormAz":-0.22510808551657,
    "beenThreat":1,
    "azHUD":-0.25989744473476,
    "phyRange":0,
    "prevEl":-0.25058019161224,
    "fAz":6.058077221663,
    "obs":[],
    "azHMD":0,
    "prevHdg":1.1699073314667,
    "prevAz":6.014732837677,
    "fEl":-0.058280460848523,
    "prevPitch":0.23040281236172,
    "elHMD":0,
    "elHUD":-0.24814315226206
  },
  "16783104":{
    "unNormAz":1.75360576875,
    "beenThreat":0,
    "azHUD":1.7141871176869,
    "phyRange":0,
    "prevEl":-0.010937517508864,
    "fAz":1.75360576875,
    "obs":[],
    "azHMD":0,
    "prevHdg":1.1699073314667,
    "prevAz":1.7303321361542,
    "fEl":0.076965765278186,
    "prevPitch":0.23040281236172,
    "elHMD":0,
    "elHUD":-0.43942880032994
  },
  "16782848":{
    "unNormAz":1.0161691337055,
    "beenThreat":0,
    "azHUD":0.96266049163269,
    "phyRange":0,
    "prevEl":-0.30034154653549,
    "fAz":1.0161691337055,
    "obs":[],
    "azHMD":0,
    "prevHdg":1.1699073314667,
    "prevAz":1.025461435318,
    "fEl":-0.069816681317522,
    "prevPitch":0.23040281236172,
    "elHMD":0,
    "elHUD":-0.46321130789491
  }
}', and now has the content: '{
  "16777728":{
    "unNormAz":-0.22510808551657,
    "beenThreat":1,
    "azHUD":-0.25989744473476,
    "phyRange":0,
    "prevEl":-0.25058019161224,
    "fAz":6.058077221663,
    "obs":[],
    "azHMD":0,
    "prevHdg":1.1699073314667,
    "prevAz":6.014732837677,
    "fEl":-0.058280460848523,
    "prevPitch":0.23040281236172,
    "elHMD":0,
    "elHUD":-0.24814315226206
  },
  "16783104":{
    "unNormAz":1.75360576875,
    "beenThreat":0,
    "azHUD":1.7141871176869,
    "phyRange":0,
    "prevEl":-0.010937517508864,
    "fAz":1.75360576875,
    "obs":[],
    "azHMD":0,
    "prevHdg":1.1699073314667,
    "prevAz":1.7303321361542,
    "fEl":0.076965765278186,
    "prevPitch":0.23040281236172,
    "elHMD":0,
    "elHUD":-0.43942880032994
  },
  "16782848":{
    "unNormAz":1.0161691337055,
    "beenThreat":0,
    "azHUD":0.96266049163269,
    "phyRange":0,
    "prevEl":-0.30034154653549,
    "fAz":1.0161691337055,
    "obs":[],
    "azHMD":0,
    "prevHdg":1.1699073314667,
    "prevAz":1.025461435318,
    "fEl":-0.069816681317522,
    "prevPitch":0.23040281236172,
    "elHMD":0,
    "elHUD":-0.46321130789491
  }
}'.
2026-01-08 14:49:50 EDIT    Line: '1' Which had the content: '{
  "16777728":{
    "unNormAz":-0.22510808551657,
    "beenThreat":1,
    "azHUD":-0.26037597070205,
    "phyRange":0,
    "prevEl":-0.25058019161224,
    "fAz":6.058077221663,
    "obs":[],
    "azHMD":0,
    "prevHdg":1.1699073314667,
    "prevAz":6.014732837677,
    "fEl":-0.058280460848523,
    "prevPitch":0.23040281236172,
    "elHMD":0,
    "elHUD":-0.24680569846563
  },
  "16783104":{
    "unNormAz":1.75360576875,
    "beenThreat":0,
    "azHUD":1.712735284236,
    "phyRange":0,
    "prevEl":-0.010937517508864,
    "fAz":1.75360576875,
    "obs":[],
    "azHMD":0,
    "prevHdg":1.1699073314667,
    "prevAz":1.7303321361542,
    "fEl":0.076965765278186,
    "prevPitch":0.23040281236172,
    "elHMD":0,
    "elHUD":-0.44788288360869
  },
  "16782848":{
    "unNormAz":1.0161691337055,
    "beenThreat":0,
    "azHUD":0.96109991667561,
    "phyRange":0,
    "prevEl":-0.30034154653549,
    "fAz":1.0161691337055,
    "obs":[],
    "azHMD":0,
    "prevHdg":1.1699073314667,
    "prevAz":1.025461435318,
    "fEl":-0.069816681317522,
    "prevPitch":0.23040281236172,
    "elHMD":0,
    "elHUD":-0.46793660064198
  }
}', and now has the content: '{
  "16777728":{
    "unNormAz":-0.22510808551657,
    "beenThreat":1,
    "azHUD":-0.26037597070205,
    "phyRange":0,
    "prevEl":-0.25058019161224,
    "fAz":6.058077221663,
    "obs":[],
    "azHMD":0,
    "prevHdg":1.1699073314667,
    "prevAz":6.014732837677,
    "fEl":-0.058280460848523,
    "prevPitch":0.23040281236172,
    "elHMD":0,
    "elHUD":-0.24680569846563
  },
  "16783104":{
    "unNormAz":1.75360576875,
    "beenThreat":0,
    "azHUD":1.712735284236,
    "phyRange":0,
    "prevEl":-0.010937517508864,
    "fAz":1.75360576875,
    "obs":[],
    "azHMD":0,
    "prevHdg":1.1699073314667,
    "prevAz":1.7303321361542,
    "fEl":0.076965765278186,
    "prevPitch":0.23040281236172,
    "elHMD":0,
    "elHUD":-0.44788288360869
  },
  "16782848":{
    "unNormAz":1.0161691337055,
    "beenThreat":0,
    "azHUD":0.96109991667561,
    "phyRange":0,
    "prevEl":-0.30034154653549,
    "fAz":1.0161691337055,
    "obs":[],
    "azHMD":0,
    "prevHdg":1.1699073314667,
    "prevAz":1.025461435318,
    "fEl":-0.069816681317522,
    "prevPitch":0.23040281236172,
    "elHMD":0,
    "elHUD":-0.46793660064198
  }
}'.
2026-01-08 14:49:50 EDIT    Line: '1' Which had the content: '{
  "16777728":{
    "unNormAz":-0.22510808551657,
    "beenThreat":1,
    "azHUD":-0.26085794769475,
    "phyRange":0,
    "prevEl":-0.25058019161224,
    "fAz":6.058077221663,
    "obs":[],
    "azHMD":0,
    "prevHdg":1.1699073314667,
    "prevAz":6.014732837677,
    "fEl":-0.058280460848523,
    "prevPitch":0.23040281236172,
    "elHMD":0,
    "elHUD":-0.24543559933744
  },
  "16783104":{
    "unNormAz":1.75360576875,
    "beenThreat":0,
    "azHUD":1.7112077139303,
    "phyRange":0,
    "prevEl":-0.010937517508864,
    "fAz":1.75360576875,
    "obs":[],
    "azHMD":0,
    "prevHdg":1.1699073314667,
    "prevAz":1.7303321361542,
    "fEl":0.076965765278186,
    "prevPitch":0.23040281236172,
    "elHMD":0,
    "elHUD":-0.45652109146628
  },
  "16782848":{
    "unNormAz":1.0161691337055,
    "beenThreat":0,
    "azHUD":0.95948027500359,
    "phyRange":0,
    "prevEl":-0.30034154653549,
    "fAz":1.0161691337055,
    "obs":[],
    "azHMD":0,
    "prevHdg":1.1699073314667,
    "prevAz":1.025461435318,
    "fEl":-0.069816681317522,
    "prevPitch":0.23040281236172,
    "elHMD":0,
    "elHUD":-0.47276100830846
  }
}', and now has the content: '{
  "16777728":{
    "unNormAz":-0.22510808551657,
    "beenThreat":1,
    "azHUD":-0.26085794769475,
    "phyRange":0,
    "prevEl":-0.25058019161224,
    "fAz":6.058077221663,
    "obs":[],
    "azHMD":0,
    "prevHdg":1.1699073314667,
    "prevAz":6.014732837677,
    "fEl":-0.058280460848523,
    "prevPitch":0.23040281236172,
    "elHMD":0,
    "elHUD":-0.24543559933744
  },
  "16783104":{
    "unNormAz":1.75360576875,
    "beenThreat":0,
    "azHUD":1.7112077139303,
    "phyRange":0,
    "prevEl":-0.010937517508864,
    "fAz":1.75360576875,
    "obs":[],
    "azHMD":0,
    "prevHdg":1.1699073314667,
    "prevAz":1.7303321361542,
    "fEl":0.076965765278186,
    "prevPitch":0.23040281236172,
    "elHMD":0,
    "elHUD":-0.45652109146628
  },
  "16782848":{
    "unNormAz":1.0161691337055,
    "beenThreat":0,
    "azHUD":0.95948027500359,
    "phyRange":0,
    "prevEl":-0.30034154653549,
    "fAz":1.0161691337055,
    "obs":[],
    "azHMD":0,
    "prevHdg":1.1699073314667,
    "prevAz":1.025461435318,
    "fEl":-0.069816681317522,
    "prevPitch":0.23040281236172,
    "elHMD":0,
    "elHUD":-0.47276100830846
  }
}'.
2026-01-08 14:49:50 EDIT    Line: '1' Which had the content: '{
  "16777728":{
    "unNormAz":-0.22510808551657,
    "beenThreat":1,
    "azHUD":-0.2613426356323,
    "phyRange":0,
    "prevEl":-0.25058019161224,
    "fAz":6.058077221663,
    "obs":[],
    "azHMD":0,
    "prevHdg":1.1699073314667,
    "prevAz":6.014732837677,
    "fEl":-0.058280460848523,
    "prevPitch":0.23040281236172,
    "elHMD":0,
    "elHUD":-0.24403503173674
  },
  "16783104":{
    "unNormAz":1.75360576875,
    "beenThreat":0,
    "azHUD":1.7096039119197,
    "phyRange":0,
    "prevEl":-0.010937517508864,
    "fAz":1.75360576875,
    "obs":[],
    "azHMD":0,
    "prevHdg":1.1699073314667,
    "prevAz":1.7303321361542,
    "fEl":0.076965765278186,
    "prevPitch":0.23040281236172,
    "elHMD":0,
    "elHUD":-0.46532616450334
  },
  "16782848":{
    "unNormAz":1.0161691337055,
    "beenThreat":0,
    "azHUD":0.95780247838809,
    "phyRange":0,
    "prevEl":-0.30034154653549,
    "fAz":1.0161691337055,
    "obs":[],
    "azHMD":0,
    "prevHdg":1.1699073314667,
    "prevAz":1.025461435318,
    "fEl":-0.069816681317522,
    "prevPitch":0.23040281236172,
    "elHMD":0,
    "elHUD":-0.47767451962905
  }
}', and now has the content: '{
  "16777728":{
    "unNormAz":-0.22510808551657,
    "beenThreat":1,
    "azHUD":-0.2613426356323,
    "phyRange":0,
    "prevEl":-0.25058019161224,
    "fAz":6.058077221663,
    "obs":[],
    "azHMD":0,
    "prevHdg":1.1699073314667,
    "prevAz":6.014732837677,
    "fEl":-0.058280460848523,
    "prevPitch":0.23040281236172,
    "elHMD":0,
    "elHUD":-0.24403503173674
  },
  "16783104":{
    "unNormAz":1.75360576875,
    "beenThreat":0,
    "azHUD":1.7096039119197,
    "phyRange":0,
    "prevEl":-0.010937517508864,
    "fAz":1.75360576875,
    "obs":[],
    "azHMD":0,
    "prevHdg":1.1699073314667,
    "prevAz":1.7303321361542,
    "fEl":0.076965765278186,
    "prevPitch":0.23040281236172,
    "elHMD":0,
    "elHUD":-0.46532616450334
  },
  "16782848":{
    "unNormAz":1.0161691337055,
    "beenThreat":0,
    "azHUD":0.95780247838809,
    "phyRange":0,
    "prevEl":-0.30034154653549,
    "fAz":1.0161691337055,
    "obs":[],
    "azHMD":0,
    "prevHdg":1.1699073314667,
    "prevAz":1.025461435318,
    "fEl":-0.069816681317522,
    "prevPitch":0.23040281236172,
    "elHMD":0,
    "elHUD":-0.47767451962905
  }
}'.
2026-01-08 14:49:50 EDIT    Line: '1' Which had the content: '{
  "16777728":{
    "unNormAz":-0.22510808551657,
    "beenThreat":1,
    "azHUD":-0.26182441950992,
    "phyRange":0,
    "prevEl":-0.25058019161224,
    "fAz":6.058077221663,
    "obs":[],
    "azHMD":0,
    "prevHdg":1.1699073314667,
    "prevAz":6.014732837677,
    "fEl":-0.058280460848523,
    "prevPitch":0.23040281236172,
    "elHMD":0,
    "elHUD":-0.24261074644879
  },
  "16783104":{
    "unNormAz":1.75360576875,
    "beenThreat":0,
    "azHUD":1.7079320142516,
    "phyRange":0,
    "prevEl":-0.010937517508864,
    "fAz":1.75360576875,
    "obs":[],
    "azHMD":0,
    "prevHdg":1.1699073314667,
    "prevAz":1.7303321361542,
    "fEl":0.076965765278186,
    "prevPitch":0.23040281236172,
    "elHMD":0,
    "elHUD":-0.47425627393259
  },
  "16782848":{
    "unNormAz":1.0161691337055,
    "beenThreat":0,
    "azHUD":0.95607607015555,
    "phyRange":0,
    "prevEl":-0.30034154653549,
    "fAz":1.0161691337055,
    "obs":[],
    "azHMD":0,
    "prevHdg":1.1699073314667,
    "prevAz":1.025461435318,
    "fEl":-0.069816681317522,
    "prevPitch":0.23040281236172,
    "elHMD":0,
    "elHUD":-0.48265369388729
  }
}', and now has the content: '{
  "16777728":{
    "unNormAz":-0.22510808551657,
    "beenThreat":1,
    "azHUD":-0.26182441950992,
    "phyRange":0,
    "prevEl":-0.25058019161224,
    "fAz":6.058077221663,
    "obs":[],
    "azHMD":0,
    "prevHdg":1.1699073314667,
    "prevAz":6.014732837677,
    "fEl":-0.058280460848523,
    "prevPitch":0.23040281236172,
    "elHMD":0,
    "elHUD":-0.24261074644879
  },
  "16783104":{
    "unNormAz":1.75360576875,
    "beenThreat":0,
    "azHUD":1.7079320142516,
    "phyRange":0,
    "prevEl":-0.010937517508864,
    "fAz":1.75360576875,
    "obs":[],
    "azHMD":0,
    "prevHdg":1.1699073314667,
    "prevAz":1.7303321361542,
    "fEl":0.076965765278186,
    "prevPitch":0.23040281236172,
    "elHMD":0,
    "elHUD":-0.47425627393259
  },
  "16782848":{
    "unNormAz":1.0161691337055,
    "beenThreat":0,
    "azHUD":0.95607607015555,
    "phyRange":0,
    "prevEl":-0.30034154653549,
    "fAz":1.0161691337055,
    "obs":[],
    "azHMD":0,
    "prevHdg":1.1699073314667,
    "prevAz":1.025461435318,
    "fEl":-0.069816681317522,
    "prevPitch":0.23040281236172,
    "elHMD":0,
    "elHUD":-0.48265369388729
  }
}'.
2026-01-08 14:49:50 EDIT    Line: '1' Which had the content: '{
  "16777728":{
    "unNormAz":-0.22510808551657,
    "beenThreat":1,
    "azHUD":-0.26182441950992,
    "phyRange":0,
    "prevEl":-0.25058019161224,
    "fAz":6.058077221663,
    "obs":[],
    "azHMD":0,
    "prevHdg":1.1699073314667,
    "prevAz":6.014732837677,
    "fEl":-0.058280460848523,
    "prevPitch":0.23040281236172,
    "elHMD":0,
    "elHUD":-0.24261074644879
  },
  "16783104":{
    "unNormAz":1.75360576875,
    "beenThreat":0,
    "azHUD":1.7079320142516,
    "phyRange":0,
    "prevEl":-0.010937517508864,
    "fAz":1.75360576875,
    "obs":[],
    "azHMD":0,
    "prevHdg":1.1699073314667,
    "prevAz":1.7303321361542,
    "fEl":0.076965765278186,
    "prevPitch":0.23040281236172,
    "elHMD":0,
    "elHUD":-0.47425627393259
  },
  "16782848":{
    "unNormAz":1.0161691337055,
    "beenThreat":0,
    "azHUD":0.95607607015555,
    "phyRange":0,
    "prevEl":-0.30034154653549,
    "fAz":1.0161691337055,
    "obs":[],
    "azHMD":0,
    "prevHdg":1.1699073314667,
    "prevAz":1.025461435318,
    "fEl":-0.069816681317522,
    "prevPitch":0.23040281236172,
    "elHMD":0,
    "elHUD":-0.48265369388729
  }
}', and now has the content: '{
  "16777728":{
    "unNormAz":-0.22510808551657,
    "beenThreat":1,
    "azHUD":-0.26182441950992,
    "phyRange":0,
    "prevEl":-0.25058019161224,
    "fAz":6.058077221663,
    "obs":[],
    "azHMD":0,
    "prevHdg":1.1699073314667,
    "prevAz":6.014732837677,
    "fEl":-0.058280460848523,
    "prevPitch":0.23040281236172,
    "elHMD":0,
    "elHUD":-0.24261074644879
  },
  "16783104":{
    "unNormAz":1.75360576875,
    "beenThreat":0,
    "azHUD":1.7079320142516,
    "phyRange":0,
    "prevEl":-0.010937517508864,
    "fAz":1.75360576875,
    "obs":[],
    "azHMD":0,
    "prevHdg":1.1699073314667,
    "prevAz":1.7303321361542,
    "fEl":0.076965765278186,
    "prevPitch":0.23040281236172,
    "elHMD":0,
    "elHUD":-0.47425627393259
  },
  "16782848":{
    "unNormAz":1.0161691337055,
    "beenThreat":0,
    "azHUD":0.95607607015555,
    "phyRange":0,
    "prevEl":-0.30034154653549,
    "fAz":1.0161691337055,
    "obs":[],
    "azHMD":0,
    "prevHdg":1.1699073314667,
    "prevAz":1.025461435318,
    "fEl":-0.069816681317522,
    "prevPitch":0.23040281236172,
    "elHMD":0,
    "elHUD":-0.48265369388729
  }
}'.
2026-01-08 14:49:50 EDIT    Line: '1' Which had the content: '{
  "16777728":{
    "unNormAz":-0.22510808551657,
    "beenThreat":1,
    "azHUD":-0.26230327045163,
    "phyRange":0,
    "prevEl":-0.25058019161224,
    "fAz":6.058077221663,
    "obs":[],
    "azHMD":0,
    "prevHdg":1.1699073314667,
    "prevAz":6.014732837677,
    "fEl":-0.058280460848523,
    "prevPitch":0.23040281236172,
    "elHMD":0,
    "elHUD":-0.24116413924497
  },
  "16783104":{
    "unNormAz":1.75360576875,
    "beenThreat":0,
    "azHUD":1.7061912634144,
    "phyRange":0,
    "prevEl":-0.010937517508864,
    "fAz":1.75360576875,
    "obs":[],
    "azHMD":0,
    "prevHdg":1.1699073314667,
    "prevAz":1.7303321361542,
    "fEl":0.076965765278186,
    "prevPitch":0.23040281236172,
    "elHMD":0,
    "elHUD":-0.48329907866444
  },
  "16782848":{
    "unNormAz":1.0161691337055,
    "beenThreat":0,
    "azHUD":0.95430125445189,
    "phyRange":0,
    "prevEl":-0.30034154653549,
    "fAz":1.0161691337055,
    "obs":[],
    "azHMD":0,
    "prevHdg":1.1699073314667,
    "prevAz":1.025461435318,
    "fEl":-0.069816681317522,
    "prevPitch":0.23040281236172,
    "elHMD":0,
    "elHUD":-0.4876913169083
  }
}', and now has the content: '{
  "16777728":{
    "unNormAz":-0.22510808551657,
    "beenThreat":1,
    "azHUD":-0.26230327045163,
    "phyRange":0,
    "prevEl":-0.25058019161224,
    "fAz":6.058077221663,
    "obs":[],
    "azHMD":0,
    "prevHdg":1.1699073314667,
    "prevAz":6.014732837677,
    "fEl":-0.058280460848523,
    "prevPitch":0.23040281236172,
    "elHMD":0,
    "elHUD":-0.24116413924497
  },
  "16783104":{
    "unNormAz":1.75360576875,
    "beenThreat":0,
    "azHUD":1.7061912634144,
    "phyRange":0,
    "prevEl":-0.010937517508864,
    "fAz":1.75360576875,
    "obs":[],
    "azHMD":0,
    "prevHdg":1.1699073314667,
    "prevAz":1.7303321361542,
    "fEl":0.076965765278186,
    "prevPitch":0.23040281236172,
    "elHMD":0,
    "elHUD":-0.48329907866444
  },
  "16782848":{
    "unNormAz":1.0161691337055,
    "beenThreat":0,
    "azHUD":0.95430125445189,
    "phyRange":0,
    "prevEl":-0.30034154653549,
    "fAz":1.0161691337055,
    "obs":[],
    "azHMD":0,
    "prevHdg":1.1699073314667,
    "prevAz":1.025461435318,
    "fEl":-0.069816681317522,
    "prevPitch":0.23040281236172,
    "elHMD":0,
    "elHUD":-0.4876913169083
  }
}'.
2026-01-08 14:49:50 EDIT    Line: '1' Which had the content: '{
  "16777728":{
    "unNormAz":-0.22510808551657,
    "beenThreat":1,
    "azHUD":-0.26277546414519,
    "phyRange":0,
    "prevEl":-0.25058019161224,
    "fAz":6.058077221663,
    "obs":[],
    "azHMD":0,
    "prevHdg":1.1699073314667,
    "prevAz":6.014732837677,
    "fEl":-0.058280460848523,
    "prevPitch":0.23040281236172,
    "elHMD":0,
    "elHUD":-0.23970102040286
  },
  "16783104":{
    "unNormAz":1.75360576875,
    "beenThreat":0,
    "azHUD":1.7043886235145,
    "phyRange":0,
    "prevEl":-0.010937517508864,
    "fAz":1.75360576875,
    "obs":[],
    "azHMD":0,
    "prevHdg":1.1699073314667,
    "prevAz":1.7303321361542,
    "fEl":0.076965765278186,
    "prevPitch":0.23040281236172,
    "elHMD":0,
    "elHUD":-0.49241728614423
  },
  "16782848":{
    "unNormAz":1.0161691337055,
    "beenThreat":0,
    "azHUD":0.95248586689485,
    "phyRange":0,
    "prevEl":-0.30034154653549,
    "fAz":1.0161691337055,
    "obs":[],
    "azHMD":0,
    "prevHdg":1.1699073314667,
    "prevAz":1.025461435318,
    "fEl":-0.069816681317522,
    "prevPitch":0.23040281236172,
    "elHMD":0,
    "elHUD":-0.49276645980772
  }
}', and now has the content: '{
  "16777728":{
    "unNormAz":-0.22510808551657,
    "beenThreat":1,
    "azHUD":-0.26277546414519,
    "phyRange":0,
    "prevEl":-0.25058019161224,
    "fAz":6.058077221663,
    "obs":[],
    "azHMD":0,
    "prevHdg":1.1699073314667,
    "prevAz":6.014732837677,
    "fEl":-0.058280460848523,
    "prevPitch":0.23040281236172,
    "elHMD":0,
    "elHUD":-0.23970102040286
  },
  "16783104":{
    "unNormAz":1.75360576875,
    "beenThreat":0,
    "azHUD":1.7043886235145,
    "phyRange":0,
    "prevEl":-0.010937517508864,
    "fAz":1.75360576875,
    "obs":[],
    "azHMD":0,
    "prevHdg":1.1699073314667,
    "prevAz":1.7303321361542,
    "fEl":0.076965765278186,
    "prevPitch":0.23040281236172,
    "elHMD":0,
    "elHUD":-0.49241728614423
  },
  "16782848":{
    "unNormAz":1.0161691337055,
    "beenThreat":0,
    "azHUD":0.95248586689485,
    "phyRange":0,
    "prevEl":-0.30034154653549,
    "fAz":1.0161691337055,
    "obs":[],
    "azHMD":0,
    "prevHdg":1.1699073314667,
    "prevAz":1.025461435318,
    "fEl":-0.069816681317522,
    "prevPitch":0.23040281236172,
    "elHMD":0,
    "elHUD":-0.49276645980772
  }
}'.
2026-01-08 14:49:50 EDIT    Line: '1' Which had the content: '{
  "16777728":{
    "unNormAz":-0.22510808551657,
    "beenThreat":1,
    "azHUD":-0.26323651481034,
    "phyRange":0,
    "prevEl":-0.25058019161224,
    "fAz":6.058077221663,
    "obs":[],
    "azHMD":0,
    "prevHdg":1.1699073314667,
    "prevAz":6.014732837677,
    "fEl":-0.058280460848523,
    "prevPitch":0.23040281236172,
    "elHMD":0,
    "elHUD":-0.23822688547557
  },
  "16783104":{
    "unNormAz":1.75360576875,
    "beenThreat":0,
    "azHUD":1.7025322521848,
    "phyRange":0,
    "prevEl":-0.010937517508864,
    "fAz":1.75360576875,
    "obs":[],
    "azHMD":0,
    "prevHdg":1.1699073314667,
    "prevAz":1.7303321361542,
    "fEl":0.076965765278186,
    "prevPitch":0.23040281236172,
    "elHMD":0,
    "elHUD":-0.50157686830181
  },
  "16782848":{
    "unNormAz":1.0161691337055,
    "beenThreat":0,
    "azHUD":0.95063860065169,
    "phyRange":0,
    "prevEl":-0.30034154653549,
    "fAz":1.0161691337055,
    "obs":[],
    "azHMD":0,
    "prevHdg":1.1699073314667,
    "prevAz":1.025461435318,
    "fEl":-0.069816681317522,
    "prevPitch":0.23040281236172,
    "elHMD":0,
    "elHUD":-0.49786013335498
  }
}', and now has the content: '{
  "16777728":{
    "unNormAz":-0.22510808551657,
    "beenThreat":1,
    "azHUD":-0.26323651481034,
    "phyRange":0,
    "prevEl":-0.25058019161224,
    "fAz":6.058077221663,
    "obs":[],
    "azHMD":0,
    "prevHdg":1.1699073314667,
    "prevAz":6.014732837677,
    "fEl":-0.058280460848523,
    "prevPitch":0.23040281236172,
    "elHMD":0,
    "elHUD":-0.23822688547557
  },
  "16783104":{
    "unNormAz":1.75360576875,
    "beenThreat":0,
    "azHUD":1.7025322521848,
    "phyRange":0,
    "prevEl":-0.010937517508864,
    "fAz":1.75360576875,
    "obs":[],
    "azHMD":0,
    "prevHdg":1.1699073314667,
    "prevAz":1.7303321361542,
    "fEl":0.076965765278186,
    "prevPitch":0.23040281236172,
    "elHMD":0,
    "elHUD":-0.50157686830181
  },
  "16782848":{
    "unNormAz":1.0161691337055,
    "beenThreat":0,
    "azHUD":0.95063860065169,
    "phyRange":0,
    "prevEl":-0.30034154653549,
    "fAz":1.0161691337055,
    "obs":[],
    "azHMD":0,
    "prevHdg":1.1699073314667,
    "prevAz":1.025461435318,
    "fEl":-0.069816681317522,
    "prevPitch":0.23040281236172,
    "elHMD":0,
    "elHUD":-0.49786013335498
  }
}'.
2026-01-08 14:49:50 EDIT    Line: '1' Which had the content: '{
  "16777728":{
    "unNormAz":-0.22510808551657,
    "beenThreat":1,
    "azHUD":-0.26368711508769,
    "phyRange":0,
    "prevEl":-0.25058019161224,
    "fAz":6.058077221663,
    "obs":[],
    "azHMD":0,
    "prevHdg":1.1699073314667,
    "prevAz":6.014732837677,
    "fEl":-0.058280460848523,
    "prevPitch":0.23040281236172,
    "elHMD":0,
    "elHUD":-0.23674226842129
  },
  "16783104":{
    "unNormAz":1.75360576875,
    "beenThreat":0,
    "azHUD":1.7006212679018,
    "phyRange":0,
    "prevEl":-0.010937517508864,
    "fAz":1.75360576875,
    "obs":[],
    "azHMD":0,
    "prevHdg":1.1699073314667,
    "prevAz":1.7303321361542,
    "fEl":0.076965765278186,
    "prevPitch":0.23040281236172,
    "elHMD":0,
    "elHUD":-0.51077262306334
  },
  "16782848":{
    "unNormAz":1.0161691337055,
    "beenThreat":0,
    "azHUD":0.94875892330727,
    "phyRange":0,
    "prevEl":-0.30034154653549,
    "fAz":1.0161691337055,
    "obs":[],
    "azHMD":0,
    "prevHdg":1.1699073314667,
    "prevAz":1.025461435318,
    "fEl":-0.069816681317522,
    "prevPitch":0.23040281236172,
    "elHMD":0,
    "elHUD":-0.50296928305865
  }
}', and now has the content: '{
  "16777728":{
    "unNormAz":-0.22510808551657,
    "beenThreat":1,
    "azHUD":-0.26368711508769,
    "phyRange":0,
    "prevEl":-0.25058019161224,
    "fAz":6.058077221663,
    "obs":[],
    "azHMD":0,
    "prevHdg":1.1699073314667,
    "prevAz":6.014732837677,
    "fEl":-0.058280460848523,
    "prevPitch":0.23040281236172,
    "elHMD":0,
    "elHUD":-0.23674226842129
  },
  "16783104":{
    "unNormAz":1.75360576875,
    "beenThreat":0,
    "azHUD":1.7006212679018,
    "phyRange":0,
    "prevEl":-0.010937517508864,
    "fAz":1.75360576875,
    "obs":[],
    "azHMD":0,
    "prevHdg":1.1699073314667,
    "prevAz":1.7303321361542,
    "fEl":0.076965765278186,
    "prevPitch":0.23040281236172,
    "elHMD":0,
    "elHUD":-0.51077262306334
  },
  "16782848":{
    "unNormAz":1.0161691337055,
    "beenThreat":0,
    "azHUD":0.94875892330727,
    "phyRange":0,
    "prevEl":-0.30034154653549,
    "fAz":1.0161691337055,
    "obs":[],
    "azHMD":0,
    "prevHdg":1.1699073314667,
    "prevAz":1.025461435318,
    "fEl":-0.069816681317522,
    "prevPitch":0.23040281236172,
    "elHMD":0,
    "elHUD":-0.50296928305865
  }
}'.
2026-01-08 14:49:50 EDIT    Line: '1' Which had the content: '{
  "16777728":{
    "unNormAz":-0.22510808551657,
    "beenThreat":1,
    "azHUD":-0.26412480126814,
    "phyRange":0,
    "prevEl":-0.25058019161224,
    "fAz":6.058077221663,
    "obs":[],
    "azHMD":0,
    "prevHdg":1.1699073314667,
    "prevAz":6.014732837677,
    "fEl":-0.058280460848523,
    "prevPitch":0.23040281236172,
    "elHMD":0,
    "elHUD":-0.23525185711549
  },
  "16783104":{
    "unNormAz":1.75360576875,
    "beenThreat":0,
    "azHUD":1.6986623781966,
    "phyRange":0,
    "prevEl":-0.010937517508864,
    "fAz":1.75360576875,
    "obs":[],
    "azHMD":0,
    "prevHdg":1.1699073314667,
    "prevAz":1.7303321361542,
    "fEl":0.076965765278186,
    "prevPitch":0.23040281236172,
    "elHMD":0,
    "elHUD":-0.51997373347341
  },
  "16782848":{
    "unNormAz":1.0161691337055,
    "beenThreat":0,
    "azHUD":0.94685366803221,
    "phyRange":0,
    "prevEl":-0.30034154653549,
    "fAz":1.0161691337055,
    "obs":[],
    "azHMD":0,
    "prevHdg":1.1699073314667,
    "prevAz":1.025461435318,
    "fEl":-0.069816681317522,
    "prevPitch":0.23040281236172,
    "elHMD":0,
    "elHUD":-0.50807664747253
  }
}', and now has the content: '{
  "16777728":{
    "unNormAz":-0.22510808551657,
    "beenThreat":1,
    "azHUD":-0.26412480126814,
    "phyRange":0,
    "prevEl":-0.25058019161224,
    "fAz":6.058077221663,
    "obs":[],
    "azHMD":0,
    "prevHdg":1.1699073314667,
    "prevAz":6.014732837677,
    "fEl":-0.058280460848523,
    "prevPitch":0.23040281236172,
    "elHMD":0,
    "elHUD":-0.23525185711549
  },
  "16783104":{
    "unNormAz":1.75360576875,
    "beenThreat":0,
    "azHUD":1.6986623781966,
    "phyRange":0,
    "prevEl":-0.010937517508864,
    "fAz":1.75360576875,
    "obs":[],
    "azHMD":0,
    "prevHdg":1.1699073314667,
    "prevAz":1.7303321361542,
    "fEl":0.076965765278186,
    "prevPitch":0.23040281236172,
    "elHMD":0,
    "elHUD":-0.51997373347341
  },
  "16782848":{
    "unNormAz":1.0161691337055,
    "beenThreat":0,
    "azHUD":0.94685366803221,
    "phyRange":0,
    "prevEl":-0.30034154653549,
    "fAz":1.0161691337055,
    "obs":[],
    "azHMD":0,
    "prevHdg":1.1699073314667,
    "prevAz":1.025461435318,
    "fEl":-0.069816681317522,
    "prevPitch":0.23040281236172,
    "elHMD":0,
    "elHUD":-0.50807664747253
  }
}'.
2026-01-08 14:49:50 EDIT    Line: '1' Which had the content: '{
  "16777728":{
    "unNormAz":-0.22510808551657,
    "beenThreat":1,
    "azHUD":-0.26454708213672,
    "phyRange":0,
    "prevEl":-0.25058019161224,
    "fAz":6.058077221663,
    "obs":[],
    "azHMD":0,
    "prevHdg":1.1699073314667,
    "prevAz":6.014732837677,
    "fEl":-0.058280460848523,
    "prevPitch":0.23040281236172,
    "elHMD":0,
    "elHUD":-0.23376005556317
  },
  "16783104":{
    "unNormAz":1.75360576875,
    "beenThreat":0,
    "azHUD":1.6966626602193,
    "phyRange":0,
    "prevEl":-0.010937517508864,
    "fAz":1.75360576875,
    "obs":[],
    "azHMD":0,
    "prevHdg":1.1699073314667,
    "prevAz":1.7303321361542,
    "fEl":0.076965765278186,
    "prevPitch":0.23040281236172,
    "elHMD":0,
    "elHUD":-0.5291520074437
  },
  "16782848":{
    "unNormAz":1.0161691337055,
    "beenThreat":0,
    "azHUD":0.94492976796349,
    "phyRange":0,
    "prevEl":-0.30034154653549,
    "fAz":1.0161691337055,
    "obs":[],
    "azHMD":0,
    "prevHdg":1.1699073314667,
    "prevAz":1.025461435318,
    "fEl":-0.069816681317522,
    "prevPitch":0.23040281236172,
    "elHMD":0,
    "elHUD":-0.51316651292241
  }
}', and now has the content: '{
  "16777728":{
    "unNormAz":-0.22510808551657,
    "beenThreat":1,
    "azHUD":-0.26454708213672,
    "phyRange":0,
    "prevEl":-0.25058019161224,
    "fAz":6.058077221663,
    "obs":[],
    "azHMD":0,
    "prevHdg":1.1699073314667,
    "prevAz":6.014732837677,
    "fEl":-0.058280460848523,
    "prevPitch":0.23040281236172,
    "elHMD":0,
    "elHUD":-0.23376005556317
  },
  "16783104":{
    "unNormAz":1.75360576875,
    "beenThreat":0,
    "azHUD":1.6966626602193,
    "phyRange":0,
    "prevEl":-0.010937517508864,
    "fAz":1.75360576875,
    "obs":[],
    "azHMD":0,
    "prevHdg":1.1699073314667,
    "prevAz":1.7303321361542,
    "fEl":0.076965765278186,
    "prevPitch":0.23040281236172,
    "elHMD":0,
    "elHUD":-0.5291520074437
  },
  "16782848":{
    "unNormAz":1.0161691337055,
    "beenThreat":0,
    "azHUD":0.94492976796349,
    "phyRange":0,
    "prevEl":-0.30034154653549,
    "fAz":1.0161691337055,
    "obs":[],
    "azHMD":0,
    "prevHdg":1.1699073314667,
    "prevAz":1.025461435318,
    "fEl":-0.069816681317522,
    "prevPitch":0.23040281236172,
    "elHMD":0,
    "elHUD":-0.51316651292241
  }
}'.
2026-01-08 14:49:50 EDIT    Line: '1' Which had the content: '{
  "16777728":{
    "unNormAz":-0.22510808551657,
    "beenThreat":1,
    "azHUD":-0.26454708213672,
    "phyRange":0,
    "prevEl":-0.25058019161224,
    "fAz":6.058077221663,
    "obs":[],
    "azHMD":0,
    "prevHdg":1.1699073314667,
    "prevAz":6.014732837677,
    "fEl":-0.058280460848523,
    "prevPitch":0.23040281236172,
    "elHMD":0,
    "elHUD":-0.23376005556317
  },
  "16783104":{
    "unNormAz":1.75360576875,
    "beenThreat":0,
    "azHUD":1.6966626602193,
    "phyRange":0,
    "prevEl":-0.010937517508864,
    "fAz":1.75360576875,
    "obs":[],
    "azHMD":0,
    "prevHdg":1.1699073314667,
    "prevAz":1.7303321361542,
    "fEl":0.076965765278186,
    "prevPitch":0.23040281236172,
    "elHMD":0,
    "elHUD":-0.5291520074437
  },
  "16782848":{
    "unNormAz":1.0161691337055,
    "beenThreat":0,
    "azHUD":0.94492976796349,
    "phyRange":0,
    "prevEl":-0.30034154653549,
    "fAz":1.0161691337055,
    "obs":[],
    "azHMD":0,
    "prevHdg":1.1699073314667,
    "prevAz":1.025461435318,
    "fEl":-0.069816681317522,
    "prevPitch":0.23040281236172,
    "elHMD":0,
    "elHUD":-0.51316651292241
  }
}', and now has the content: '{
  "16777728":{
    "unNormAz":-0.22510808551657,
    "beenThreat":1,
    "azHUD":-0.26454708213672,
    "phyRange":0,
    "prevEl":-0.25058019161224,
    "fAz":6.058077221663,
    "obs":[],
    "azHMD":0,
    "prevHdg":1.1699073314667,
    "prevAz":6.014732837677,
    "fEl":-0.058280460848523,
    "prevPitch":0.23040281236172,
    "elHMD":0,
    "elHUD":-0.23376005556317
  },
  "16783104":{
    "unNormAz":1.75360576875,
    "beenThreat":0,
    "azHUD":1.6966626602193,
    "phyRange":0,
    "prevEl":-0.010937517508864,
    "fAz":1.75360576875,
    "obs":[],
    "azHMD":0,
    "prevHdg":1.1699073314667,
    "prevAz":1.7303321361542,
    "fEl":0.076965765278186,
    "prevPitch":0.23040281236172,
    "elHMD":0,
    "elHUD":-0.5291520074437
  },
  "16782848":{
    "unNormAz":1.0161691337055,
    "beenThreat":0,
    "azHUD":0.94492976796349,
    "phyRange":0,
    "prevEl":-0.30034154653549,
    "fAz":1.0161691337055,
    "obs":[],
    "azHMD":0,
    "prevHdg":1.1699073314667,
    "prevAz":1.025461435318,
    "fEl":-0.069816681317522,
    "prevPitch":0.23040281236172,
    "elHMD":0,
    "elHUD":-0.51316651292241
  }
}'.
2026-01-08 14:49:50 EDIT    Line: '1' Which had the content: '{
  "16777728":{
    "unNormAz":-0.22510808551657,
    "beenThreat":1,
    "azHUD":-0.26495041163543,
    "phyRange":0,
    "prevEl":-0.25058019161224,
    "fAz":6.058077221663,
    "obs":[],
    "azHMD":0,
    "prevHdg":1.1699073314667,
    "prevAz":6.014732837677,
    "fEl":-0.058280460848523,
    "prevPitch":0.23040281236172,
    "elHMD":0,
    "elHUD":-0.23227130784098
  },
  "16783104":{
    "unNormAz":1.75360576875,
    "beenThreat":0,
    "azHUD":1.6946305018778,
    "phyRange":0,
    "prevEl":-0.010937517508864,
    "fAz":1.75360576875,
    "obs":[],
    "azHMD":0,
    "prevHdg":1.1699073314667,
    "prevAz":1.7303321361542,
    "fEl":0.076965765278186,
    "prevPitch":0.23040281236172,
    "elHMD":0,
    "elHUD":-0.53828225885846
  },
  "16782848":{
    "unNormAz":1.0161691337055,
    "beenThreat":0,
    "azHUD":0.94299522698251,
    "phyRange":0,
    "prevEl":-0.30034154653549,
    "fAz":1.0161691337055,
    "obs":[],
    "azHMD":0,
    "prevHdg":1.1699073314667,
    "prevAz":1.025461435318,
    "fEl":-0.069816681317522,
    "prevPitch":0.23040281236172,
    "elHMD":0,
    "elHUD":-0.51822506893931
  }
}', and now has the content: '{
  "16777728":{
    "unNormAz":-0.22510808551657,
    "beenThreat":1,
    "azHUD":-0.26495041163543,
    "phyRange":0,
    "prevEl":-0.25058019161224,
    "fAz":6.058077221663,
    "obs":[],
    "azHMD":0,
    "prevHdg":1.1699073314667,
    "prevAz":6.014732837677,
    "fEl":-0.058280460848523,
    "prevPitch":0.23040281236172,
    "elHMD":0,
    "elHUD":-0.23227130784098
  },
  "16783104":{
    "unNormAz":1.75360576875,
    "beenThreat":0,
    "azHUD":1.6946305018778,
    "phyRange":0,
    "prevEl":-0.010937517508864,
    "fAz":1.75360576875,
    "obs":[],
    "azHMD":0,
    "prevHdg":1.1699073314667,
    "prevAz":1.7303321361542,
    "fEl":0.076965765278186,
    "prevPitch":0.23040281236172,
    "elHMD":0,
    "elHUD":-0.53828225885846
  },
  "16782848":{
    "unNormAz":1.0161691337055,
    "beenThreat":0,
    "azHUD":0.94299522698251,
    "phyRange":0,
    "prevEl":-0.30034154653549,
    "fAz":1.0161691337055,
    "obs":[],
    "azHMD":0,
    "prevHdg":1.1699073314667,
    "prevAz":1.025461435318,
    "fEl":-0.069816681317522,
    "prevPitch":0.23040281236172,
    "elHMD":0,
    "elHUD":-0.51822506893931
  }
}'.
2026-01-08 14:49:50 EDIT    Line: '1' Which had the content: '{
  "16777728":{
    "unNormAz":-0.22510808551657,
    "beenThreat":1,
    "azHUD":-0.26533950036686,
    "phyRange":0,
    "prevEl":-0.25058019161224,
    "fAz":6.058077221663,
    "obs":[],
    "azHMD":0,
    "prevHdg":1.1699073314667,
    "prevAz":6.014732837677,
    "fEl":-0.058280460848523,
    "prevPitch":0.23040281236172,
    "elHMD":0,
    "elHUD":-0.2307842146297
  },
  "16783104":{
    "unNormAz":1.75360576875,
    "beenThreat":0,
    "azHUD":1.6925613956119,
    "phyRange":0,
    "prevEl":-0.010937517508864,
    "fAz":1.75360576875,
    "obs":[],
    "azHMD":0,
    "prevHdg":1.1699073314667,
    "prevAz":1.7303321361542,
    "fEl":0.076965765278186,
    "prevPitch":0.23040281236172,
    "elHMD":0,
    "elHUD":-0.54736617917254
  },
  "16782848":{
    "unNormAz":1.0161691337055,
    "beenThreat":0,
    "azHUD":0.94104531134149,
    "phyRange":0,
    "prevEl":-0.30034154653549,
    "fAz":1.0161691337055,
    "obs":[],
    "azHMD":0,
    "prevHdg":1.1699073314667,
    "prevAz":1.025461435318,
    "fEl":-0.069816681317522,
    "prevPitch":0.23040281236172,
    "elHMD":0,
    "elHUD":-0.52325285469524
  }
}', and now has the content: '{
  "16777728":{
    "unNormAz":-0.22510808551657,
    "beenThreat":1,
    "azHUD":-0.26533950036686,
    "phyRange":0,
    "prevEl":-0.25058019161224,
    "fAz":6.058077221663,
    "obs":[],
    "azHMD":0,
    "prevHdg":1.1699073314667,
    "prevAz":6.014732837677,
    "fEl":-0.058280460848523,
    "prevPitch":0.23040281236172,
    "elHMD":0,
    "elHUD":-0.2307842146297
  },
  "16783104":{
    "unNormAz":1.75360576875,
    "beenThreat":0,
    "azHUD":1.6925613956119,
    "phyRange":0,
    "prevEl":-0.010937517508864,
    "fAz":1.75360576875,
    "obs":[],
    "azHMD":0,
    "prevHdg":1.1699073314667,
    "prevAz":1.7303321361542,
    "fEl":0.076965765278186,
    "prevPitch":0.23040281236172,
    "elHMD":0,
    "elHUD":-0.54736617917254
  },
  "16782848":{
    "unNormAz":1.0161691337055,
    "beenThreat":0,
    "azHUD":0.94104531134149,
    "phyRange":0,
    "prevEl":-0.30034154653549,
    "fAz":1.0161691337055,
    "obs":[],
    "azHMD":0,
    "prevHdg":1.1699073314667,
    "prevAz":1.025461435318,
    "fEl":-0.069816681317522,
    "prevPitch":0.23040281236172,
    "elHMD":0,
    "elHUD":-0.52325285469524
  }
}'.
2026-01-08 14:49:50 EDIT    Line: '1' Which had the content: '{
  "16777728":{
    "unNormAz":-0.22510808551657,
    "beenThreat":1,
    "azHUD":-0.26570548955306,
    "phyRange":0,
    "prevEl":-0.25058019161224,
    "fAz":6.058077221663,
    "obs":[],
    "azHMD":0,
    "prevHdg":1.1699073314667,
    "prevAz":6.014732837677,
    "fEl":-0.058280460848523,
    "prevPitch":0.23040281236172,
    "elHMD":0,
    "elHUD":-0.22931136057194
  },
  "16783104":{
    "unNormAz":1.75360576875,
    "beenThreat":0,
    "azHUD":1.6904795114548,
    "phyRange":0,
    "prevEl":-0.010937517508864,
    "fAz":1.75360576875,
    "obs":[],
    "azHMD":0,
    "prevHdg":1.1699073314667,
    "prevAz":1.7303321361542,
    "fEl":0.076965765278186,
    "prevPitch":0.23040281236172,
    "elHMD":0,
    "elHUD":-0.55632863928983
  },
  "16782848":{
    "unNormAz":1.0161691337055,
    "beenThreat":0,
    "azHUD":0.93910268651562,
    "phyRange":0,
    "prevEl":-0.30034154653549,
    "fAz":1.0161691337055,
    "obs":[],
    "azHMD":0,
    "prevHdg":1.1699073314667,
    "prevAz":1.025461435318,
    "fEl":-0.069816681317522,
    "prevPitch":0.23040281236172,
    "elHMD":0,
    "elHUD":-0.52820846363659
  }
}', and now has the content: '{
  "16777728":{
    "unNormAz":-0.22510808551657,
    "beenThreat":1,
    "azHUD":-0.26570548955306,
    "phyRange":0,
    "prevEl":-0.25058019161224,
    "fAz":6.058077221663,
    "obs":[],
    "azHMD":0,
    "prevHdg":1.1699073314667,
    "prevAz":6.014732837677,
    "fEl":-0.058280460848523,
    "prevPitch":0.23040281236172,
    "elHMD":0,
    "elHUD":-0.22931136057194
  },
  "16783104":{
    "unNormAz":1.75360576875,
    "beenThreat":0,
    "azHUD":1.6904795114548,
    "phyRange":0,
    "prevEl":-0.010937517508864,
    "fAz":1.75360576875,
    "obs":[],
    "azHMD":0,
    "prevHdg":1.1699073314667,
    "prevAz":1.7303321361542,
    "fEl":0.076965765278186,
    "prevPitch":0.23040281236172,
    "elHMD":0,
    "elHUD":-0.55632863928983
  },
  "16782848":{
    "unNormAz":1.0161691337055,
    "beenThreat":0,
    "azHUD":0.93910268651562,
    "phyRange":0,
    "prevEl":-0.30034154653549,
    "fAz":1.0161691337055,
    "obs":[],
    "azHMD":0,
    "prevHdg":1.1699073314667,
    "prevAz":1.025461435318,
    "fEl":-0.069816681317522,
    "prevPitch":0.23040281236172,
    "elHMD":0,
    "elHUD":-0.52820846363659
  }
}'.
2026-01-08 14:49:50 EDIT    Line: '1' Which had the content: '{
  "16777728":{
    "unNormAz":-0.22510808551657,
    "beenThreat":1,
    "azHUD":-0.26604860858197,
    "phyRange":0,
    "prevEl":-0.25058019161224,
    "fAz":6.058077221663,
    "obs":[],
    "azHMD":0,
    "prevHdg":1.1699073314667,
    "prevAz":6.014732837677,
    "fEl":-0.058280460848523,
    "prevPitch":0.23040281236172,
    "elHMD":0,
    "elHUD":-0.22785532946463
  },
  "16783104":{
    "unNormAz":1.75360576875,
    "beenThreat":0,
    "azHUD":1.6883900806223,
    "phyRange":0,
    "prevEl":-0.010937517508864,
    "fAz":1.75360576875,
    "obs":[],
    "azHMD":0,
    "prevHdg":1.1699073314667,
    "prevAz":1.7303321361542,
    "fEl":0.076965765278186,
    "prevPitch":0.23040281236172,
    "elHMD":0,
    "elHUD":-0.56515262991273
  },
  "16782848":{
    "unNormAz":1.0161691337055,
    "beenThreat":0,
    "azHUD":0.93717148043482,
    "phyRange":0,
    "prevEl":-0.30034154653549,
    "fAz":1.0161691337055,
    "obs":[],
    "azHMD":0,
    "prevHdg":1.1699073314667,
    "prevAz":1.025461435318,
    "fEl":-0.069816681317522,
    "prevPitch":0.23040281236172,
    "elHMD":0,
    "elHUD":-0.53308251817623
  }
}', and now has the content: '{
  "16777728":{
    "unNormAz":-0.22510808551657,
    "beenThreat":1,
    "azHUD":-0.26604860858197,
    "phyRange":0,
    "prevEl":-0.25058019161224,
    "fAz":6.058077221663,
    "obs":[],
    "azHMD":0,
    "prevHdg":1.1699073314667,
    "prevAz":6.014732837677,
    "fEl":-0.058280460848523,
    "prevPitch":0.23040281236172,
    "elHMD":0,
    "elHUD":-0.22785532946463
  },
  "16783104":{
    "unNormAz":1.75360576875,
    "beenThreat":0,
    "azHUD":1.6883900806223,
    "phyRange":0,
    "prevEl":-0.010937517508864,
    "fAz":1.75360576875,
    "obs":[],
    "azHMD":0,
    "prevHdg":1.1699073314667,
    "prevAz":1.7303321361542,
    "fEl":0.076965765278186,
    "prevPitch":0.23040281236172,
    "elHMD":0,
    "elHUD":-0.56515262991273
  },
  "16782848":{
    "unNormAz":1.0161691337055,
    "beenThreat":0,
    "azHUD":0.93717148043482,
    "phyRange":0,
    "prevEl":-0.30034154653549,
    "fAz":1.0161691337055,
    "obs":[],
    "azHMD":0,
    "prevHdg":1.1699073314667,
    "prevAz":1.025461435318,
    "fEl":-0.069816681317522,
    "prevPitch":0.23040281236172,
    "elHMD":0,
    "elHUD":-0.53308251817623
  }
}'.
2026-01-08 14:49:50 EDIT    Line: '1' Which had the content: '{
  "16777728":{
    "unNormAz":-0.22510808551657,
    "beenThreat":1,
    "azHUD":-0.26636646117722,
    "phyRange":0,
    "prevEl":-0.25058019161224,
    "fAz":6.058077221663,
    "obs":[],
    "azHMD":0,
    "prevHdg":1.1699073314667,
    "prevAz":6.014732837677,
    "fEl":-0.058280460848523,
    "prevPitch":0.23040281236172,
    "elHMD":0,
    "elHUD":-0.22642265015595
  },
  "16783104":{
    "unNormAz":1.75360576875,
    "beenThreat":0,
    "azHUD":1.6863064238983,
    "phyRange":0,
    "prevEl":-0.010937517508864,
    "fAz":1.75360576875,
    "obs":[],
    "azHMD":0,
    "prevHdg":1.1699073314667,
    "prevAz":1.7303321361542,
    "fEl":0.076965765278186,
    "prevPitch":0.23040281236172,
    "elHMD":0,
    "elHUD":-0.57379660231522
  },
  "16782848":{
    "unNormAz":1.0161691337055,
    "beenThreat":0,
    "azHUD":0.93526323713397,
    "phyRange":0,
    "prevEl":-0.30034154653549,
    "fAz":1.0161691337055,
    "obs":[],
    "azHMD":0,
    "prevHdg":1.1699073314667,
    "prevAz":1.025461435318,
    "fEl":-0.069816681317522,
    "prevPitch":0.23040281236172,
    "elHMD":0,
    "elHUD":-0.53785207631685
  }
}', and now has the content: '{
  "16777728":{
    "unNormAz":-0.22510808551657,
    "beenThreat":1,
    "azHUD":-0.26636646117722,
    "phyRange":0,
    "prevEl":-0.25058019161224,
    "fAz":6.058077221663,
    "obs":[],
    "azHMD":0,
    "prevHdg":1.1699073314667,
    "prevAz":6.014732837677,
    "fEl":-0.058280460848523,
    "prevPitch":0.23040281236172,
    "elHMD":0,
    "elHUD":-0.22642265015595
  },
  "16783104":{
    "unNormAz":1.75360576875,
    "beenThreat":0,
    "azHUD":1.6863064238983,
    "phyRange":0,
    "prevEl":-0.010937517508864,
    "fAz":1.75360576875,
    "obs":[],
    "azHMD":0,
    "prevHdg":1.1699073314667,
    "prevAz":1.7303321361542,
    "fEl":0.076965765278186,
    "prevPitch":0.23040281236172,
    "elHMD":0,
    "elHUD":-0.57379660231522
  },
  "16782848":{
    "unNormAz":1.0161691337055,
    "beenThreat":0,
    "azHUD":0.93526323713397,
    "phyRange":0,
    "prevEl":-0.30034154653549,
    "fAz":1.0161691337055,
    "obs":[],
    "azHMD":0,
    "prevHdg":1.1699073314667,
    "prevAz":1.025461435318,
    "fEl":-0.069816681317522,
    "prevPitch":0.23040281236172,
    "elHMD":0,
    "elHUD":-0.53785207631685
  }
}'.
2026-01-08 14:49:50 EDIT    Line: '1' Which had the content: '{
  "16777728":{
    "unNormAz":-0.22510808551657,
    "beenThreat":1,
    "azHUD":-0.26665900317829,
    "phyRange":0,
    "prevEl":-0.25058019161224,
    "fAz":6.058077221663,
    "obs":[],
    "azHMD":0,
    "prevHdg":1.1699073314667,
    "prevAz":6.014732837677,
    "fEl":-0.058280460848523,
    "prevPitch":0.23040281236172,
    "elHMD":0,
    "elHUD":-0.22501877987358
  },
  "16783104":{
    "unNormAz":1.75360576875,
    "beenThreat":0,
    "azHUD":1.6842396743949,
    "phyRange":0,
    "prevEl":-0.010937517508864,
    "fAz":1.75360576875,
    "obs":[],
    "azHMD":0,
    "prevHdg":1.1699073314667,
    "prevAz":1.7303321361542,
    "fEl":0.076965765278186,
    "prevPitch":0.23040281236172,
    "elHMD":0,
    "elHUD":-0.58222237530785
  },
  "16782848":{
    "unNormAz":1.0161691337055,
    "beenThreat":0,
    "azHUD":0.93338703593051,
    "phyRange":0,
    "prevEl":-0.30034154653549,
    "fAz":1.0161691337055,
    "obs":[],
    "azHMD":0,
    "prevHdg":1.1699073314667,
    "prevAz":1.025461435318,
    "fEl":-0.069816681317522,
    "prevPitch":0.23040281236172,
    "elHMD":0,
    "elHUD":-0.54249590245356
  }
}', and now has the content: '{
  "16777728":{
    "unNormAz":-0.22510808551657,
    "beenThreat":1,
    "azHUD":-0.26665900317829,
    "phyRange":0,
    "prevEl":-0.25058019161224,
    "fAz":6.058077221663,
    "obs":[],
    "azHMD":0,
    "prevHdg":1.1699073314667,
    "prevAz":6.014732837677,
    "fEl":-0.058280460848523,
    "prevPitch":0.23040281236172,
    "elHMD":0,
    "elHUD":-0.22501877987358
  },
  "16783104":{
    "unNormAz":1.75360576875,
    "beenThreat":0,
    "azHUD":1.6842396743949,
    "phyRange":0,
    "prevEl":-0.010937517508864,
    "fAz":1.75360576875,
    "obs":[],
    "azHMD":0,
    "prevHdg":1.1699073314667,
    "prevAz":1.7303321361542,
    "fEl":0.076965765278186,
    "prevPitch":0.23040281236172,
    "elHMD":0,
    "elHUD":-0.58222237530785
  },
  "16782848":{
    "unNormAz":1.0161691337055,
    "beenThreat":0,
    "azHUD":0.93338703593051,
    "phyRange":0,
    "prevEl":-0.30034154653549,
    "fAz":1.0161691337055,
    "obs":[],
    "azHMD":0,
    "prevHdg":1.1699073314667,
    "prevAz":1.025461435318,
    "fEl":-0.069816681317522,
    "prevPitch":0.23040281236172,
    "elHMD":0,
    "elHUD":-0.54249590245356
  }
}'.
2026-01-08 14:49:50 EDIT    Line: '1' Which had the content: '{
  "16777728":{
    "unNormAz":-0.22510808551657,
    "beenThreat":1,
    "azHUD":-0.26665900317829,
    "phyRange":0,
    "prevEl":-0.25058019161224,
    "fAz":6.058077221663,
    "obs":[],
    "azHMD":0,
    "prevHdg":1.1699073314667,
    "prevAz":6.014732837677,
    "fEl":-0.058280460848523,
    "prevPitch":0.23040281236172,
    "elHMD":0,
    "elHUD":-0.22501877987358
  },
  "16783104":{
    "unNormAz":1.75360576875,
    "beenThreat":0,
    "azHUD":1.6842396743949,
    "phyRange":0,
    "prevEl":-0.010937517508864,
    "fAz":1.75360576875,
    "obs":[],
    "azHMD":0,
    "prevHdg":1.1699073314667,
    "prevAz":1.7303321361542,
    "fEl":0.076965765278186,
    "prevPitch":0.23040281236172,
    "elHMD":0,
    "elHUD":-0.58222237530785
  },
  "16782848":{
    "unNormAz":1.0161691337055,
    "beenThreat":0,
    "azHUD":0.93338703593051,
    "phyRange":0,
    "prevEl":-0.30034154653549,
    "fAz":1.0161691337055,
    "obs":[],
    "azHMD":0,
    "prevHdg":1.1699073314667,
    "prevAz":1.025461435318,
    "fEl":-0.069816681317522,
    "prevPitch":0.23040281236172,
    "elHMD":0,
    "elHUD":-0.54249590245356
  }
}', and now has the content: '{
  "16777728":{
    "unNormAz":-0.22510808551657,
    "beenThreat":1,
    "azHUD":-0.26665900317829,
    "phyRange":0,
    "prevEl":-0.25058019161224,
    "fAz":6.058077221663,
    "obs":[],
    "azHMD":0,
    "prevHdg":1.1699073314667,
    "prevAz":6.014732837677,
    "fEl":-0.058280460848523,
    "prevPitch":0.23040281236172,
    "elHMD":0,
    "elHUD":-0.22501877987358
  },
  "16783104":{
    "unNormAz":1.75360576875,
    "beenThreat":0,
    "azHUD":1.6842396743949,
    "phyRange":0,
    "prevEl":-0.010937517508864,
    "fAz":1.75360576875,
    "obs":[],
    "azHMD":0,
    "prevHdg":1.1699073314667,
    "prevAz":1.7303321361542,
    "fEl":0.076965765278186,
    "prevPitch":0.23040281236172,
    "elHMD":0,
    "elHUD":-0.58222237530785
  },
  "16782848":{
    "unNormAz":1.0161691337055,
    "beenThreat":0,
    "azHUD":0.93338703593051,
    "phyRange":0,
    "prevEl":-0.30034154653549,
    "fAz":1.0161691337055,
    "obs":[],
    "azHMD":0,
    "prevHdg":1.1699073314667,
    "prevAz":1.025461435318,
    "fEl":-0.069816681317522,
    "prevPitch":0.23040281236172,
    "elHMD":0,
    "elHUD":-0.54249590245356
  }
}'.
2026-01-08 14:49:50 EDIT    Line: '1' Which had the content: '{
  "16777728":{
    "unNormAz":-0.22510808551657,
    "beenThreat":1,
    "azHUD":-0.26691622601569,
    "phyRange":0,
    "prevEl":-0.25058019161224,
    "fAz":6.058077221663,
    "obs":[],
    "azHMD":0,
    "prevHdg":1.1699073314667,
    "prevAz":6.014732837677,
    "fEl":-0.058280460848523,
    "prevPitch":0.23040281236172,
    "elHMD":0,
    "elHUD":-0.22365862208721
  },
  "16783104":{
    "unNormAz":1.75360576875,
    "beenThreat":0,
    "azHUD":1.6822223441897,
    "phyRange":0,
    "prevEl":-0.010937517508864,
    "fAz":1.75360576875,
    "obs":[],
    "azHMD":0,
    "prevHdg":1.1699073314667,
    "prevAz":1.7303321361542,
    "fEl":0.076965765278186,
    "prevPitch":0.23040281236172,
    "elHMD":0,
    "elHUD":-0.5903449906448
  },
  "16782848":{
    "unNormAz":1.0161691337055,
    "beenThreat":0,
    "azHUD":0.93157176901365,
    "phyRange":0,
    "prevEl":-0.30034154653549,
    "fAz":1.0161691337055,
    "obs":[],
    "azHMD":0,
    "prevHdg":1.1699073314667,
    "prevAz":1.025461435318,
    "fEl":-0.069816681317522,
    "prevPitch":0.23040281236172,
    "elHMD":0,
    "elHUD":-0.54696767719226
  }
}', and now has the content: '{
  "16777728":{
    "unNormAz":-0.22510808551657,
    "beenThreat":1,
    "azHUD":-0.26691622601569,
    "phyRange":0,
    "prevEl":-0.25058019161224,
    "fAz":6.058077221663,
    "obs":[],
    "azHMD":0,
    "prevHdg":1.1699073314667,
    "prevAz":6.014732837677,
    "fEl":-0.058280460848523,
    "prevPitch":0.23040281236172,
    "elHMD":0,
    "elHUD":-0.22365862208721
  },
  "16783104":{
    "unNormAz":1.75360576875,
    "beenThreat":0,
    "azHUD":1.6822223441897,
    "phyRange":0,
    "prevEl":-0.010937517508864,
    "fAz":1.75360576875,
    "obs":[],
    "azHMD":0,
    "prevHdg":1.1699073314667,
    "prevAz":1.7303321361542,
    "fEl":0.076965765278186,
    "prevPitch":0.23040281236172,
    "elHMD":0,
    "elHUD":-0.5903449906448
  },
  "16782848":{
    "unNormAz":1.0161691337055,
    "beenThreat":0,
    "azHUD":0.93157176901365,
    "phyRange":0,
    "prevEl":-0.30034154653549,
    "fAz":1.0161691337055,
    "obs":[],
    "azHMD":0,
    "prevHdg":1.1699073314667,
    "prevAz":1.025461435318,
    "fEl":-0.069816681317522,
    "prevPitch":0.23040281236172,
    "elHMD":0,
    "elHUD":-0.54696767719226
  }
}'.
2026-01-08 14:49:50 EDIT    Line: '1' Which had the content: '{
  "16777728":{
    "unNormAz":-0.22510808551657,
    "beenThreat":1,
    "azHUD":-0.26714451056246,
    "phyRange":0,
    "prevEl":-0.25058019161224,
    "fAz":6.058077221663,
    "obs":[],
    "azHMD":0,
    "prevHdg":1.1699073314667,
    "prevAz":6.014732837677,
    "fEl":-0.058280460848523,
    "prevPitch":0.23040281236172,
    "elHMD":0,
    "elHUD":-0.2223410695363
  },
  "16783104":{
    "unNormAz":1.75360576875,
    "beenThreat":0,
    "azHUD":1.6802533774162,
    "phyRange":0,
    "prevEl":-0.010937517508864,
    "fAz":1.75360576875,
    "obs":[],
    "azHMD":0,
    "prevHdg":1.1699073314667,
    "prevAz":1.7303321361542,
    "fEl":0.076965765278186,
    "prevPitch":0.23040281236172,
    "elHMD":0,
    "elHUD":-0.59816220338086
  },
  "16782848":{
    "unNormAz":1.0161691337055,
    "beenThreat":0,
    "azHUD":0.9298144334785,
    "phyRange":0,
    "prevEl":-0.30034154653549,
    "fAz":1.0161691337055,
    "obs":[],
    "azHMD":0,
    "prevHdg":1.1699073314667,
    "prevAz":1.025461435318,
    "fEl":-0.069816681317522,
    "prevPitch":0.23040281236172,
    "elHMD":0,
    "elHUD":-0.55126584151725
  }
}', and now has the content: '{
  "16777728":{
    "unNormAz":-0.22510808551657,
    "beenThreat":1,
    "azHUD":-0.26714451056246,
    "phyRange":0,
    "prevEl":-0.25058019161224,
    "fAz":6.058077221663,
    "obs":[],
    "azHMD":0,
    "prevHdg":1.1699073314667,
    "prevAz":6.014732837677,
    "fEl":-0.058280460848523,
    "prevPitch":0.23040281236172,
    "elHMD":0,
    "elHUD":-0.2223410695363
  },
  "16783104":{
    "unNormAz":1.75360576875,
    "beenThreat":0,
    "azHUD":1.6802533774162,
    "phyRange":0,
    "prevEl":-0.010937517508864,
    "fAz":1.75360576875,
    "obs":[],
    "azHMD":0,
    "prevHdg":1.1699073314667,
    "prevAz":1.7303321361542,
    "fEl":0.076965765278186,
    "prevPitch":0.23040281236172,
    "elHMD":0,
    "elHUD":-0.59816220338086
  },
  "16782848":{
    "unNormAz":1.0161691337055,
    "beenThreat":0,
    "azHUD":0.9298144334785,
    "phyRange":0,
    "prevEl":-0.30034154653549,
    "fAz":1.0161691337055,
    "obs":[],
    "azHMD":0,
    "prevHdg":1.1699073314667,
    "prevAz":1.025461435318,
    "fEl":-0.069816681317522,
    "prevPitch":0.23040281236172,
    "elHMD":0,
    "elHUD":-0.55126584151725
  }
}'.
2026-01-08 14:49:50 EDIT    Line: '1' Which had the content: '{
  "16777728":{
    "unNormAz":-0.22510808551657,
    "beenThreat":1,
    "azHUD":-0.2673350973051,
    "phyRange":0,
    "prevEl":-0.25058019161224,
    "fAz":6.058077221663,
    "obs":[],
    "azHMD":0,
    "prevHdg":1.1699073314667,
    "prevAz":6.014732837677,
    "fEl":-0.058280460848523,
    "prevPitch":0.23040281236172,
    "elHMD":0,
    "elHUD":-0.22108335334793
  },
  "16783104":{
    "unNormAz":1.75360576875,
    "beenThreat":0,
    "azHUD":1.6783702880383,
    "phyRange":0,
    "prevEl":-0.010937517508864,
    "fAz":1.75360576875,
    "obs":[],
    "azHMD":0,
    "prevHdg":1.1699073314667,
    "prevAz":1.7303321361542,
    "fEl":0.076965765278186,
    "prevPitch":0.23040281236172,
    "elHMD":0,
    "elHUD":-0.60557082023551
  },
  "16782848":{
    "unNormAz":1.0161691337055,
    "beenThreat":0,
    "azHUD":0.92814756995557,
    "phyRange":0,
    "prevEl":-0.30034154653549,
    "fAz":1.0161691337055,
    "obs":[],
    "azHMD":0,
    "prevHdg":1.1699073314667,
    "prevAz":1.025461435318,
    "fEl":-0.069816681317522,
    "prevPitch":0.23040281236172,
    "elHMD":0,
    "elHUD":-0.55533387559387
  }
}', and now has the content: '{
  "16777728":{
    "unNormAz":-0.22510808551657,
    "beenThreat":1,
    "azHUD":-0.2673350973051,
    "phyRange":0,
    "prevEl":-0.25058019161224,
    "fAz":6.058077221663,
    "obs":[],
    "azHMD":0,
    "prevHdg":1.1699073314667,
    "prevAz":6.014732837677,
    "fEl":-0.058280460848523,
    "prevPitch":0.23040281236172,
    "elHMD":0,
    "elHUD":-0.22108335334793
  },
  "16783104":{
    "unNormAz":1.75360576875,
    "beenThreat":0,
    "azHUD":1.6783702880383,
    "phyRange":0,
    "prevEl":-0.010937517508864,
    "fAz":1.75360576875,
    "obs":[],
    "azHMD":0,
    "prevHdg":1.1699073314667,
    "prevAz":1.7303321361542,
    "fEl":0.076965765278186,
    "prevPitch":0.23040281236172,
    "elHMD":0,
    "elHUD":-0.60557082023551
  },
  "16782848":{
    "unNormAz":1.0161691337055,
    "beenThreat":0,
    "azHUD":0.92814756995557,
    "phyRange":0,
    "prevEl":-0.30034154653549,
    "fAz":1.0161691337055,
    "obs":[],
    "azHMD":0,
    "prevHdg":1.1699073314667,
    "prevAz":1.025461435318,
    "fEl":-0.069816681317522,
    "prevPitch":0.23040281236172,
    "elHMD":0,
    "elHUD":-0.55533387559387
  }
}'.
2026-01-08 14:49:50 EDIT    Line: '1' Which had the content: '{
  "16777728":{
    "unNormAz":-0.22510808551657,
    "beenThreat":1,
    "azHUD":-0.26749329073055,
    "phyRange":0,
    "prevEl":-0.25058019161224,
    "fAz":6.058077221663,
    "obs":[],
    "azHMD":0,
    "prevHdg":1.1699073314667,
    "prevAz":6.014732837677,
    "fEl":-0.058280460848523,
    "prevPitch":0.23040281236172,
    "elHMD":0,
    "elHUD":-0.21987704011423
  },
  "16783104":{
    "unNormAz":1.75360576875,
    "beenThreat":0,
    "azHUD":1.6765784948946,
    "phyRange":0,
    "prevEl":-0.010937517508864,
    "fAz":1.75360576875,
    "obs":[],
    "azHMD":0,
    "prevHdg":1.1699073314667,
    "prevAz":1.7303321361542,
    "fEl":0.076965765278186,
    "prevPitch":0.23040281236172,
    "elHMD":0,
    "elHUD":-0.61254095631247
  },
  "16782848":{
    "unNormAz":1.0161691337055,
    "beenThreat":0,
    "azHUD":0.92657360531884,
    "phyRange":0,
    "prevEl":-0.30034154653549,
    "fAz":1.0161691337055,
    "obs":[],
    "azHMD":0,
    "prevHdg":1.1699073314667,
    "prevAz":1.025461435318,
    "fEl":-0.069816681317522,
    "prevPitch":0.23040281236172,
    "elHMD":0,
    "elHUD":-0.55915048013179
  }
}', and now has the content: '{
  "16777728":{
    "unNormAz":-0.22510808551657,
    "beenThreat":1,
    "azHUD":-0.26749329073055,
    "phyRange":0,
    "prevEl":-0.25058019161224,
    "fAz":6.058077221663,
    "obs":[],
    "azHMD":0,
    "prevHdg":1.1699073314667,
    "prevAz":6.014732837677,
    "fEl":-0.058280460848523,
    "prevPitch":0.23040281236172,
    "elHMD":0,
    "elHUD":-0.21987704011423
  },
  "16783104":{
    "unNormAz":1.75360576875,
    "beenThreat":0,
    "azHUD":1.6765784948946,
    "phyRange":0,
    "prevEl":-0.010937517508864,
    "fAz":1.75360576875,
    "obs":[],
    "azHMD":0,
    "prevHdg":1.1699073314667,
    "prevAz":1.7303321361542,
    "fEl":0.076965765278186,
    "prevPitch":0.23040281236172,
    "elHMD":0,
    "elHUD":-0.61254095631247
  },
  "16782848":{
    "unNormAz":1.0161691337055,
    "beenThreat":0,
    "azHUD":0.92657360531884,
    "phyRange":0,
    "prevEl":-0.30034154653549,
    "fAz":1.0161691337055,
    "obs":[],
    "azHMD":0,
    "prevHdg":1.1699073314667,
    "prevAz":1.025461435318,
    "fEl":-0.069816681317522,
    "prevPitch":0.23040281236172,
    "elHMD":0,
    "elHUD":-0.55915048013179
  }
}'.
2026-01-08 14:49:50 EDIT    Line: '1' Which had the content: '{
  "16777728":{
    "unNormAz":-0.22510808551657,
    "beenThreat":1,
    "azHUD":-0.26761718091646,
    "phyRange":0,
    "prevEl":-0.25058019161224,
    "fAz":6.058077221663,
    "obs":[],
    "azHMD":0,
    "prevHdg":1.1699073314667,
    "prevAz":6.014732837677,
    "fEl":-0.058280460848523,
    "prevPitch":0.23040281236172,
    "elHMD":0,
    "elHUD":-0.21871394002132
  },
  "16783104":{
    "unNormAz":1.75360576875,
    "beenThreat":0,
    "azHUD":1.674902771995,
    "phyRange":0,
    "prevEl":-0.010937517508864,
    "fAz":1.75360576875,
    "obs":[],
    "azHMD":0,
    "prevHdg":1.1699073314667,
    "prevAz":1.7303321361542,
    "fEl":0.076965765278186,
    "prevPitch":0.23040281236172,
    "elHMD":0,
    "elHUD":-0.61898421282346
  },
  "16782848":{
    "unNormAz":1.0161691337055,
    "beenThreat":0,
    "azHUD":0.92511260532752,
    "phyRange":0,
    "prevEl":-0.30034154653549,
    "fAz":1.0161691337055,
    "obs":[],
    "azHMD":0,
    "prevHdg":1.1699073314667,
    "prevAz":1.025461435318,
    "fEl":-0.069816681317522,
    "prevPitch":0.23040281236172,
    "elHMD":0,
    "elHUD":-0.56265852327385
  }
}', and now has the content: '{
  "16777728":{
    "unNormAz":-0.22510808551657,
    "beenThreat":1,
    "azHUD":-0.26761718091646,
    "phyRange":0,
    "prevEl":-0.25058019161224,
    "fAz":6.058077221663,
    "obs":[],
    "azHMD":0,
    "prevHdg":1.1699073314667,
    "prevAz":6.014732837677,
    "fEl":-0.058280460848523,
    "prevPitch":0.23040281236172,
    "elHMD":0,
    "elHUD":-0.21871394002132
  },
  "16783104":{
    "unNormAz":1.75360576875,
    "beenThreat":0,
    "azHUD":1.674902771995,
    "phyRange":0,
    "prevEl":-0.010937517508864,
    "fAz":1.75360576875,
    "obs":[],
    "azHMD":0,
    "prevHdg":1.1699073314667,
    "prevAz":1.7303321361542,
    "fEl":0.076965765278186,
    "prevPitch":0.23040281236172,
    "elHMD":0,
    "elHUD":-0.61898421282346
  },
  "16782848":{
    "unNormAz":1.0161691337055,
    "beenThreat":0,
    "azHUD":0.92511260532752,
    "phyRange":0,
    "prevEl":-0.30034154653549,
    "fAz":1.0161691337055,
    "obs":[],
    "azHMD":0,
    "prevHdg":1.1699073314667,
    "prevAz":1.025461435318,
    "fEl":-0.069816681317522,
    "prevPitch":0.23040281236172,
    "elHMD":0,
    "elHUD":-0.56265852327385
  }
}'.
2026-01-08 14:49:50 EDIT    Line: '1' Which had the content: '{
  "16777728":{
    "unNormAz":-0.20274134680258,
    "beenThreat":1,
    "azHUD":-0.27045888945922,
    "phyRange":0,
    "prevEl":-0.20978778600693,
    "fAz":6.080443960377,
    "obs":[],
    "azHMD":0,
    "prevHdg":1.1439715623856,
    "prevAz":6.007071018219,
    "fEl":-0.056055364127872,
    "prevPitch":0.22418215870857,
    "elHMD":0,
    "elHUD":-0.21561333915442
  },
  "16783104":{
    "unNormAz":1.75360576875,
    "beenThreat":0,
    "azHUD":1.674902771995,
    "phyRange":0,
    "prevEl":-0.010937517508864,
    "fAz":1.75360576875,
    "obs":[],
    "azHMD":0,
    "prevHdg":1.1699073314667,
    "prevAz":1.7303321361542,
    "fEl":0.076965765278186,
    "prevPitch":0.23040281236172,
    "elHMD":0,
    "elHUD":-0.61898421282346
  },
  "16782848":{
    "unNormAz":1.0161691337055,
    "beenThreat":0,
    "azHUD":0.92511260532752,
    "phyRange":0,
    "prevEl":-0.30034154653549,
    "fAz":1.0161691337055,
    "obs":[],
    "azHMD":0,
    "prevHdg":1.1699073314667,
    "prevAz":1.025461435318,
    "fEl":-0.069816681317522,
    "prevPitch":0.23040281236172,
    "elHMD":0,
    "elHUD":-0.56265852327385
  }
}', and now has the content: '{
  "16777728":{
    "unNormAz":-0.20274134680258,
    "beenThreat":1,
    "azHUD":-0.27045888945922,
    "phyRange":0,
    "prevEl":-0.20978778600693,
    "fAz":6.080443960377,
    "obs":[],
    "azHMD":0,
    "prevHdg":1.1439715623856,
    "prevAz":6.007071018219,
    "fEl":-0.056055364127872,
    "prevPitch":0.22418215870857,
    "elHMD":0,
    "elHUD":-0.21561333915442
  },
  "16783104":{
    "unNormAz":1.75360576875,
    "beenThreat":0,
    "azHUD":1.674902771995,
    "phyRange":0,
    "prevEl":-0.010937517508864,
    "fAz":1.75360576875,
    "obs":[],
    "azHMD":0,
    "prevHdg":1.1699073314667,
    "prevAz":1.7303321361542,
    "fEl":0.076965765278186,
    "prevPitch":0.23040281236172,
    "elHMD":0,
    "elHUD":-0.61898421282346
  },
  "16782848":{
    "unNormAz":1.0161691337055,
    "beenThreat":0,
    "azHUD":0.92511260532752,
    "phyRange":0,
    "prevEl":-0.30034154653549,
    "fAz":1.0161691337055,
    "obs":[],
    "azHMD":0,
    "prevHdg":1.1699073314667,
    "prevAz":1.025461435318,
    "fEl":-0.069816681317522,
    "prevPitch":0.23040281236172,
    "elHMD":0,
    "elHUD":-0.56265852327385
  }
}'.
2026-01-08 14:49:50 EDIT    Line: '1' Which had the content: '{
  "16777728":{
    "unNormAz":-0.20274134680258,
    "beenThreat":1,
    "azHUD":-0.27052252351236,
    "phyRange":0,
    "prevEl":-0.20978778600693,
    "fAz":6.080443960377,
    "obs":[],
    "azHMD":0,
    "prevHdg":1.1439715623856,
    "prevAz":6.007071018219,
    "fEl":-0.056055364127872,
    "prevPitch":0.22418215870857,
    "elHMD":0,
    "elHUD":-0.21446172799652
  },
  "16783104":{
    "unNormAz":1.75360576875,
    "beenThreat":0,
    "azHUD":1.6733742893851,
    "phyRange":0,
    "prevEl":-0.010937517508864,
    "fAz":1.75360576875,
    "obs":[],
    "azHMD":0,
    "prevHdg":1.1699073314667,
    "prevAz":1.7303321361542,
    "fEl":0.076965765278186,
    "prevPitch":0.23040281236172,
    "elHMD":0,
    "elHUD":-0.62483379866838
  },
  "16782848":{
    "unNormAz":1.0161691337055,
    "beenThreat":0,
    "azHUD":0.92379176930751,
    "phyRange":0,
    "prevEl":-0.30034154653549,
    "fAz":1.0161691337055,
    "obs":[],
    "azHMD":0,
    "prevHdg":1.1699073314667,
    "prevAz":1.025461435318,
    "fEl":-0.069816681317522,
    "prevPitch":0.23040281236172,
    "elHMD":0,
    "elHUD":-0.5658090332847
  }
}', and now has the content: '{
  "16777728":{
    "unNormAz":-0.20274134680258,
    "beenThreat":1,
    "azHUD":-0.27052252351236,
    "phyRange":0,
    "prevEl":-0.20978778600693,
    "fAz":6.080443960377,
    "obs":[],
    "azHMD":0,
    "prevHdg":1.1439715623856,
    "prevAz":6.007071018219,
    "fEl":-0.056055364127872,
    "prevPitch":0.22418215870857,
    "elHMD":0,
    "elHUD":-0.21446172799652
  },
  "16783104":{
    "unNormAz":1.75360576875,
    "beenThreat":0,
    "azHUD":1.6733742893851,
    "phyRange":0,
    "prevEl":-0.010937517508864,
    "fAz":1.75360576875,
    "obs":[],
    "azHMD":0,
    "prevHdg":1.1699073314667,
    "prevAz":1.7303321361542,
    "fEl":0.076965765278186,
    "prevPitch":0.23040281236172,
    "elHMD":0,
    "elHUD":-0.62483379866838
  },
  "16782848":{
    "unNormAz":1.0161691337055,
    "beenThreat":0,
    "azHUD":0.92379176930751,
    "phyRange":0,
    "prevEl":-0.30034154653549,
    "fAz":1.0161691337055,
    "obs":[],
    "azHMD":0,
    "prevHdg":1.1699073314667,
    "prevAz":1.025461435318,
    "fEl":-0.069816681317522,
    "prevPitch":0.23040281236172,
    "elHMD":0,
    "elHUD":-0.5658090332847
  }
}'.
2026-01-08 14:49:50 EDIT    Line: '1' Which had the content: '{
  "16777728":{
    "unNormAz":-0.20274134680258,
    "beenThreat":1,
    "azHUD":-0.27054803321346,
    "phyRange":0,
    "prevEl":-0.20978778600693,
    "fAz":6.080443960377,
    "obs":[],
    "azHMD":0,
    "prevHdg":1.1439715623856,
    "prevAz":6.007071018219,
    "fEl":-0.056055364127872,
    "prevPitch":0.22418215870857,
    "elHMD":0,
    "elHUD":-0.21332620978107
  },
  "16783104":{
    "unNormAz":1.75360576875,
    "beenThreat":0,
    "azHUD":1.6719787605354,
    "phyRange":0,
    "prevEl":-0.010937517508864,
    "fAz":1.75360576875,
    "obs":[],
    "azHMD":0,
    "prevHdg":1.1699073314667,
    "prevAz":1.7303321361542,
    "fEl":0.076965765278186,
    "prevPitch":0.23040281236172,
    "elHMD":0,
    "elHUD":-0.63013517219417
  },
  "16782848":{
    "unNormAz":1.0161691337055,
    "beenThreat":0,
    "azHUD":0.9225958719849,
    "phyRange":0,
    "prevEl":-0.30034154653549,
    "fAz":1.0161691337055,
    "obs":[],
    "azHMD":0,
    "prevHdg":1.1699073314667,
    "prevAz":1.025461435318,
    "fEl":-0.069816681317522,
    "prevPitch":0.23040281236172,
    "elHMD":0,
    "elHUD":-0.56862774433317
  }
}', and now has the content: '{
  "16777728":{
    "unNormAz":-0.20274134680258,
    "beenThreat":1,
    "azHUD":-0.27054803321346,
    "phyRange":0,
    "prevEl":-0.20978778600693,
    "fAz":6.080443960377,
    "obs":[],
    "azHMD":0,
    "prevHdg":1.1439715623856,
    "prevAz":6.007071018219,
    "fEl":-0.056055364127872,
    "prevPitch":0.22418215870857,
    "elHMD":0,
    "elHUD":-0.21332620978107
  },
  "16783104":{
    "unNormAz":1.75360576875,
    "beenThreat":0,
    "azHUD":1.6719787605354,
    "phyRange":0,
    "prevEl":-0.010937517508864,
    "fAz":1.75360576875,
    "obs":[],
    "azHMD":0,
    "prevHdg":1.1699073314667,
    "prevAz":1.7303321361542,
    "fEl":0.076965765278186,
    "prevPitch":0.23040281236172,
    "elHMD":0,
    "elHUD":-0.63013517219417
  },
  "16782848":{
    "unNormAz":1.0161691337055,
    "beenThreat":0,
    "azHUD":0.9225958719849,
    "phyRange":0,
    "prevEl":-0.30034154653549,
    "fAz":1.0161691337055,
    "obs":[],
    "azHMD":0,
    "prevHdg":1.1699073314667,
    "prevAz":1.025461435318,
    "fEl":-0.069816681317522,
    "prevPitch":0.23040281236172,
    "elHMD":0,
    "elHUD":-0.56862774433317
  }
}'.
2026-01-08 14:49:50 EDIT    Line: '1' Which had the content: '{
  "16777728":{
    "unNormAz":-0.20274134680258,
    "beenThreat":1,
    "azHUD":-0.27053980726593,
    "phyRange":0,
    "prevEl":-0.20978778600693,
    "fAz":6.080443960377,
    "obs":[],
    "azHMD":0,
    "prevHdg":1.1439715623856,
    "prevAz":6.007071018219,
    "fEl":-0.056055364127872,
    "prevPitch":0.22418215870857,
    "elHMD":0,
    "elHUD":-0.21219141785463
  },
  "16783104":{
    "unNormAz":1.75360576875,
    "beenThreat":0,
    "azHUD":1.6707141693073,
    "phyRange":0,
    "prevEl":-0.010937517508864,
    "fAz":1.75360576875,
    "obs":[],
    "azHMD":0,
    "prevHdg":1.1699073314667,
    "prevAz":1.7303321361542,
    "fEl":0.076965765278186,
    "prevPitch":0.23040281236172,
    "elHMD":0,
    "elHUD":-0.63488877296688
  },
  "16782848":{
    "unNormAz":1.0161691337055,
    "beenThreat":0,
    "azHUD":0.92152123447294,
    "phyRange":0,
    "prevEl":-0.30034154653549,
    "fAz":1.0161691337055,
    "obs":[],
    "azHMD":0,
    "prevHdg":1.1699073314667,
    "prevAz":1.025461435318,
    "fEl":-0.069816681317522,
    "prevPitch":0.23040281236172,
    "elHMD":0,
    "elHUD":-0.57110927995612
  }
}', and now has the content: '{
  "16777728":{
    "unNormAz":-0.20274134680258,
    "beenThreat":1,
    "azHUD":-0.27053980726593,
    "phyRange":0,
    "prevEl":-0.20978778600693,
    "fAz":6.080443960377,
    "obs":[],
    "azHMD":0,
    "prevHdg":1.1439715623856,
    "prevAz":6.007071018219,
    "fEl":-0.056055364127872,
    "prevPitch":0.22418215870857,
    "elHMD":0,
    "elHUD":-0.21219141785463
  },
  "16783104":{
    "unNormAz":1.75360576875,
    "beenThreat":0,
    "azHUD":1.6707141693073,
    "phyRange":0,
    "prevEl":-0.010937517508864,
    "fAz":1.75360576875,
    "obs":[],
    "azHMD":0,
    "prevHdg":1.1699073314667,
    "prevAz":1.7303321361542,
    "fEl":0.076965765278186,
    "prevPitch":0.23040281236172,
    "elHMD":0,
    "elHUD":-0.63488877296688
  },
  "16782848":{
    "unNormAz":1.0161691337055,
    "beenThreat":0,
    "azHUD":0.92152123447294,
    "phyRange":0,
    "prevEl":-0.30034154653549,
    "fAz":1.0161691337055,
    "obs":[],
    "azHMD":0,
    "prevHdg":1.1699073314667,
    "prevAz":1.025461435318,
    "fEl":-0.069816681317522,
    "prevPitch":0.23040281236172,
    "elHMD":0,
    "elHUD":-0.57110927995612
  }
}'.
2026-01-08 14:49:50 EDIT    Line: '1' Which had the content: '{
  "16777728":{
    "unNormAz":-0.20274134680258,
    "beenThreat":1,
    "azHUD":-0.27050481743062,
    "phyRange":0,
    "prevEl":-0.20978778600693,
    "fAz":6.080443960377,
    "obs":[],
    "azHMD":0,
    "prevHdg":1.1439715623856,
    "prevAz":6.007071018219,
    "fEl":-0.056055364127872,
    "prevPitch":0.22418215870857,
    "elHMD":0,
    "elHUD":-0.21102475664998
  },
  "16783104":{
    "unNormAz":1.75360576875,
    "beenThreat":0,
    "azHUD":1.6695693331924,
    "phyRange":0,
    "prevEl":-0.010937517508864,
    "fAz":1.75360576875,
    "obs":[],
    "azHMD":0,
    "prevHdg":1.1699073314667,
    "prevAz":1.7303321361542,
    "fEl":0.076965765278186,
    "prevPitch":0.23040281236172,
    "elHMD":0,
    "elHUD":-0.63910459227002
  },
  "16782848":{
    "unNormAz":1.0161691337055,
    "beenThreat":0,
    "azHUD":0.92055617359906,
    "phyRange":0,
    "prevEl":-0.30034154653549,
    "fAz":1.0161691337055,
    "obs":[],
    "azHMD":0,
    "prevHdg":1.1699073314667,
    "prevAz":1.025461435318,
    "fEl":-0.069816681317522,
    "prevPitch":0.23040281236172,
    "elHMD":0,
    "elHUD":-0.57324744314887
  }
}', and now has the content: '{
  "16777728":{
    "unNormAz":-0.20274134680258,
    "beenThreat":1,
    "azHUD":-0.27050481743062,
    "phyRange":0,
    "prevEl":-0.20978778600693,
    "fAz":6.080443960377,
    "obs":[],
    "azHMD":0,
    "prevHdg":1.1439715623856,
    "prevAz":6.007071018219,
    "fEl":-0.056055364127872,
    "prevPitch":0.22418215870857,
    "elHMD":0,
    "elHUD":-0.21102475664998
  },
  "16783104":{
    "unNormAz":1.75360576875,
    "beenThreat":0,
    "azHUD":1.6695693331924,
    "phyRange":0,
    "prevEl":-0.010937517508864,
    "fAz":1.75360576875,
    "obs":[],
    "azHMD":0,
    "prevHdg":1.1699073314667,
    "prevAz":1.7303321361542,
    "fEl":0.076965765278186,
    "prevPitch":0.23040281236172,
    "elHMD":0,
    "elHUD":-0.63910459227002
  },
  "16782848":{
    "unNormAz":1.0161691337055,
    "beenThreat":0,
    "azHUD":0.92055617359906,
    "phyRange":0,
    "prevEl":-0.30034154653549,
    "fAz":1.0161691337055,
    "obs":[],
    "azHMD":0,
    "prevHdg":1.1699073314667,
    "prevAz":1.025461435318,
    "fEl":-0.069816681317522,
    "prevPitch":0.23040281236172,
    "elHMD":0,
    "elHUD":-0.57324744314887
  }
}'.
2026-01-08 14:49:50 EDIT    Line: '1' Which had the content: '{
  "16777728":{
    "unNormAz":-0.20274134680258,
    "beenThreat":1,
    "azHUD":-0.27043527111005,
    "phyRange":0,
    "prevEl":-0.20978778600693,
    "fAz":6.080443960377,
    "obs":[],
    "azHMD":0,
    "prevHdg":1.1439715623856,
    "prevAz":6.007071018219,
    "fEl":-0.056055364127872,
    "prevPitch":0.22418215870857,
    "elHMD":0,
    "elHUD":-0.20978688871037
  },
  "16783104":{
    "unNormAz":1.75360576875,
    "beenThreat":0,
    "azHUD":1.6685481419003,
    "phyRange":0,
    "prevEl":-0.010937517508864,
    "fAz":1.75360576875,
    "obs":[],
    "azHMD":0,
    "prevHdg":1.1699073314667,
    "prevAz":1.7303321361542,
    "fEl":0.076965765278186,
    "prevPitch":0.23040281236172,
    "elHMD":0,
    "elHUD":-0.64278039865128
  },
  "16782848":{
    "unNormAz":1.0161691337055,
    "beenThreat":0,
    "azHUD":0.91970423068234,
    "phyRange":0,
    "prevEl":-0.30034154653549,
    "fAz":1.0161691337055,
    "obs":[],
    "azHMD":0,
    "prevHdg":1.1699073314667,
    "prevAz":1.025461435318,
    "fEl":-0.069816681317522,
    "prevPitch":0.23040281236172,
    "elHMD":0,
    "elHUD":-0.57502588613594
  }
}', and now has the content: '{
  "16777728":{
    "unNormAz":-0.20274134680258,
    "beenThreat":1,
    "azHUD":-0.27043527111005,
    "phyRange":0,
    "prevEl":-0.20978778600693,
    "fAz":6.080443960377,
    "obs":[],
    "azHMD":0,
    "prevHdg":1.1439715623856,
    "prevAz":6.007071018219,
    "fEl":-0.056055364127872,
    "prevPitch":0.22418215870857,
    "elHMD":0,
    "elHUD":-0.20978688871037
  },
  "16783104":{
    "unNormAz":1.75360576875,
    "beenThreat":0,
    "azHUD":1.6685481419003,
    "phyRange":0,
    "prevEl":-0.010937517508864,
    "fAz":1.75360576875,
    "obs":[],
    "azHMD":0,
    "prevHdg":1.1699073314667,
    "prevAz":1.7303321361542,
    "fEl":0.076965765278186,
    "prevPitch":0.23040281236172,
    "elHMD":0,
    "elHUD":-0.64278039865128
  },
  "16782848":{
    "unNormAz":1.0161691337055,
    "beenThreat":0,
    "azHUD":0.91970423068234,
    "phyRange":0,
    "prevEl":-0.30034154653549,
    "fAz":1.0161691337055,
    "obs":[],
    "azHMD":0,
    "prevHdg":1.1699073314667,
    "prevAz":1.025461435318,
    "fEl":-0.069816681317522,
    "prevPitch":0.23040281236172,
    "elHMD":0,
    "elHUD":-0.57502588613594
  }
}'.
2026-01-08 14:49:50 EDIT    Line: '1' Which had the content: '{
  "16777728":{
    "unNormAz":-0.20274134680258,
    "beenThreat":1,
    "azHUD":-0.27035087464721,
    "phyRange":0,
    "prevEl":-0.20978778600693,
    "fAz":6.080443960377,
    "obs":[],
    "azHMD":0,
    "prevHdg":1.1439715623856,
    "prevAz":6.007071018219,
    "fEl":-0.056055364127872,
    "prevPitch":0.22418215870857,
    "elHMD":0,
    "elHUD":-0.20847013729572
  },
  "16783104":{
    "unNormAz":1.75360576875,
    "beenThreat":0,
    "azHUD":1.6676258567882,
    "phyRange":0,
    "prevEl":-0.010937517508864,
    "fAz":1.75360576875,
    "obs":[],
    "azHMD":0,
    "prevHdg":1.1699073314667,
    "prevAz":1.7303321361542,
    "fEl":0.076965765278186,
    "prevPitch":0.23040281236172,
    "elHMD":0,
    "elHUD":-0.6459472726926
  },
  "16782848":{
    "unNormAz":1.0161691337055,
    "beenThreat":0,
    "azHUD":0.91894066186121,
    "phyRange":0,
    "prevEl":-0.30034154653549,
    "fAz":1.0161691337055,
    "obs":[],
    "azHMD":0,
    "prevHdg":1.1699073314667,
    "prevAz":1.025461435318,
    "fEl":-0.069816681317522,
    "prevPitch":0.23040281236172,
    "elHMD":0,
    "elHUD":-0.57646089826195
  }
}', and now has the content: '{
  "16777728":{
    "unNormAz":-0.20274134680258,
    "beenThreat":1,
    "azHUD":-0.27035087464721,
    "phyRange":0,
    "prevEl":-0.20978778600693,
    "fAz":6.080443960377,
    "obs":[],
    "azHMD":0,
    "prevHdg":1.1439715623856,
    "prevAz":6.007071018219,
    "fEl":-0.056055364127872,
    "prevPitch":0.22418215870857,
    "elHMD":0,
    "elHUD":-0.20847013729572
  },
  "16783104":{
    "unNormAz":1.75360576875,
    "beenThreat":0,
    "azHUD":1.6676258567882,
    "phyRange":0,
    "prevEl":-0.010937517508864,
    "fAz":1.75360576875,
    "obs":[],
    "azHMD":0,
    "prevHdg":1.1699073314667,
    "prevAz":1.7303321361542,
    "fEl":0.076965765278186,
    "prevPitch":0.23040281236172,
    "elHMD":0,
    "elHUD":-0.6459472726926
  },
  "16782848":{
    "unNormAz":1.0161691337055,
    "beenThreat":0,
    "azHUD":0.91894066186121,
    "phyRange":0,
    "prevEl":-0.30034154653549,
    "fAz":1.0161691337055,
    "obs":[],
    "azHMD":0,
    "prevHdg":1.1699073314667,
    "prevAz":1.025461435318,
    "fEl":-0.069816681317522,
    "prevPitch":0.23040281236172,
    "elHMD":0,
    "elHUD":-0.57646089826195
  }
}'.
2026-01-08 14:49:50 EDIT    Line: '1' Which had the content: '{
  "16777728":{
    "unNormAz":-0.20274134680258,
    "beenThreat":1,
    "azHUD":-0.27035087464721,
    "phyRange":0,
    "prevEl":-0.20978778600693,
    "fAz":6.080443960377,
    "obs":[],
    "azHMD":0,
    "prevHdg":1.1439715623856,
    "prevAz":6.007071018219,
    "fEl":-0.056055364127872,
    "prevPitch":0.22418215870857,
    "elHMD":0,
    "elHUD":-0.20847013729572
  },
  "16783104":{
    "unNormAz":1.75360576875,
    "beenThreat":0,
    "azHUD":1.6676258567882,
    "phyRange":0,
    "prevEl":-0.010937517508864,
    "fAz":1.75360576875,
    "obs":[],
    "azHMD":0,
    "prevHdg":1.1699073314667,
    "prevAz":1.7303321361542,
    "fEl":0.076965765278186,
    "prevPitch":0.23040281236172,
    "elHMD":0,
    "elHUD":-0.6459472726926
  },
  "16782848":{
    "unNormAz":1.0161691337055,
    "beenThreat":0,
    "azHUD":0.91894066186121,
    "phyRange":0,
    "prevEl":-0.30034154653549,
    "fAz":1.0161691337055,
    "obs":[],
    "azHMD":0,
    "prevHdg":1.1699073314667,
    "prevAz":1.025461435318,
    "fEl":-0.069816681317522,
    "prevPitch":0.23040281236172,
    "elHMD":0,
    "elHUD":-0.57646089826195
  }
}', and now has the content: '{
  "16777728":{
    "unNormAz":-0.20274134680258,
    "beenThreat":1,
    "azHUD":-0.27035087464721,
    "phyRange":0,
    "prevEl":-0.20978778600693,
    "fAz":6.080443960377,
    "obs":[],
    "azHMD":0,
    "prevHdg":1.1439715623856,
    "prevAz":6.007071018219,
    "fEl":-0.056055364127872,
    "prevPitch":0.22418215870857,
    "elHMD":0,
    "elHUD":-0.20847013729572
  },
  "16783104":{
    "unNormAz":1.75360576875,
    "beenThreat":0,
    "azHUD":1.6676258567882,
    "phyRange":0,
    "prevEl":-0.010937517508864,
    "fAz":1.75360576875,
    "obs":[],
    "azHMD":0,
    "prevHdg":1.1699073314667,
    "prevAz":1.7303321361542,
    "fEl":0.076965765278186,
    "prevPitch":0.23040281236172,
    "elHMD":0,
    "elHUD":-0.6459472726926
  },
  "16782848":{
    "unNormAz":1.0161691337055,
    "beenThreat":0,
    "azHUD":0.91894066186121,
    "phyRange":0,
    "prevEl":-0.30034154653549,
    "fAz":1.0161691337055,
    "obs":[],
    "azHMD":0,
    "prevHdg":1.1699073314667,
    "prevAz":1.025461435318,
    "fEl":-0.069816681317522,
    "prevPitch":0.23040281236172,
    "elHMD":0,
    "elHUD":-0.57646089826195
  }
}'.
2026-01-08 14:49:50 EDIT    Line: '1' Which had the content: '{
  "16777728":{
    "unNormAz":-0.20274134680258,
    "beenThreat":1,
    "azHUD":-0.27023602432829,
    "phyRange":0,
    "prevEl":-0.20978778600693,
    "fAz":6.080443960377,
    "obs":[],
    "azHMD":0,
    "prevHdg":1.1439715623856,
    "prevAz":6.007071018219,
    "fEl":-0.056055364127872,
    "prevPitch":0.22418215870857,
    "elHMD":0,
    "elHUD":-0.20704485503385
  },
  "16783104":{
    "unNormAz":1.75360576875,
    "beenThreat":0,
    "azHUD":1.6668347761866,
    "phyRange":0,
    "prevEl":-0.010937517508864,
    "fAz":1.75360576875,
    "obs":[],
    "azHMD":0,
    "prevHdg":1.1699073314667,
    "prevAz":1.7303321361542,
    "fEl":0.076965765278186,
    "prevPitch":0.23040281236172,
    "elHMD":0,
    "elHUD":-0.64851599720831
  },
  "16782848":{
    "unNormAz":1.0161691337055,
    "beenThreat":0,
    "azHUD":0.91829441086538,
    "phyRange":0,
    "prevEl":-0.30034154653549,
    "fAz":1.0161691337055,
    "obs":[],
    "azHMD":0,
    "prevHdg":1.1699073314667,
    "prevAz":1.025461435318,
    "fEl":-0.069816681317522,
    "prevPitch":0.23040281236172,
    "elHMD":0,
    "elHUD":-0.57748643421394
  }
}', and now has the content: '{
  "16777728":{
    "unNormAz":-0.20274134680258,
    "beenThreat":1,
    "azHUD":-0.27023602432829,
    "phyRange":0,
    "prevEl":-0.20978778600693,
    "fAz":6.080443960377,
    "obs":[],
    "azHMD":0,
    "prevHdg":1.1439715623856,
    "prevAz":6.007071018219,
    "fEl":-0.056055364127872,
    "prevPitch":0.22418215870857,
    "elHMD":0,
    "elHUD":-0.20704485503385
  },
  "16783104":{
    "unNormAz":1.75360576875,
    "beenThreat":0,
    "azHUD":1.6668347761866,
    "phyRange":0,
    "prevEl":-0.010937517508864,
    "fAz":1.75360576875,
    "obs":[],
    "azHMD":0,
    "prevHdg":1.1699073314667,
    "prevAz":1.7303321361542,
    "fEl":0.076965765278186,
    "prevPitch":0.23040281236172,
    "elHMD":0,
    "elHUD":-0.64851599720831
  },
  "16782848":{
    "unNormAz":1.0161691337055,
    "beenThreat":0,
    "azHUD":0.91829441086538,
    "phyRange":0,
    "prevEl":-0.30034154653549,
    "fAz":1.0161691337055,
    "obs":[],
    "azHMD":0,
    "prevHdg":1.1699073314667,
    "prevAz":1.025461435318,
    "fEl":-0.069816681317522,
    "prevPitch":0.23040281236172,
    "elHMD":0,
    "elHUD":-0.57748643421394
  }
}'.
2026-01-08 14:49:50 EDIT    Line: '1' Which had the content: '{
  "16777728":{
    "unNormAz":-0.20274134680258,
    "beenThreat":1,
    "azHUD":-0.27009019699946,
    "phyRange":0,
    "prevEl":-0.20978778600693,
    "fAz":6.080443960377,
    "obs":[],
    "azHMD":0,
    "prevHdg":1.1439715623856,
    "prevAz":6.007071018219,
    "fEl":-0.056055364127872,
    "prevPitch":0.22418215870857,
    "elHMD":0,
    "elHUD":-0.20549551662078
  },
  "16783104":{
    "unNormAz":1.75360576875,
    "beenThreat":0,
    "azHUD":1.6661697548583,
    "phyRange":0,
    "prevEl":-0.010937517508864,
    "fAz":1.75360576875,
    "obs":[],
    "azHMD":0,
    "prevHdg":1.1699073314667,
    "prevAz":1.7303321361542,
    "fEl":0.076965765278186,
    "prevPitch":0.23040281236172,
    "elHMD":0,
    "elHUD":-0.65050951012227
  },
  "16782848":{
    "unNormAz":1.0161691337055,
    "beenThreat":0,
    "azHUD":0.91776058032961,
    "phyRange":0,
    "prevEl":-0.30034154653549,
    "fAz":1.0161691337055,
    "obs":[],
    "azHMD":0,
    "prevHdg":1.1699073314667,
    "prevAz":1.025461435318,
    "fEl":-0.069816681317522,
    "prevPitch":0.23040281236172,
    "elHMD":0,
    "elHUD":-0.57811071996842
  }
}', and now has the content: '{
  "16777728":{
    "unNormAz":-0.20274134680258,
    "beenThreat":1,
    "azHUD":-0.27009019699946,
    "phyRange":0,
    "prevEl":-0.20978778600693,
    "fAz":6.080443960377,
    "obs":[],
    "azHMD":0,
    "prevHdg":1.1439715623856,
    "prevAz":6.007071018219,
    "fEl":-0.056055364127872,
    "prevPitch":0.22418215870857,
    "elHMD":0,
    "elHUD":-0.20549551662078
  },
  "16783104":{
    "unNormAz":1.75360576875,
    "beenThreat":0,
    "azHUD":1.6661697548583,
    "phyRange":0,
    "prevEl":-0.010937517508864,
    "fAz":1.75360576875,
    "obs":[],
    "azHMD":0,
    "prevHdg":1.1699073314667,
    "prevAz":1.7303321361542,
    "fEl":0.076965765278186,
    "prevPitch":0.23040281236172,
    "elHMD":0,
    "elHUD":-0.65050951012227
  },
  "16782848":{
    "unNormAz":1.0161691337055,
    "beenThreat":0,
    "azHUD":0.91776058032961,
    "phyRange":0,
    "prevEl":-0.30034154653549,
    "fAz":1.0161691337055,
    "obs":[],
    "azHMD":0,
    "prevHdg":1.1699073314667,
    "prevAz":1.025461435318,
    "fEl":-0.069816681317522,
    "prevPitch":0.23040281236172,
    "elHMD":0,
    "elHUD":-0.57811071996842
  }
}'.
2026-01-08 14:49:50 EDIT    Line: '1' Which had the content: '{
  "16777728":{
    "unNormAz":-0.20274134680258,
    "beenThreat":1,
    "azHUD":-0.26992554155358,
    "phyRange":0,
    "prevEl":-0.20978778600693,
    "fAz":6.080443960377,
    "obs":[],
    "azHMD":0,
    "prevHdg":1.1439715623856,
    "prevAz":6.007071018219,
    "fEl":-0.056055364127872,
    "prevPitch":0.22418215870857,
    "elHMD":0,
    "elHUD":-0.20382413004599
  },
  "16783104":{
    "unNormAz":1.75360576875,
    "beenThreat":0,
    "azHUD":1.6656196038641,
    "phyRange":0,
    "prevEl":-0.010937517508864,
    "fAz":1.75360576875,
    "obs":[],
    "azHMD":0,
    "prevHdg":1.1699073314667,
    "prevAz":1.7303321361542,
    "fEl":0.076965765278186,
    "prevPitch":0.23040281236172,
    "elHMD":0,
    "elHUD":-0.65193688999622
  },
  "16782848":{
    "unNormAz":1.0161691337055,
    "beenThreat":0,
    "azHUD":0.91732727556069,
    "phyRange":0,
    "prevEl":-0.30034154653549,
    "fAz":1.0161691337055,
    "obs":[],
    "azHMD":0,
    "prevHdg":1.1699073314667,
    "prevAz":1.025461435318,
    "fEl":-0.069816681317522,
    "prevPitch":0.23040281236172,
    "elHMD":0,
    "elHUD":-0.57834022745876
  }
}', and now has the content: '{
  "16777728":{
    "unNormAz":-0.20274134680258,
    "beenThreat":1,
    "azHUD":-0.26992554155358,
    "phyRange":0,
    "prevEl":-0.20978778600693,
    "fAz":6.080443960377,
    "obs":[],
    "azHMD":0,
    "prevHdg":1.1439715623856,
    "prevAz":6.007071018219,
    "fEl":-0.056055364127872,
    "prevPitch":0.22418215870857,
    "elHMD":0,
    "elHUD":-0.20382413004599
  },
  "16783104":{
    "unNormAz":1.75360576875,
    "beenThreat":0,
    "azHUD":1.6656196038641,
    "phyRange":0,
    "prevEl":-0.010937517508864,
    "fAz":1.75360576875,
    "obs":[],
    "azHMD":0,
    "prevHdg":1.1699073314667,
    "prevAz":1.7303321361542,
    "fEl":0.076965765278186,
    "prevPitch":0.23040281236172,
    "elHMD":0,
    "elHUD":-0.65193688999622
  },
  "16782848":{
    "unNormAz":1.0161691337055,
    "beenThreat":0,
    "azHUD":0.91732727556069,
    "phyRange":0,
    "prevEl":-0.30034154653549,
    "fAz":1.0161691337055,
    "obs":[],
    "azHMD":0,
    "prevHdg":1.1699073314667,
    "prevAz":1.025461435318,
    "fEl":-0.069816681317522,
    "prevPitch":0.23040281236172,
    "elHMD":0,
    "elHUD":-0.57834022745876
  }
}'.
2026-01-08 14:49:50 EDIT    Line: '1' Which had the content: '{
  "16777728":{
    "unNormAz":-0.20274134680258,
    "beenThreat":1,
    "azHUD":-0.26972429952123,
    "phyRange":0,
    "prevEl":-0.20978778600693,
    "fAz":6.080443960377,
    "obs":[],
    "azHMD":0,
    "prevHdg":1.1439715623856,
    "prevAz":6.007071018219,
    "fEl":-0.056055364127872,
    "prevPitch":0.22418215870857,
    "elHMD":0,
    "elHUD":-0.20199392972472
  },
  "16783104":{
    "unNormAz":1.75360576875,
    "beenThreat":0,
    "azHUD":1.6651969548007,
    "phyRange":0,
    "prevEl":-0.010937517508864,
    "fAz":1.75360576875,
    "obs":[],
    "azHMD":0,
    "prevHdg":1.1699073314667,
    "prevAz":1.7303321361542,
    "fEl":0.076965765278186,
    "prevPitch":0.23040281236172,
    "elHMD":0,
    "elHUD":-0.65279299267134
  },
  "16782848":{
    "unNormAz":1.0161691337055,
    "beenThreat":0,
    "azHUD":0.91700750711125,
    "phyRange":0,
    "prevEl":-0.30034154653549,
    "fAz":1.0161691337055,
    "obs":[],
    "azHMD":0,
    "prevHdg":1.1699073314667,
    "prevAz":1.025461435318,
    "fEl":-0.069816681317522,
    "prevPitch":0.23040281236172,
    "elHMD":0,
    "elHUD":-0.57815769471796
  }
}', and now has the content: '{
  "16777728":{
    "unNormAz":-0.20274134680258,
    "beenThreat":1,
    "azHUD":-0.26972429952123,
    "phyRange":0,
    "prevEl":-0.20978778600693,
    "fAz":6.080443960377,
    "obs":[],
    "azHMD":0,
    "prevHdg":1.1439715623856,
    "prevAz":6.007071018219,
    "fEl":-0.056055364127872,
    "prevPitch":0.22418215870857,
    "elHMD":0,
    "elHUD":-0.20199392972472
  },
  "16783104":{
    "unNormAz":1.75360576875,
    "beenThreat":0,
    "azHUD":1.6651969548007,
    "phyRange":0,
    "prevEl":-0.010937517508864,
    "fAz":1.75360576875,
    "obs":[],
    "azHMD":0,
    "prevHdg":1.1699073314667,
    "prevAz":1.7303321361542,
    "fEl":0.076965765278186,
    "prevPitch":0.23040281236172,
    "elHMD":0,
    "elHUD":-0.65279299267134
  },
  "16782848":{
    "unNormAz":1.0161691337055,
    "beenThreat":0,
    "azHUD":0.91700750711125,
    "phyRange":0,
    "prevEl":-0.30034154653549,
    "fAz":1.0161691337055,
    "obs":[],
    "azHMD":0,
    "prevHdg":1.1699073314667,
    "prevAz":1.025461435318,
    "fEl":-0.069816681317522,
    "prevPitch":0.23040281236172,
    "elHMD":0,
    "elHUD":-0.57815769471796
  }
}'.
2026-01-08 14:49:51 EDIT    Line: '1' Which had the content: '{
  "16777728":{
    "unNormAz":-0.20274134680258,
    "beenThreat":1,
    "azHUD":-0.26950390641104,
    "phyRange":0,
    "prevEl":-0.20978778600693,
    "fAz":6.080443960377,
    "obs":[],
    "azHMD":0,
    "prevHdg":1.1439715623856,
    "prevAz":6.007071018219,
    "fEl":-0.056055364127872,
    "prevPitch":0.22418215870857,
    "elHMD":0,
    "elHUD":-0.20002768236304
  },
  "16783104":{
    "unNormAz":1.75360576875,
    "beenThreat":0,
    "azHUD":1.6648776065708,
    "phyRange":0,
    "prevEl":-0.010937517508864,
    "fAz":1.75360576875,
    "obs":[],
    "azHMD":0,
    "prevHdg":1.1699073314667,
    "prevAz":1.7303321361542,
    "fEl":0.076965765278186,
    "prevPitch":0.23040281236172,
    "elHMD":0,
    "elHUD":-0.6531371810655
  },
  "16782848":{
    "unNormAz":1.0161691337055,
    "beenThreat":0,
    "azHUD":0.91677782475465,
    "phyRange":0,
    "prevEl":-0.30034154653549,
    "fAz":1.0161691337055,
    "obs":[],
    "azHMD":0,
    "prevHdg":1.1699073314667,
    "prevAz":1.025461435318,
    "fEl":-0.069816681317522,
    "prevPitch":0.23040281236172,
    "elHMD":0,
    "elHUD":-0.57760841978169
  }
}', and now has the content: '{
  "16777728":{
    "unNormAz":-0.20274134680258,
    "beenThreat":1,
    "azHUD":-0.26950390641104,
    "phyRange":0,
    "prevEl":-0.20978778600693,
    "fAz":6.080443960377,
    "obs":[],
    "azHMD":0,
    "prevHdg":1.1439715623856,
    "prevAz":6.007071018219,
    "fEl":-0.056055364127872,
    "prevPitch":0.22418215870857,
    "elHMD":0,
    "elHUD":-0.20002768236304
  },
  "16783104":{
    "unNormAz":1.75360576875,
    "beenThreat":0,
    "azHUD":1.6648776065708,
    "phyRange":0,
    "prevEl":-0.010937517508864,
    "fAz":1.75360576875,
    "obs":[],
    "azHMD":0,
    "prevHdg":1.1699073314667,
    "prevAz":1.7303321361542,
    "fEl":0.076965765278186,
    "prevPitch":0.23040281236172,
    "elHMD":0,
    "elHUD":-0.6531371810655
  },
  "16782848":{
    "unNormAz":1.0161691337055,
    "beenThreat":0,
    "azHUD":0.91677782475465,
    "phyRange":0,
    "prevEl":-0.30034154653549,
    "fAz":1.0161691337055,
    "obs":[],
    "azHMD":0,
    "prevHdg":1.1699073314667,
    "prevAz":1.025461435318,
    "fEl":-0.069816681317522,
    "prevPitch":0.23040281236172,
    "elHMD":0,
    "elHUD":-0.57760841978169
  }
}'.
2026-01-08 14:49:51 EDIT    Line: '1' Which had the content: '{
  "16777728":{
    "unNormAz":-0.20274134680258,
    "beenThreat":1,
    "azHUD":-0.26925519788427,
    "phyRange":0,
    "prevEl":-0.20978778600693,
    "fAz":6.080443960377,
    "obs":[],
    "azHMD":0,
    "prevHdg":1.1439715623856,
    "prevAz":6.007071018219,
    "fEl":-0.056055364127872,
    "prevPitch":0.22418215870857,
    "elHMD":0,
    "elHUD":-0.19791321109392
  },
  "16783104":{
    "unNormAz":1.75360576875,
    "beenThreat":0,
    "azHUD":1.6646724206397,
    "phyRange":0,
    "prevEl":-0.010937517508864,
    "fAz":1.75360576875,
    "obs":[],
    "azHMD":0,
    "prevHdg":1.1699073314667,
    "prevAz":1.7303321361542,
    "fEl":0.076965765278186,
    "prevPitch":0.23040281236172,
    "elHMD":0,
    "elHUD":-0.65295609027177
  },
  "16782848":{
    "unNormAz":1.0161691337055,
    "beenThreat":0,
    "azHUD":0.91664851108819,
    "phyRange":0,
    "prevEl":-0.30034154653549,
    "fAz":1.0161691337055,
    "obs":[],
    "azHMD":0,
    "prevHdg":1.1699073314667,
    "prevAz":1.025461435318,
    "fEl":-0.069816681317522,
    "prevPitch":0.23040281236172,
    "elHMD":0,
    "elHUD":-0.57667956653275
  }
}', and now has the content: '{
  "16777728":{
    "unNormAz":-0.20274134680258,
    "beenThreat":1,
    "azHUD":-0.26925519788427,
    "phyRange":0,
    "prevEl":-0.20978778600693,
    "fAz":6.080443960377,
    "obs":[],
    "azHMD":0,
    "prevHdg":1.1439715623856,
    "prevAz":6.007071018219,
    "fEl":-0.056055364127872,
    "prevPitch":0.22418215870857,
    "elHMD":0,
    "elHUD":-0.19791321109392
  },
  "16783104":{
    "unNormAz":1.75360576875,
    "beenThreat":0,
    "azHUD":1.6646724206397,
    "phyRange":0,
    "prevEl":-0.010937517508864,
    "fAz":1.75360576875,
    "obs":[],
    "azHMD":0,
    "prevHdg":1.1699073314667,
    "prevAz":1.7303321361542,
    "fEl":0.076965765278186,
    "prevPitch":0.23040281236172,
    "elHMD":0,
    "elHUD":-0.65295609027177
  },
  "16782848":{
    "unNormAz":1.0161691337055,
    "beenThreat":0,
    "azHUD":0.91664851108819,
    "phyRange":0,
    "prevEl":-0.30034154653549,
    "fAz":1.0161691337055,
    "obs":[],
    "azHMD":0,
    "prevHdg":1.1699073314667,
    "prevAz":1.025461435318,
    "fEl":-0.069816681317522,
    "prevPitch":0.23040281236172,
    "elHMD":0,
    "elHUD":-0.57667956653275
  }
}'.
2026-01-08 14:49:51 EDIT    Line: '1' Which had the content: '{
  "16777728":{
    "unNormAz":-0.20274134680258,
    "beenThreat":1,
    "azHUD":-0.26925519788427,
    "phyRange":0,
    "prevEl":-0.20978778600693,
    "fAz":6.080443960377,
    "obs":[],
    "azHMD":0,
    "prevHdg":1.1439715623856,
    "prevAz":6.007071018219,
    "fEl":-0.056055364127872,
    "prevPitch":0.22418215870857,
    "elHMD":0,
    "elHUD":-0.19791321109392
  },
  "16783104":{
    "unNormAz":1.75360576875,
    "beenThreat":0,
    "azHUD":1.6646724206397,
    "phyRange":0,
    "prevEl":-0.010937517508864,
    "fAz":1.75360576875,
    "obs":[],
    "azHMD":0,
    "prevHdg":1.1699073314667,
    "prevAz":1.7303321361542,
    "fEl":0.076965765278186,
    "prevPitch":0.23040281236172,
    "elHMD":0,
    "elHUD":-0.65295609027177
  },
  "16782848":{
    "unNormAz":1.0161691337055,
    "beenThreat":0,
    "azHUD":0.91664851108819,
    "phyRange":0,
    "prevEl":-0.30034154653549,
    "fAz":1.0161691337055,
    "obs":[],
    "azHMD":0,
    "prevHdg":1.1699073314667,
    "prevAz":1.025461435318,
    "fEl":-0.069816681317522,
    "prevPitch":0.23040281236172,
    "elHMD":0,
    "elHUD":-0.57667956653275
  }
}', and now has the content: '{
  "16777728":{
    "unNormAz":-0.20274134680258,
    "beenThreat":1,
    "azHUD":-0.26925519788427,
    "phyRange":0,
    "prevEl":-0.20978778600693,
    "fAz":6.080443960377,
    "obs":[],
    "azHMD":0,
    "prevHdg":1.1439715623856,
    "prevAz":6.007071018219,
    "fEl":-0.056055364127872,
    "prevPitch":0.22418215870857,
    "elHMD":0,
    "elHUD":-0.19791321109392
  },
  "16783104":{
    "unNormAz":1.75360576875,
    "beenThreat":0,
    "azHUD":1.6646724206397,
    "phyRange":0,
    "prevEl":-0.010937517508864,
    "fAz":1.75360576875,
    "obs":[],
    "azHMD":0,
    "prevHdg":1.1699073314667,
    "prevAz":1.7303321361542,
    "fEl":0.076965765278186,
    "prevPitch":0.23040281236172,
    "elHMD":0,
    "elHUD":-0.65295609027177
  },
  "16782848":{
    "unNormAz":1.0161691337055,
    "beenThreat":0,
    "azHUD":0.91664851108819,
    "phyRange":0,
    "prevEl":-0.30034154653549,
    "fAz":1.0161691337055,
    "obs":[],
    "azHMD":0,
    "prevHdg":1.1699073314667,
    "prevAz":1.025461435318,
    "fEl":-0.069816681317522,
    "prevPitch":0.23040281236172,
    "elHMD":0,
    "elHUD":-0.57667956653275
  }
}'.
2026-01-08 14:49:51 EDIT    Line: '1' Which had the content: '{
  "16777728":{
    "unNormAz":-0.20274134680258,
    "beenThreat":1,
    "azHUD":-0.26898053590076,
    "phyRange":0,
    "prevEl":-0.20978778600693,
    "fAz":6.080443960377,
    "obs":[],
    "azHMD":0,
    "prevHdg":1.1439715623856,
    "prevAz":6.007071018219,
    "fEl":-0.056055364127872,
    "prevPitch":0.22418215870857,
    "elHMD":0,
    "elHUD":-0.19566741967867
  },
  "16783104":{
    "unNormAz":1.75360576875,
    "beenThreat":0,
    "azHUD":1.6645796201497,
    "phyRange":0,
    "prevEl":-0.010937517508864,
    "fAz":1.75360576875,
    "obs":[],
    "azHMD":0,
    "prevHdg":1.1699073314667,
    "prevAz":1.7303321361542,
    "fEl":0.076965765278186,
    "prevPitch":0.23040281236172,
    "elHMD":0,
    "elHUD":-0.65226919202998
  },
  "16782848":{
    "unNormAz":1.0161691337055,
    "beenThreat":0,
    "azHUD":0.91661744419007,
    "phyRange":0,
    "prevEl":-0.30034154653549,
    "fAz":1.0161691337055,
    "obs":[],
    "azHMD":0,
    "prevHdg":1.1699073314667,
    "prevAz":1.025461435318,
    "fEl":-0.069816681317522,
    "prevPitch":0.23040281236172,
    "elHMD":0,
    "elHUD":-0.57538967155711
  }
}', and now has the content: '{
  "16777728":{
    "unNormAz":-0.20274134680258,
    "beenThreat":1,
    "azHUD":-0.26898053590076,
    "phyRange":0,
    "prevEl":-0.20978778600693,
    "fAz":6.080443960377,
    "obs":[],
    "azHMD":0,
    "prevHdg":1.1439715623856,
    "prevAz":6.007071018219,
    "fEl":-0.056055364127872,
    "prevPitch":0.22418215870857,
    "elHMD":0,
    "elHUD":-0.19566741967867
  },
  "16783104":{
    "unNormAz":1.75360576875,
    "beenThreat":0,
    "azHUD":1.6645796201497,
    "phyRange":0,
    "prevEl":-0.010937517508864,
    "fAz":1.75360576875,
    "obs":[],
    "azHMD":0,
    "prevHdg":1.1699073314667,
    "prevAz":1.7303321361542,
    "fEl":0.076965765278186,
    "prevPitch":0.23040281236172,
    "elHMD":0,
    "elHUD":-0.65226919202998
  },
  "16782848":{
    "unNormAz":1.0161691337055,
    "beenThreat":0,
    "azHUD":0.91661744419007,
    "phyRange":0,
    "prevEl":-0.30034154653549,
    "fAz":1.0161691337055,
    "obs":[],
    "azHMD":0,
    "prevHdg":1.1699073314667,
    "prevAz":1.025461435318,
    "fEl":-0.069816681317522,
    "prevPitch":0.23040281236172,
    "elHMD":0,
    "elHUD":-0.57538967155711
  }
}'.
2026-01-08 14:49:51 EDIT    Line: '1' Which had the content: '{
  "16777728":{
    "unNormAz":-0.20274134680258,
    "beenThreat":1,
    "azHUD":-0.26867900475898,
    "phyRange":0,
    "prevEl":-0.20978778600693,
    "fAz":6.080443960377,
    "obs":[],
    "azHMD":0,
    "prevHdg":1.1439715623856,
    "prevAz":6.007071018219,
    "fEl":-0.056055364127872,
    "prevPitch":0.22418215870857,
    "elHMD":0,
    "elHUD":-0.19329378049856
  },
  "16783104":{
    "unNormAz":1.75360576875,
    "beenThreat":0,
    "azHUD":1.6645936445835,
    "phyRange":0,
    "prevEl":-0.010937517508864,
    "fAz":1.75360576875,
    "obs":[],
    "azHMD":0,
    "prevHdg":1.1699073314667,
    "prevAz":1.7303321361542,
    "fEl":0.076965765278186,
    "prevPitch":0.23040281236172,
    "elHMD":0,
    "elHUD":-0.65111134119762
  },
  "16782848":{
    "unNormAz":1.0161691337055,
    "beenThreat":0,
    "azHUD":0.91667996057468,
    "phyRange":0,
    "prevEl":-0.30034154653549,
    "fAz":1.0161691337055,
    "obs":[],
    "azHMD":0,
    "prevHdg":1.1699073314667,
    "prevAz":1.025461435318,
    "fEl":-0.069816681317522,
    "prevPitch":0.23040281236172,
    "elHMD":0,
    "elHUD":-0.5737614956469
  }
}', and now has the content: '{
  "16777728":{
    "unNormAz":-0.20274134680258,
    "beenThreat":1,
    "azHUD":-0.26867900475898,
    "phyRange":0,
    "prevEl":-0.20978778600693,
    "fAz":6.080443960377,
    "obs":[],
    "azHMD":0,
    "prevHdg":1.1439715623856,
    "prevAz":6.007071018219,
    "fEl":-0.056055364127872,
    "prevPitch":0.22418215870857,
    "elHMD":0,
    "elHUD":-0.19329378049856
  },
  "16783104":{
    "unNormAz":1.75360576875,
    "beenThreat":0,
    "azHUD":1.6645936445835,
    "phyRange":0,
    "prevEl":-0.010937517508864,
    "fAz":1.75360576875,
    "obs":[],
    "azHMD":0,
    "prevHdg":1.1699073314667,
    "prevAz":1.7303321361542,
    "fEl":0.076965765278186,
    "prevPitch":0.23040281236172,
    "elHMD":0,
    "elHUD":-0.65111134119762
  },
  "16782848":{
    "unNormAz":1.0161691337055,
    "beenThreat":0,
    "azHUD":0.91667996057468,
    "phyRange":0,
    "prevEl":-0.30034154653549,
    "fAz":1.0161691337055,
    "obs":[],
    "azHMD":0,
    "prevHdg":1.1699073314667,
    "prevAz":1.025461435318,
    "fEl":-0.069816681317522,
    "prevPitch":0.23040281236172,
    "elHMD":0,
    "elHUD":-0.5737614956469
  }
}'.
2026-01-08 14:49:51 EDIT    Line: '1' Which had the content: '{
  "16777728":{
    "unNormAz":-0.20274134680258,
    "beenThreat":1,
    "azHUD":-0.26835006093974,
    "phyRange":0,
    "prevEl":-0.20978778600693,
    "fAz":6.080443960377,
    "obs":[],
    "azHMD":0,
    "prevHdg":1.1439715623856,
    "prevAz":6.007071018219,
    "fEl":-0.056055364127872,
    "prevPitch":0.22418215870857,
    "elHMD":0,
    "elHUD":-0.19080611362641
  },
  "16783104":{
    "unNormAz":1.75360576875,
    "beenThreat":0,
    "azHUD":1.6647086850672,
    "phyRange":0,
    "prevEl":-0.010937517508864,
    "fAz":1.75360576875,
    "obs":[],
    "azHMD":0,
    "prevHdg":1.1699073314667,
    "prevAz":1.7303321361542,
    "fEl":0.076965765278186,
    "prevPitch":0.23040281236172,
    "elHMD":0,
    "elHUD":-0.64952600644382
  },
  "16782848":{
    "unNormAz":1.0161691337055,
    "beenThreat":0,
    "azHUD":0.91683118665171,
    "phyRange":0,
    "prevEl":-0.30034154653549,
    "fAz":1.0161691337055,
    "obs":[],
    "azHMD":0,
    "prevHdg":1.1699073314667,
    "prevAz":1.025461435318,
    "fEl":-0.069816681317522,
    "prevPitch":0.23040281236172,
    "elHMD":0,
    "elHUD":-0.57182707016905
  }
}', and now has the content: '{
  "16777728":{
    "unNormAz":-0.20274134680258,
    "beenThreat":1,
    "azHUD":-0.26835006093974,
    "phyRange":0,
    "prevEl":-0.20978778600693,
    "fAz":6.080443960377,
    "obs":[],
    "azHMD":0,
    "prevHdg":1.1439715623856,
    "prevAz":6.007071018219,
    "fEl":-0.056055364127872,
    "prevPitch":0.22418215870857,
    "elHMD":0,
    "elHUD":-0.19080611362641
  },
  "16783104":{
    "unNormAz":1.75360576875,
    "beenThreat":0,
    "azHUD":1.6647086850672,
    "phyRange":0,
    "prevEl":-0.010937517508864,
    "fAz":1.75360576875,
    "obs":[],
    "azHMD":0,
    "prevHdg":1.1699073314667,
    "prevAz":1.7303321361542,
    "fEl":0.076965765278186,
    "prevPitch":0.23040281236172,
    "elHMD":0,
    "elHUD":-0.64952600644382
  },
  "16782848":{
    "unNormAz":1.0161691337055,
    "beenThreat":0,
    "azHUD":0.91683118665171,
    "phyRange":0,
    "prevEl":-0.30034154653549,
    "fAz":1.0161691337055,
    "obs":[],
    "azHMD":0,
    "prevHdg":1.1699073314667,
    "prevAz":1.025461435318,
    "fEl":-0.069816681317522,
    "prevPitch":0.23040281236172,
    "elHMD":0,
    "elHUD":-0.57182707016905
  }
}'.
2026-01-08 14:49:51 EDIT    Line: '1' Which had the content: '{
  "16777728":{
    "unNormAz":-0.20274134680258,
    "beenThreat":1,
    "azHUD":-0.26799495882059,
    "phyRange":0,
    "prevEl":-0.20978778600693,
    "fAz":6.080443960377,
    "obs":[],
    "azHMD":0,
    "prevHdg":1.1439715623856,
    "prevAz":6.007071018219,
    "fEl":-0.056055364127872,
    "prevPitch":0.22418215870857,
    "elHMD":0,
    "elHUD":-0.18822674281825
  },
  "16783104":{
    "unNormAz":1.75360576875,
    "beenThreat":0,
    "azHUD":1.6649170952267,
    "phyRange":0,
    "prevEl":-0.010937517508864,
    "fAz":1.75360576875,
    "obs":[],
    "azHMD":0,
    "prevHdg":1.1699073314667,
    "prevAz":1.7303321361542,
    "fEl":0.076965765278186,
    "prevPitch":0.23040281236172,
    "elHMD":0,
    "elHUD":-0.64756436037083
  },
  "16782848":{
    "unNormAz":1.0161691337055,
    "beenThreat":0,
    "azHUD":0.91706446527199,
    "phyRange":0,
    "prevEl":-0.30034154653549,
    "fAz":1.0161691337055,
    "obs":[],
    "azHMD":0,
    "prevHdg":1.1699073314667,
    "prevAz":1.025461435318,
    "fEl":-0.069816681317522,
    "prevPitch":0.23040281236172,
    "elHMD":0,
    "elHUD":-0.56962642862888
  }
}', and now has the content: '{
  "16777728":{
    "unNormAz":-0.20274134680258,
    "beenThreat":1,
    "azHUD":-0.26799495882059,
    "phyRange":0,
    "prevEl":-0.20978778600693,
    "fAz":6.080443960377,
    "obs":[],
    "azHMD":0,
    "prevHdg":1.1439715623856,
    "prevAz":6.007071018219,
    "fEl":-0.056055364127872,
    "prevPitch":0.22418215870857,
    "elHMD":0,
    "elHUD":-0.18822674281825
  },
  "16783104":{
    "unNormAz":1.75360576875,
    "beenThreat":0,
    "azHUD":1.6649170952267,
    "phyRange":0,
    "prevEl":-0.010937517508864,
    "fAz":1.75360576875,
    "obs":[],
    "azHMD":0,
    "prevHdg":1.1699073314667,
    "prevAz":1.7303321361542,
    "fEl":0.076965765278186,
    "prevPitch":0.23040281236172,
    "elHMD":0,
    "elHUD":-0.64756436037083
  },
  "16782848":{
    "unNormAz":1.0161691337055,
    "beenThreat":0,
    "azHUD":0.91706446527199,
    "phyRange":0,
    "prevEl":-0.30034154653549,
    "fAz":1.0161691337055,
    "obs":[],
    "azHMD":0,
    "prevHdg":1.1699073314667,
    "prevAz":1.025461435318,
    "fEl":-0.069816681317522,
    "prevPitch":0.23040281236172,
    "elHMD":0,
    "elHUD":-0.56962642862888
  }
}'.
2026-01-08 14:49:51 EDIT    Line: '1' Which had the content: '{
  "16777728":{
    "unNormAz":-0.20274134680258,
    "beenThreat":1,
    "azHUD":-0.26761740472747,
    "phyRange":0,
    "prevEl":-0.20978778600693,
    "fAz":6.080443960377,
    "obs":[],
    "azHMD":0,
    "prevHdg":1.1439715623856,
    "prevAz":6.007071018219,
    "fEl":-0.056055364127872,
    "prevPitch":0.22418215870857,
    "elHMD":0,
    "elHUD":-0.18558051337339
  },
  "16783104":{
    "unNormAz":1.75360576875,
    "beenThreat":0,
    "azHUD":1.6652091396914,
    "phyRange":0,
    "prevEl":-0.010937517508864,
    "fAz":1.75360576875,
    "obs":[],
    "azHMD":0,
    "prevHdg":1.1699073314667,
    "prevAz":1.7303321361542,
    "fEl":0.076965765278186,
    "prevPitch":0.23040281236172,
    "elHMD":0,
    "elHUD":-0.64527781026548
  },
  "16782848":{
    "unNormAz":1.0161691337055,
    "beenThreat":0,
    "azHUD":0.91737102581957,
    "phyRange":0,
    "prevEl":-0.30034154653549,
    "fAz":1.0161691337055,
    "obs":[],
    "azHMD":0,
    "prevHdg":1.1699073314667,
    "prevAz":1.025461435318,
    "fEl":-0.069816681317522,
    "prevPitch":0.23040281236172,
    "elHMD":0,
    "elHUD":-0.56720071519286
  }
}', and now has the content: '{
  "16777728":{
    "unNormAz":-0.20274134680258,
    "beenThreat":1,
    "azHUD":-0.26761740472747,
    "phyRange":0,
    "prevEl":-0.20978778600693,
    "fAz":6.080443960377,
    "obs":[],
    "azHMD":0,
    "prevHdg":1.1439715623856,
    "prevAz":6.007071018219,
    "fEl":-0.056055364127872,
    "prevPitch":0.22418215870857,
    "elHMD":0,
    "elHUD":-0.18558051337339
  },
  "16783104":{
    "unNormAz":1.75360576875,
    "beenThreat":0,
    "azHUD":1.6652091396914,
    "phyRange":0,
    "prevEl":-0.010937517508864,
    "fAz":1.75360576875,
    "obs":[],
    "azHMD":0,
    "prevHdg":1.1699073314667,
    "prevAz":1.7303321361542,
    "fEl":0.076965765278186,
    "prevPitch":0.23040281236172,
    "elHMD":0,
    "elHUD":-0.64527781026548
  },
  "16782848":{
    "unNormAz":1.0161691337055,
    "beenThreat":0,
    "azHUD":0.91737102581957,
    "phyRange":0,
    "prevEl":-0.30034154653549,
    "fAz":1.0161691337055,
    "obs":[],
    "azHMD":0,
    "prevHdg":1.1699073314667,
    "prevAz":1.025461435318,
    "fEl":-0.069816681317522,
    "prevPitch":0.23040281236172,
    "elHMD":0,
    "elHUD":-0.56720071519286
  }
}'.
2026-01-08 14:49:51 EDIT    Line: '1' Which had the content: '{
  "16777728":{
    "unNormAz":-0.20274134680258,
    "beenThreat":1,
    "azHUD":-0.26761740472747,
    "phyRange":0,
    "prevEl":-0.20978778600693,
    "fAz":6.080443960377,
    "obs":[],
    "azHMD":0,
    "prevHdg":1.1439715623856,
    "prevAz":6.007071018219,
    "fEl":-0.056055364127872,
    "prevPitch":0.22418215870857,
    "elHMD":0,
    "elHUD":-0.18558051337339
  },
  "16783104":{
    "unNormAz":1.75360576875,
    "beenThreat":0,
    "azHUD":1.6652091396914,
    "phyRange":0,
    "prevEl":-0.010937517508864,
    "fAz":1.75360576875,
    "obs":[],
    "azHMD":0,
    "prevHdg":1.1699073314667,
    "prevAz":1.7303321361542,
    "fEl":0.076965765278186,
    "prevPitch":0.23040281236172,
    "elHMD":0,
    "elHUD":-0.64527781026548
  },
  "16782848":{
    "unNormAz":1.0161691337055,
    "beenThreat":0,
    "azHUD":0.91737102581957,
    "phyRange":0,
    "prevEl":-0.30034154653549,
    "fAz":1.0161691337055,
    "obs":[],
    "azHMD":0,
    "prevHdg":1.1699073314667,
    "prevAz":1.025461435318,
    "fEl":-0.069816681317522,
    "prevPitch":0.23040281236172,
    "elHMD":0,
    "elHUD":-0.56720071519286
  }
}', and now has the content: '{
  "16777728":{
    "unNormAz":-0.20274134680258,
    "beenThreat":1,
    "azHUD":-0.26761740472747,
    "phyRange":0,
    "prevEl":-0.20978778600693,
    "fAz":6.080443960377,
    "obs":[],
    "azHMD":0,
    "prevHdg":1.1439715623856,
    "prevAz":6.007071018219,
    "fEl":-0.056055364127872,
    "prevPitch":0.22418215870857,
    "elHMD":0,
    "elHUD":-0.18558051337339
  },
  "16783104":{
    "unNormAz":1.75360576875,
    "beenThreat":0,
    "azHUD":1.6652091396914,
    "phyRange":0,
    "prevEl":-0.010937517508864,
    "fAz":1.75360576875,
    "obs":[],
    "azHMD":0,
    "prevHdg":1.1699073314667,
    "prevAz":1.7303321361542,
    "fEl":0.076965765278186,
    "prevPitch":0.23040281236172,
    "elHMD":0,
    "elHUD":-0.64527781026548
  },
  "16782848":{
    "unNormAz":1.0161691337055,
    "beenThreat":0,
    "azHUD":0.91737102581957,
    "phyRange":0,
    "prevEl":-0.30034154653549,
    "fAz":1.0161691337055,
    "obs":[],
    "azHMD":0,
    "prevHdg":1.1699073314667,
    "prevAz":1.025461435318,
    "fEl":-0.069816681317522,
    "prevPitch":0.23040281236172,
    "elHMD":0,
    "elHUD":-0.56720071519286
  }
}'.
2026-01-08 14:49:51 EDIT    Line: '1' Which had the content: '{
  "16777728":{
    "unNormAz":-0.20274134680258,
    "beenThreat":1,
    "azHUD":-0.26721347041207,
    "phyRange":0,
    "prevEl":-0.20978778600693,
    "fAz":6.080443960377,
    "obs":[],
    "azHMD":0,
    "prevHdg":1.1439715623856,
    "prevAz":6.007071018219,
    "fEl":-0.056055364127872,
    "prevPitch":0.22418215870857,
    "elHMD":0,
    "elHUD":-0.18289577081918
  },
  "16783104":{
    "unNormAz":1.75360576875,
    "beenThreat":0,
    "azHUD":1.6655902473461,
    "phyRange":0,
    "prevEl":-0.010937517508864,
    "fAz":1.75360576875,
    "obs":[],
    "azHMD":0,
    "prevHdg":1.1699073314667,
    "prevAz":1.7303321361542,
    "fEl":0.076965765278186,
    "prevPitch":0.23040281236172,
    "elHMD":0,
    "elHUD":-0.64268903327579
  },
  "16782848":{
    "unNormAz":1.0161691337055,
    "beenThreat":0,
    "azHUD":0.91775601097601,
    "phyRange":0,
    "prevEl":-0.30034154653549,
    "fAz":1.0161691337055,
    "obs":[],
    "azHMD":0,
    "prevHdg":1.1699073314667,
    "prevAz":1.025461435318,
    "fEl":-0.069816681317522,
    "prevPitch":0.23040281236172,
    "elHMD":0,
    "elHUD":-0.5645748076367
  }
}', and now has the content: '{
  "16777728":{
    "unNormAz":-0.20274134680258,
    "beenThreat":1,
    "azHUD":-0.26721347041207,
    "phyRange":0,
    "prevEl":-0.20978778600693,
    "fAz":6.080443960377,
    "obs":[],
    "azHMD":0,
    "prevHdg":1.1439715623856,
    "prevAz":6.007071018219,
    "fEl":-0.056055364127872,
    "prevPitch":0.22418215870857,
    "elHMD":0,
    "elHUD":-0.18289577081918
  },
  "16783104":{
    "unNormAz":1.75360576875,
    "beenThreat":0,
    "azHUD":1.6655902473461,
    "phyRange":0,
    "prevEl":-0.010937517508864,
    "fAz":1.75360576875,
    "obs":[],
    "azHMD":0,
    "prevHdg":1.1699073314667,
    "prevAz":1.7303321361542,
    "fEl":0.076965765278186,
    "prevPitch":0.23040281236172,
    "elHMD":0,
    "elHUD":-0.64268903327579
  },
  "16782848":{
    "unNormAz":1.0161691337055,
    "beenThreat":0,
    "azHUD":0.91775601097601,
    "phyRange":0,
    "prevEl":-0.30034154653549,
    "fAz":1.0161691337055,
    "obs":[],
    "azHMD":0,
    "prevHdg":1.1699073314667,
    "prevAz":1.025461435318,
    "fEl":-0.069816681317522,
    "prevPitch":0.23040281236172,
    "elHMD":0,
    "elHUD":-0.5645748076367
  }
}'.
2026-01-08 14:49:51 EDIT    Line: '1' Which had the content: '{
  "16777728":{
    "unNormAz":-0.20274134680258,
    "beenThreat":1,
    "azHUD":-0.26679310727087,
    "phyRange":0,
    "prevEl":-0.20978778600693,
    "fAz":6.080443960377,
    "obs":[],
    "azHMD":0,
    "prevHdg":1.1439715623856,
    "prevAz":6.007071018219,
    "fEl":-0.056055364127872,
    "prevPitch":0.22418215870857,
    "elHMD":0,
    "elHUD":-0.18020203990974
  },
  "16783104":{
    "unNormAz":1.75360576875,
    "beenThreat":0,
    "azHUD":1.666044328143,
    "phyRange":0,
    "prevEl":-0.010937517508864,
    "fAz":1.75360576875,
    "obs":[],
    "azHMD":0,
    "prevHdg":1.1699073314667,
    "prevAz":1.7303321361542,
    "fEl":0.076965765278186,
    "prevPitch":0.23040281236172,
    "elHMD":0,
    "elHUD":-0.63985354251057
  },
  "16782848":{
    "unNormAz":1.0161691337055,
    "beenThreat":0,
    "azHUD":0.91820436461237,
    "phyRange":0,
    "prevEl":-0.30034154653549,
    "fAz":1.0161691337055,
    "obs":[],
    "azHMD":0,
    "prevHdg":1.1699073314667,
    "prevAz":1.025461435318,
    "fEl":-0.069816681317522,
    "prevPitch":0.23040281236172,
    "elHMD":0,
    "elHUD":-0.56179416587336
  }
}', and now has the content: '{
  "16777728":{
    "unNormAz":-0.20274134680258,
    "beenThreat":1,
    "azHUD":-0.26679310727087,
    "phyRange":0,
    "prevEl":-0.20978778600693,
    "fAz":6.080443960377,
    "obs":[],
    "azHMD":0,
    "prevHdg":1.1439715623856,
    "prevAz":6.007071018219,
    "fEl":-0.056055364127872,
    "prevPitch":0.22418215870857,
    "elHMD":0,
    "elHUD":-0.18020203990974
  },
  "16783104":{
    "unNormAz":1.75360576875,
    "beenThreat":0,
    "azHUD":1.666044328143,
    "phyRange":0,
    "prevEl":-0.010937517508864,
    "fAz":1.75360576875,
    "obs":[],
    "azHMD":0,
    "prevHdg":1.1699073314667,
    "prevAz":1.7303321361542,
    "fEl":0.076965765278186,
    "prevPitch":0.23040281236172,
    "elHMD":0,
    "elHUD":-0.63985354251057
  },
  "16782848":{
    "unNormAz":1.0161691337055,
    "beenThreat":0,
    "azHUD":0.91820436461237,
    "phyRange":0,
    "prevEl":-0.30034154653549,
    "fAz":1.0161691337055,
    "obs":[],
    "azHMD":0,
    "prevHdg":1.1699073314667,
    "prevAz":1.025461435318,
    "fEl":-0.069816681317522,
    "prevPitch":0.23040281236172,
    "elHMD":0,
    "elHUD":-0.56179416587336
  }
}'.
2026-01-08 14:49:51 EDIT    Line: '1' Which had the content: '{
  "16777728":{
    "unNormAz":-0.20274134680258,
    "beenThreat":1,
    "azHUD":-0.26636103425248,
    "phyRange":0,
    "prevEl":-0.20978778600693,
    "fAz":6.080443960377,
    "obs":[],
    "azHMD":0,
    "prevHdg":1.1439715623856,
    "prevAz":6.007071018219,
    "fEl":-0.056055364127872,
    "prevPitch":0.22418215870857,
    "elHMD":0,
    "elHUD":-0.17750258708707
  },
  "16783104":{
    "unNormAz":1.75360576875,
    "beenThreat":0,
    "azHUD":1.6665616969482,
    "phyRange":0,
    "prevEl":-0.010937517508864,
    "fAz":1.75360576875,
    "obs":[],
    "azHMD":0,
    "prevHdg":1.1699073314667,
    "prevAz":1.7303321361542,
    "fEl":0.076965765278186,
    "prevPitch":0.23040281236172,
    "elHMD":0,
    "elHUD":-0.63679527240637
  },
  "16782848":{
    "unNormAz":1.0161691337055,
    "beenThreat":0,
    "azHUD":0.9187072554651,
    "phyRange":0,
    "prevEl":-0.30034154653549,
    "fAz":1.0161691337055,
    "obs":[],
    "azHMD":0,
    "prevHdg":1.1699073314667,
    "prevAz":1.025461435318,
    "fEl":-0.069816681317522,
    "prevPitch":0.23040281236172,
    "elHMD":0,
    "elHUD":-0.55887472512672
  }
}', and now has the content: '{
  "16777728":{
    "unNormAz":-0.20274134680258,
    "beenThreat":1,
    "azHUD":-0.26636103425248,
    "phyRange":0,
    "prevEl":-0.20978778600693,
    "fAz":6.080443960377,
    "obs":[],
    "azHMD":0,
    "prevHdg":1.1439715623856,
    "prevAz":6.007071018219,
    "fEl":-0.056055364127872,
    "prevPitch":0.22418215870857,
    "elHMD":0,
    "elHUD":-0.17750258708707
  },
  "16783104":{
    "unNormAz":1.75360576875,
    "beenThreat":0,
    "azHUD":1.6665616969482,
    "phyRange":0,
    "prevEl":-0.010937517508864,
    "fAz":1.75360576875,
    "obs":[],
    "azHMD":0,
    "prevHdg":1.1699073314667,
    "prevAz":1.7303321361542,
    "fEl":0.076965765278186,
    "prevPitch":0.23040281236172,
    "elHMD":0,
    "elHUD":-0.63679527240637
  },
  "16782848":{
    "unNormAz":1.0161691337055,
    "beenThreat":0,
    "azHUD":0.9187072554651,
    "phyRange":0,
    "prevEl":-0.30034154653549,
    "fAz":1.0161691337055,
    "obs":[],
    "azHMD":0,
    "prevHdg":1.1699073314667,
    "prevAz":1.025461435318,
    "fEl":-0.069816681317522,
    "prevPitch":0.23040281236172,
    "elHMD":0,
    "elHUD":-0.55887472512672
  }
}'.
2026-01-08 14:49:51 EDIT    Line: '1' Which had the content: '{
  "16777728":{
    "unNormAz":-0.20274134680258,
    "beenThreat":1,
    "azHUD":-0.2659112776552,
    "phyRange":0,
    "prevEl":-0.20978778600693,
    "fAz":6.080443960377,
    "obs":[],
    "azHMD":0,
    "prevHdg":1.1439715623856,
    "prevAz":6.007071018219,
    "fEl":-0.056055364127872,
    "prevPitch":0.22418215870857,
    "elHMD":0,
    "elHUD":-0.17479269232503
  },
  "16783104":{
    "unNormAz":1.75360576875,
    "beenThreat":0,
    "azHUD":1.6671439685404,
    "phyRange":0,
    "prevEl":-0.010937517508864,
    "fAz":1.75360576875,
    "obs":[],
    "azHMD":0,
    "prevHdg":1.1699073314667,
    "prevAz":1.7303321361542,
    "fEl":0.076965765278186,
    "prevPitch":0.23040281236172,
    "elHMD":0,
    "elHUD":-0.63352733319692
  },
  "16782848":{
    "unNormAz":1.0161691337055,
    "beenThreat":0,
    "azHUD":0.91926706294255,
    "phyRange":0,
    "prevEl":-0.30034154653549,
    "fAz":1.0161691337055,
    "obs":[],
    "azHMD":0,
    "prevHdg":1.1699073314667,
    "prevAz":1.025461435318,
    "fEl":-0.069816681317522,
    "prevPitch":0.23040281236172,
    "elHMD":0,
    "elHUD":-0.55582269107191
  }
}', and now has the content: '{
  "16777728":{
    "unNormAz":-0.20274134680258,
    "beenThreat":1,
    "azHUD":-0.2659112776552,
    "phyRange":0,
    "prevEl":-0.20978778600693,
    "fAz":6.080443960377,
    "obs":[],
    "azHMD":0,
    "prevHdg":1.1439715623856,
    "prevAz":6.007071018219,
    "fEl":-0.056055364127872,
    "prevPitch":0.22418215870857,
    "elHMD":0,
    "elHUD":-0.17479269232503
  },
  "16783104":{
    "unNormAz":1.75360576875,
    "beenThreat":0,
    "azHUD":1.6671439685404,
    "phyRange":0,
    "prevEl":-0.010937517508864,
    "fAz":1.75360576875,
    "obs":[],
    "azHMD":0,
    "prevHdg":1.1699073314667,
    "prevAz":1.7303321361542,
    "fEl":0.076965765278186,
    "prevPitch":0.23040281236172,
    "elHMD":0,
    "elHUD":-0.63352733319692
  },
  "16782848":{
    "unNormAz":1.0161691337055,
    "beenThreat":0,
    "azHUD":0.91926706294255,
    "phyRange":0,
    "prevEl":-0.30034154653549,
    "fAz":1.0161691337055,
    "obs":[],
    "azHMD":0,
    "prevHdg":1.1699073314667,
    "prevAz":1.025461435318,
    "fEl":-0.069816681317522,
    "prevPitch":0.23040281236172,
    "elHMD":0,
    "elHUD":-0.55582269107191
  }
}'.
2026-01-08 14:49:51 EDIT    Line: '1' Which had the content: '{
  "16777728":{
    "unNormAz":-0.20274134680258,
    "beenThreat":1,
    "azHUD":-0.26543983891424,
    "phyRange":0,
    "prevEl":-0.20978778600693,
    "fAz":6.080443960377,
    "obs":[],
    "azHMD":0,
    "prevHdg":1.1439715623856,
    "prevAz":6.007071018219,
    "fEl":-0.056055364127872,
    "prevPitch":0.22418215870857,
    "elHMD":0,
    "elHUD":-0.17209324620611
  },
  "16783104":{
    "unNormAz":1.75360576875,
    "beenThreat":0,
    "azHUD":1.6677904920461,
    "phyRange":0,
    "prevEl":-0.010937517508864,
    "fAz":1.75360576875,
    "obs":[],
    "azHMD":0,
    "prevHdg":1.1699073314667,
    "prevAz":1.7303321361542,
    "fEl":0.076965765278186,
    "prevPitch":0.23040281236172,
    "elHMD":0,
    "elHUD":-0.6300894722116
  },
  "16782848":{
    "unNormAz":1.0161691337055,
    "beenThreat":0,
    "azHUD":0.91988395967196,
    "phyRange":0,
    "prevEl":-0.30034154653549,
    "fAz":1.0161691337055,
    "obs":[],
    "azHMD":0,
    "prevHdg":1.1699073314667,
    "prevAz":1.025461435318,
    "fEl":-0.069816681317522,
    "prevPitch":0.23040281236172,
    "elHMD":0,
    "elHUD":-0.55267050705107
  }
}', and now has the content: '{
  "16777728":{
    "unNormAz":-0.20274134680258,
    "beenThreat":1,
    "azHUD":-0.26543983891424,
    "phyRange":0,
    "prevEl":-0.20978778600693,
    "fAz":6.080443960377,
    "obs":[],
    "azHMD":0,
    "prevHdg":1.1439715623856,
    "prevAz":6.007071018219,
    "fEl":-0.056055364127872,
    "prevPitch":0.22418215870857,
    "elHMD":0,
    "elHUD":-0.17209324620611
  },
  "16783104":{
    "unNormAz":1.75360576875,
    "beenThreat":0,
    "azHUD":1.6677904920461,
    "phyRange":0,
    "prevEl":-0.010937517508864,
    "fAz":1.75360576875,
    "obs":[],
    "azHMD":0,
    "prevHdg":1.1699073314667,
    "prevAz":1.7303321361542,
    "fEl":0.076965765278186,
    "prevPitch":0.23040281236172,
    "elHMD":0,
    "elHUD":-0.6300894722116
  },
  "16782848":{
    "unNormAz":1.0161691337055,
    "beenThreat":0,
    "azHUD":0.91988395967196,
    "phyRange":0,
    "prevEl":-0.30034154653549,
    "fAz":1.0161691337055,
    "obs":[],
    "azHMD":0,
    "prevHdg":1.1699073314667,
    "prevAz":1.025461435318,
    "fEl":-0.069816681317522,
    "prevPitch":0.23040281236172,
    "elHMD":0,
    "elHUD":-0.55267050705107
  }
}'.
2026-01-08 14:49:51 EDIT    Line: '1' Which had the content: '{
  "16777728":{
    "unNormAz":-0.20274134680258,
    "beenThreat":1,
    "azHUD":-0.26495798726461,
    "phyRange":0,
    "prevEl":-0.20978778600693,
    "fAz":6.080443960377,
    "obs":[],
    "azHMD":0,
    "prevHdg":1.1439715623856,
    "prevAz":6.007071018219,
    "fEl":-0.056055364127872,
    "prevPitch":0.22418215870857,
    "elHMD":0,
    "elHUD":-0.16944534825654
  },
  "16783104":{
    "unNormAz":1.75360576875,
    "beenThreat":0,
    "azHUD":1.668492243488,
    "phyRange":0,
    "prevEl":-0.010937517508864,
    "fAz":1.75360576875,
    "obs":[],
    "azHMD":0,
    "prevHdg":1.1699073314667,
    "prevAz":1.7303321361542,
    "fEl":0.076965765278186,
    "prevPitch":0.23040281236172,
    "elHMD":0,
    "elHUD":-0.62651236826892
  },
  "16782848":{
    "unNormAz":1.0161691337055,
    "beenThreat":0,
    "azHUD":0.92054858823559,
    "phyRange":0,
    "prevEl":-0.30034154653549,
    "fAz":1.0161691337055,
    "obs":[],
    "azHMD":0,
    "prevHdg":1.1699073314667,
    "prevAz":1.025461435318,
    "fEl":-0.069816681317522,
    "prevPitch":0.23040281236172,
    "elHMD":0,
    "elHUD":-0.5494528724095
  }
}', and now has the content: '{
  "16777728":{
    "unNormAz":-0.20274134680258,
    "beenThreat":1,
    "azHUD":-0.26495798726461,
    "phyRange":0,
    "prevEl":-0.20978778600693,
    "fAz":6.080443960377,
    "obs":[],
    "azHMD":0,
    "prevHdg":1.1439715623856,
    "prevAz":6.007071018219,
    "fEl":-0.056055364127872,
    "prevPitch":0.22418215870857,
    "elHMD":0,
    "elHUD":-0.16944534825654
  },
  "16783104":{
    "unNormAz":1.75360576875,
    "beenThreat":0,
    "azHUD":1.668492243488,
    "phyRange":0,
    "prevEl":-0.010937517508864,
    "fAz":1.75360576875,
    "obs":[],
    "azHMD":0,
    "prevHdg":1.1699073314667,
    "prevAz":1.7303321361542,
    "fEl":0.076965765278186,
    "prevPitch":0.23040281236172,
    "elHMD":0,
    "elHUD":-0.62651236826892
  },
  "16782848":{
    "unNormAz":1.0161691337055,
    "beenThreat":0,
    "azHUD":0.92054858823559,
    "phyRange":0,
    "prevEl":-0.30034154653549,
    "fAz":1.0161691337055,
    "obs":[],
    "azHMD":0,
    "prevHdg":1.1699073314667,
    "prevAz":1.025461435318,
    "fEl":-0.069816681317522,
    "prevPitch":0.23040281236172,
    "elHMD":0,
    "elHUD":-0.5494528724095
  }
}'.
2026-01-08 14:49:51 EDIT    Line: '1' Which had the content: '{
  "16777728":{
    "unNormAz":-0.20274134680258,
    "beenThreat":1,
    "azHUD":-0.26495798726461,
    "phyRange":0,
    "prevEl":-0.20978778600693,
    "fAz":6.080443960377,
    "obs":[],
    "azHMD":0,
    "prevHdg":1.1439715623856,
    "prevAz":6.007071018219,
    "fEl":-0.056055364127872,
    "prevPitch":0.22418215870857,
    "elHMD":0,
    "elHUD":-0.16944534825654
  },
  "16783104":{
    "unNormAz":1.75360576875,
    "beenThreat":0,
    "azHUD":1.668492243488,
    "phyRange":0,
    "prevEl":-0.010937517508864,
    "fAz":1.75360576875,
    "obs":[],
    "azHMD":0,
    "prevHdg":1.1699073314667,
    "prevAz":1.7303321361542,
    "fEl":0.076965765278186,
    "prevPitch":0.23040281236172,
    "elHMD":0,
    "elHUD":-0.62651236826892
  },
  "16782848":{
    "unNormAz":1.0161691337055,
    "beenThreat":0,
    "azHUD":0.92054858823559,
    "phyRange":0,
    "prevEl":-0.30034154653549,
    "fAz":1.0161691337055,
    "obs":[],
    "azHMD":0,
    "prevHdg":1.1699073314667,
    "prevAz":1.025461435318,
    "fEl":-0.069816681317522,
    "prevPitch":0.23040281236172,
    "elHMD":0,
    "elHUD":-0.5494528724095
  }
}', and now has the content: '{
  "16777728":{
    "unNormAz":-0.20274134680258,
    "beenThreat":1,
    "azHUD":-0.26495798726461,
    "phyRange":0,
    "prevEl":-0.20978778600693,
    "fAz":6.080443960377,
    "obs":[],
    "azHMD":0,
    "prevHdg":1.1439715623856,
    "prevAz":6.007071018219,
    "fEl":-0.056055364127872,
    "prevPitch":0.22418215870857,
    "elHMD":0,
    "elHUD":-0.16944534825654
  },
  "16783104":{
    "unNormAz":1.75360576875,
    "beenThreat":0,
    "azHUD":1.668492243488,
    "phyRange":0,
    "prevEl":-0.010937517508864,
    "fAz":1.75360576875,
    "obs":[],
    "azHMD":0,
    "prevHdg":1.1699073314667,
    "prevAz":1.7303321361542,
    "fEl":0.076965765278186,
    "prevPitch":0.23040281236172,
    "elHMD":0,
    "elHUD":-0.62651236826892
  },
  "16782848":{
    "unNormAz":1.0161691337055,
    "beenThreat":0,
    "azHUD":0.92054858823559,
    "phyRange":0,
    "prevEl":-0.30034154653549,
    "fAz":1.0161691337055,
    "obs":[],
    "azHMD":0,
    "prevHdg":1.1699073314667,
    "prevAz":1.025461435318,
    "fEl":-0.069816681317522,
    "prevPitch":0.23040281236172,
    "elHMD":0,
    "elHUD":-0.5494528724095
  }
}'.
2026-01-08 14:49:51 EDIT    Line: '1' Which had the content: '{
  "16777728":{
    "unNormAz":-0.20274134680258,
    "beenThreat":1,
    "azHUD":-0.26445972535074,
    "phyRange":0,
    "prevEl":-0.20978778600693,
    "fAz":6.080443960377,
    "obs":[],
    "azHMD":0,
    "prevHdg":1.1439715623856,
    "prevAz":6.007071018219,
    "fEl":-0.056055364127872,
    "prevPitch":0.22418215870857,
    "elHMD":0,
    "elHUD":-0.16684894576375
  },
  "16783104":{
    "unNormAz":1.75360576875,
    "beenThreat":0,
    "azHUD":1.6692511132184,
    "phyRange":0,
    "prevEl":-0.010937517508864,
    "fAz":1.75360576875,
    "obs":[],
    "azHMD":0,
    "prevHdg":1.1699073314667,
    "prevAz":1.7303321361542,
    "fEl":0.076965765278186,
    "prevPitch":0.23040281236172,
    "elHMD":0,
    "elHUD":-0.62281215522296
  },
  "16782848":{
    "unNormAz":1.0161691337055,
    "beenThreat":0,
    "azHUD":0.9212635893879,
    "phyRange":0,
    "prevEl":-0.30034154653549,
    "fAz":1.0161691337055,
    "obs":[],
    "azHMD":0,
    "prevHdg":1.1699073314667,
    "prevAz":1.025461435318,
    "fEl":-0.069816681317522,
    "prevPitch":0.23040281236172,
    "elHMD":0,
    "elHUD":-0.5461796456185
  }
}', and now has the content: '{
  "16777728":{
    "unNormAz":-0.20274134680258,
    "beenThreat":1,
    "azHUD":-0.26445972535074,
    "phyRange":0,
    "prevEl":-0.20978778600693,
    "fAz":6.080443960377,
    "obs":[],
    "azHMD":0,
    "prevHdg":1.1439715623856,
    "prevAz":6.007071018219,
    "fEl":-0.056055364127872,
    "prevPitch":0.22418215870857,
    "elHMD":0,
    "elHUD":-0.16684894576375
  },
  "16783104":{
    "unNormAz":1.75360576875,
    "beenThreat":0,
    "azHUD":1.6692511132184,
    "phyRange":0,
    "prevEl":-0.010937517508864,
    "fAz":1.75360576875,
    "obs":[],
    "azHMD":0,
    "prevHdg":1.1699073314667,
    "prevAz":1.7303321361542,
    "fEl":0.076965765278186,
    "prevPitch":0.23040281236172,
    "elHMD":0,
    "elHUD":-0.62281215522296
  },
  "16782848":{
    "unNormAz":1.0161691337055,
    "beenThreat":0,
    "azHUD":0.9212635893879,
    "phyRange":0,
    "prevEl":-0.30034154653549,
    "fAz":1.0161691337055,
    "obs":[],
    "azHMD":0,
    "prevHdg":1.1699073314667,
    "prevAz":1.025461435318,
    "fEl":-0.069816681317522,
    "prevPitch":0.23040281236172,
    "elHMD":0,
    "elHUD":-0.5461796456185
  }
}'.
2026-01-08 14:49:51 EDIT    Line: '1' Which had the content: '{
  "16777728":{
    "unNormAz":-0.20274134680258,
    "beenThreat":1,
    "azHUD":-0.2639519670911,
    "phyRange":0,
    "prevEl":-0.20978778600693,
    "fAz":6.080443960377,
    "obs":[],
    "azHMD":0,
    "prevHdg":1.1439715623856,
    "prevAz":6.007071018219,
    "fEl":-0.056055364127872,
    "prevPitch":0.22418215870857,
    "elHMD":0,
    "elHUD":-0.16432444850691
  },
  "16783104":{
    "unNormAz":1.75360576875,
    "beenThreat":0,
    "azHUD":1.6700558231271,
    "phyRange":0,
    "prevEl":-0.010937517508864,
    "fAz":1.75360576875,
    "obs":[],
    "azHMD":0,
    "prevHdg":1.1699073314667,
    "prevAz":1.7303321361542,
    "fEl":0.076965765278186,
    "prevPitch":0.23040281236172,
    "elHMD":0,
    "elHUD":-0.61902646406849
  },
  "16782848":{
    "unNormAz":1.0161691337055,
    "beenThreat":0,
    "azHUD":0.92201848138548,
    "phyRange":0,
    "prevEl":-0.30034154653549,
    "fAz":1.0161691337055,
    "obs":[],
    "azHMD":0,
    "prevHdg":1.1699073314667,
    "prevAz":1.025461435318,
    "fEl":-0.069816681317522,
    "prevPitch":0.23040281236172,
    "elHMD":0,
    "elHUD":-0.5428817814267
  }
}', and now has the content: '{
  "16777728":{
    "unNormAz":-0.20274134680258,
    "beenThreat":1,
    "azHUD":-0.2639519670911,
    "phyRange":0,
    "prevEl":-0.20978778600693,
    "fAz":6.080443960377,
    "obs":[],
    "azHMD":0,
    "prevHdg":1.1439715623856,
    "prevAz":6.007071018219,
    "fEl":-0.056055364127872,
    "prevPitch":0.22418215870857,
    "elHMD":0,
    "elHUD":-0.16432444850691
  },
  "16783104":{
    "unNormAz":1.75360576875,
    "beenThreat":0,
    "azHUD":1.6700558231271,
    "phyRange":0,
    "prevEl":-0.010937517508864,
    "fAz":1.75360576875,
    "obs":[],
    "azHMD":0,
    "prevHdg":1.1699073314667,
    "prevAz":1.7303321361542,
    "fEl":0.076965765278186,
    "prevPitch":0.23040281236172,
    "elHMD":0,
    "elHUD":-0.61902646406849
  },
  "16782848":{
    "unNormAz":1.0161691337055,
    "beenThreat":0,
    "azHUD":0.92201848138548,
    "phyRange":0,
    "prevEl":-0.30034154653549,
    "fAz":1.0161691337055,
    "obs":[],
    "azHMD":0,
    "prevHdg":1.1699073314667,
    "prevAz":1.025461435318,
    "fEl":-0.069816681317522,
    "prevPitch":0.23040281236172,
    "elHMD":0,
    "elHUD":-0.5428817814267
  }
}'.
2026-01-08 14:49:51 EDIT    Line: '1' Which had the content: '{
  "16777728":{
    "unNormAz":-0.20274134680258,
    "beenThreat":1,
    "azHUD":-0.26343362646215,
    "phyRange":0,
    "prevEl":-0.20978778600693,
    "fAz":6.080443960377,
    "obs":[],
    "azHMD":0,
    "prevHdg":1.1439715623856,
    "prevAz":6.007071018219,
    "fEl":-0.056055364127872,
    "prevPitch":0.22418215870857,
    "elHMD":0,
    "elHUD":-0.16188245333652
  },
  "16783104":{
    "unNormAz":1.75360576875,
    "beenThreat":0,
    "azHUD":1.6709109204156,
    "phyRange":0,
    "prevEl":-0.010937517508864,
    "fAz":1.75360576875,
    "obs":[],
    "azHMD":0,
    "prevHdg":1.1699073314667,
    "prevAz":1.7303321361542,
    "fEl":0.076965765278186,
    "prevPitch":0.23040281236172,
    "elHMD":0,
    "elHUD":-0.61514973601267
  },
  "16782848":{
    "unNormAz":1.0161691337055,
    "beenThreat":0,
    "azHUD":0.92281730189042,
    "phyRange":0,
    "prevEl":-0.30034154653549,
    "fAz":1.0161691337055,
    "obs":[],
    "azHMD":0,
    "prevHdg":1.1699073314667,
    "prevAz":1.025461435318,
    "fEl":-0.069816681317522,
    "prevPitch":0.23040281236172,
    "elHMD":0,
    "elHUD":-0.53955995326172
  }
}', and now has the content: '{
  "16777728":{
    "unNormAz":-0.20274134680258,
    "beenThreat":1,
    "azHUD":-0.26343362646215,
    "phyRange":0,
    "prevEl":-0.20978778600693,
    "fAz":6.080443960377,
    "obs":[],
    "azHMD":0,
    "prevHdg":1.1439715623856,
    "prevAz":6.007071018219,
    "fEl":-0.056055364127872,
    "prevPitch":0.22418215870857,
    "elHMD":0,
    "elHUD":-0.16188245333652
  },
  "16783104":{
    "unNormAz":1.75360576875,
    "beenThreat":0,
    "azHUD":1.6709109204156,
    "phyRange":0,
    "prevEl":-0.010937517508864,
    "fAz":1.75360576875,
    "obs":[],
    "azHMD":0,
    "prevHdg":1.1699073314667,
    "prevAz":1.7303321361542,
    "fEl":0.076965765278186,
    "prevPitch":0.23040281236172,
    "elHMD":0,
    "elHUD":-0.61514973601267
  },
  "16782848":{
    "unNormAz":1.0161691337055,
    "beenThreat":0,
    "azHUD":0.92281730189042,
    "phyRange":0,
    "prevEl":-0.30034154653549,
    "fAz":1.0161691337055,
    "obs":[],
    "azHMD":0,
    "prevHdg":1.1699073314667,
    "prevAz":1.025461435318,
    "fEl":-0.069816681317522,
    "prevPitch":0.23040281236172,
    "elHMD":0,
    "elHUD":-0.53955995326172
  }
}'.
2026-01-08 14:49:51 EDIT    Line: '1' Which had the content: '{
  "16777728":{
    "unNormAz":-0.20274134680258,
    "beenThreat":1,
    "azHUD":-0.26290596714823,
    "phyRange":0,
    "prevEl":-0.20978778600693,
    "fAz":6.080443960377,
    "obs":[],
    "azHMD":0,
    "prevHdg":1.1439715623856,
    "prevAz":6.007071018219,
    "fEl":-0.056055364127872,
    "prevPitch":0.22418215870857,
    "elHMD":0,
    "elHUD":-0.15952749885011
  },
  "16783104":{
    "unNormAz":1.75360576875,
    "beenThreat":0,
    "azHUD":1.6718111210936,
    "phyRange":0,
    "prevEl":-0.010937517508864,
    "fAz":1.75360576875,
    "obs":[],
    "azHMD":0,
    "prevHdg":1.1699073314667,
    "prevAz":1.7303321361542,
    "fEl":0.076965765278186,
    "prevPitch":0.23040281236172,
    "elHMD":0,
    "elHUD":-0.61120198788529
  },
  "16782848":{
    "unNormAz":1.0161691337055,
    "beenThreat":0,
    "azHUD":0.92365551938906,
    "phyRange":0,
    "prevEl":-0.30034154653549,
    "fAz":1.0161691337055,
    "obs":[],
    "azHMD":0,
    "prevHdg":1.1699073314667,
    "prevAz":1.025461435318,
    "fEl":-0.069816681317522,
    "prevPitch":0.23040281236172,
    "elHMD":0,
    "elHUD":-0.53622817263966
  }
}', and now has the content: '{
  "16777728":{
    "unNormAz":-0.20274134680258,
    "beenThreat":1,
    "azHUD":-0.26290596714823,
    "phyRange":0,
    "prevEl":-0.20978778600693,
    "fAz":6.080443960377,
    "obs":[],
    "azHMD":0,
    "prevHdg":1.1439715623856,
    "prevAz":6.007071018219,
    "fEl":-0.056055364127872,
    "prevPitch":0.22418215870857,
    "elHMD":0,
    "elHUD":-0.15952749885011
  },
  "16783104":{
    "unNormAz":1.75360576875,
    "beenThreat":0,
    "azHUD":1.6718111210936,
    "phyRange":0,
    "prevEl":-0.010937517508864,
    "fAz":1.75360576875,
    "obs":[],
    "azHMD":0,
    "prevHdg":1.1699073314667,
    "prevAz":1.7303321361542,
    "fEl":0.076965765278186,
    "prevPitch":0.23040281236172,
    "elHMD":0,
    "elHUD":-0.61120198788529
  },
  "16782848":{
    "unNormAz":1.0161691337055,
    "beenThreat":0,
    "azHUD":0.92365551938906,
    "phyRange":0,
    "prevEl":-0.30034154653549,
    "fAz":1.0161691337055,
    "obs":[],
    "azHMD":0,
    "prevHdg":1.1699073314667,
    "prevAz":1.025461435318,
    "fEl":-0.069816681317522,
    "prevPitch":0.23040281236172,
    "elHMD":0,
    "elHUD":-0.53622817263966
  }
}'.
2026-01-08 14:49:51 EDIT    Line: '1' Which had the content: '{
  "16777728":{
    "unNormAz":-0.20274134680258,
    "beenThreat":1,
    "azHUD":-0.26237158222183,
    "phyRange":0,
    "prevEl":-0.20978778600693,
    "fAz":6.080443960377,
    "obs":[],
    "azHMD":0,
    "prevHdg":1.1439715623856,
    "prevAz":6.007071018219,
    "fEl":-0.056055364127872,
    "prevPitch":0.22418215870857,
    "elHMD":0,
    "elHUD":-0.1572626177985
  },
  "16783104":{
    "unNormAz":1.75360576875,
    "beenThreat":0,
    "azHUD":1.672750183684,
    "phyRange":0,
    "prevEl":-0.010937517508864,
    "fAz":1.75360576875,
    "obs":[],
    "azHMD":0,
    "prevHdg":1.1699073314667,
    "prevAz":1.7303321361542,
    "fEl":0.076965765278186,
    "prevPitch":0.23040281236172,
    "elHMD":0,
    "elHUD":-0.60720017646405
  },
  "16782848":{
    "unNormAz":1.0161691337055,
    "beenThreat":0,
    "azHUD":0.92452758125241,
    "phyRange":0,
    "prevEl":-0.30034154653549,
    "fAz":1.0161691337055,
    "obs":[],
    "azHMD":0,
    "prevHdg":1.1699073314667,
    "prevAz":1.025461435318,
    "fEl":-0.069816681317522,
    "prevPitch":0.23040281236172,
    "elHMD":0,
    "elHUD":-0.53289799247883
  }
}', and now has the content: '{
  "16777728":{
    "unNormAz":-0.20274134680258,
    "beenThreat":1,
    "azHUD":-0.26237158222183,
    "phyRange":0,
    "prevEl":-0.20978778600693,
    "fAz":6.080443960377,
    "obs":[],
    "azHMD":0,
    "prevHdg":1.1439715623856,
    "prevAz":6.007071018219,
    "fEl":-0.056055364127872,
    "prevPitch":0.22418215870857,
    "elHMD":0,
    "elHUD":-0.1572626177985
  },
  "16783104":{
    "unNormAz":1.75360576875,
    "beenThreat":0,
    "azHUD":1.672750183684,
    "phyRange":0,
    "prevEl":-0.010937517508864,
    "fAz":1.75360576875,
    "obs":[],
    "azHMD":0,
    "prevHdg":1.1699073314667,
    "prevAz":1.7303321361542,
    "fEl":0.076965765278186,
    "prevPitch":0.23040281236172,
    "elHMD":0,
    "elHUD":-0.60720017646405
  },
  "16782848":{
    "unNormAz":1.0161691337055,
    "beenThreat":0,
    "azHUD":0.92452758125241,
    "phyRange":0,
    "prevEl":-0.30034154653549,
    "fAz":1.0161691337055,
    "obs":[],
    "azHMD":0,
    "prevHdg":1.1699073314667,
    "prevAz":1.025461435318,
    "fEl":-0.069816681317522,
    "prevPitch":0.23040281236172,
    "elHMD":0,
    "elHUD":-0.53289799247883
  }
}'.
2026-01-08 14:49:51 EDIT    Line: '1' Which had the content: '{
  "16777728":{
    "unNormAz":-0.20274134680258,
    "beenThreat":1,
    "azHUD":-0.26182887055472,
    "phyRange":0,
    "prevEl":-0.20978778600693,
    "fAz":6.080443960377,
    "obs":[],
    "azHMD":0,
    "prevHdg":1.1439715623856,
    "prevAz":6.007071018219,
    "fEl":-0.056055364127872,
    "prevPitch":0.22418215870857,
    "elHMD":0,
    "elHUD":-0.15509464299421
  },
  "16783104":{
    "unNormAz":1.75360576875,
    "beenThreat":0,
    "azHUD":1.6737334343629,
    "phyRange":0,
    "prevEl":-0.010937517508864,
    "fAz":1.75360576875,
    "obs":[],
    "azHMD":0,
    "prevHdg":1.1699073314667,
    "prevAz":1.7303321361542,
    "fEl":0.076965765278186,
    "prevPitch":0.23040281236172,
    "elHMD":0,
    "elHUD":-0.60313327900943
  },
  "16782848":{
    "unNormAz":1.0161691337055,
    "beenThreat":0,
    "azHUD":0.92543828815153,
    "phyRange":0,
    "prevEl":-0.30034154653549,
    "fAz":1.0161691337055,
    "obs":[],
    "azHMD":0,
    "prevHdg":1.1699073314667,
    "prevAz":1.025461435318,
    "fEl":-0.069816681317522,
    "prevPitch":0.23040281236172,
    "elHMD":0,
    "elHUD":-0.52956527311716
  }
}', and now has the content: '{
  "16777728":{
    "unNormAz":-0.20274134680258,
    "beenThreat":1,
    "azHUD":-0.26182887055472,
    "phyRange":0,
    "prevEl":-0.20978778600693,
    "fAz":6.080443960377,
    "obs":[],
    "azHMD":0,
    "prevHdg":1.1439715623856,
    "prevAz":6.007071018219,
    "fEl":-0.056055364127872,
    "prevPitch":0.22418215870857,
    "elHMD":0,
    "elHUD":-0.15509464299421
  },
  "16783104":{
    "unNormAz":1.75360576875,
    "beenThreat":0,
    "azHUD":1.6737334343629,
    "phyRange":0,
    "prevEl":-0.010937517508864,
    "fAz":1.75360576875,
    "obs":[],
    "azHMD":0,
    "prevHdg":1.1699073314667,
    "prevAz":1.7303321361542,
    "fEl":0.076965765278186,
    "prevPitch":0.23040281236172,
    "elHMD":0,
    "elHUD":-0.60313327900943
  },
  "16782848":{
    "unNormAz":1.0161691337055,
    "beenThreat":0,
    "azHUD":0.92543828815153,
    "phyRange":0,
    "prevEl":-0.30034154653549,
    "fAz":1.0161691337055,
    "obs":[],
    "azHMD":0,
    "prevHdg":1.1699073314667,
    "prevAz":1.025461435318,
    "fEl":-0.069816681317522,
    "prevPitch":0.23040281236172,
    "elHMD":0,
    "elHUD":-0.52956527311716
  }
}'.
2026-01-08 14:49:51 EDIT    Line: '1' Which had the content: '{
  "16777728":{
    "unNormAz":-0.20274134680258,
    "beenThreat":1,
    "azHUD":-0.26182887055472,
    "phyRange":0,
    "prevEl":-0.20978778600693,
    "fAz":6.080443960377,
    "obs":[],
    "azHMD":0,
    "prevHdg":1.1439715623856,
    "prevAz":6.007071018219,
    "fEl":-0.056055364127872,
    "prevPitch":0.22418215870857,
    "elHMD":0,
    "elHUD":-0.15509464299421
  },
  "16783104":{
    "unNormAz":1.75360576875,
    "beenThreat":0,
    "azHUD":1.6737334343629,
    "phyRange":0,
    "prevEl":-0.010937517508864,
    "fAz":1.75360576875,
    "obs":[],
    "azHMD":0,
    "prevHdg":1.1699073314667,
    "prevAz":1.7303321361542,
    "fEl":0.076965765278186,
    "prevPitch":0.23040281236172,
    "elHMD":0,
    "elHUD":-0.60313327900943
  },
  "16782848":{
    "unNormAz":1.0161691337055,
    "beenThreat":0,
    "azHUD":0.92543828815153,
    "phyRange":0,
    "prevEl":-0.30034154653549,
    "fAz":1.0161691337055,
    "obs":[],
    "azHMD":0,
    "prevHdg":1.1699073314667,
    "prevAz":1.025461435318,
    "fEl":-0.069816681317522,
    "prevPitch":0.23040281236172,
    "elHMD":0,
    "elHUD":-0.52956527311716
  }
}', and now has the content: '{
  "16777728":{
    "unNormAz":-0.20274134680258,
    "beenThreat":1,
    "azHUD":-0.26182887055472,
    "phyRange":0,
    "prevEl":-0.20978778600693,
    "fAz":6.080443960377,
    "obs":[],
    "azHMD":0,
    "prevHdg":1.1439715623856,
    "prevAz":6.007071018219,
    "fEl":-0.056055364127872,
    "prevPitch":0.22418215870857,
    "elHMD":0,
    "elHUD":-0.15509464299421
  },
  "16783104":{
    "unNormAz":1.75360576875,
    "beenThreat":0,
    "azHUD":1.6737334343629,
    "phyRange":0,
    "prevEl":-0.010937517508864,
    "fAz":1.75360576875,
    "obs":[],
    "azHMD":0,
    "prevHdg":1.1699073314667,
    "prevAz":1.7303321361542,
    "fEl":0.076965765278186,
    "prevPitch":0.23040281236172,
    "elHMD":0,
    "elHUD":-0.60313327900943
  },
  "16782848":{
    "unNormAz":1.0161691337055,
    "beenThreat":0,
    "azHUD":0.92543828815153,
    "phyRange":0,
    "prevEl":-0.30034154653549,
    "fAz":1.0161691337055,
    "obs":[],
    "azHMD":0,
    "prevHdg":1.1699073314667,
    "prevAz":1.025461435318,
    "fEl":-0.069816681317522,
    "prevPitch":0.23040281236172,
    "elHMD":0,
    "elHUD":-0.52956527311716
  }
}'.
2026-01-08 14:49:51 EDIT    Line: '1' Which had the content: '{
  "16777728":{
    "unNormAz":-0.20274134680258,
    "beenThreat":1,
    "azHUD":-0.26128031355113,
    "phyRange":0,
    "prevEl":-0.20978778600693,
    "fAz":6.080443960377,
    "obs":[],
    "azHMD":0,
    "prevHdg":1.1439715623856,
    "prevAz":6.007071018219,
    "fEl":-0.056055364127872,
    "prevPitch":0.22418215870857,
    "elHMD":0,
    "elHUD":-0.15302414354593
  },
  "16783104":{
    "unNormAz":1.75360576875,
    "beenThreat":0,
    "azHUD":1.6747546459031,
    "phyRange":0,
    "prevEl":-0.010937517508864,
    "fAz":1.75360576875,
    "obs":[],
    "azHMD":0,
    "prevHdg":1.1699073314667,
    "prevAz":1.7303321361542,
    "fEl":0.076965765278186,
    "prevPitch":0.23040281236172,
    "elHMD":0,
    "elHUD":-0.5990159499182
  },
  "16782848":{
    "unNormAz":1.0161691337055,
    "beenThreat":0,
    "azHUD":0.92638213038806,
    "phyRange":0,
    "prevEl":-0.30034154653549,
    "fAz":1.0161691337055,
    "obs":[],
    "azHMD":0,
    "prevHdg":1.1699073314667,
    "prevAz":1.025461435318,
    "fEl":-0.069816681317522,
    "prevPitch":0.23040281236172,
    "elHMD":0,
    "elHUD":-0.52623919981171
  }
}', and now has the content: '{
  "16777728":{
    "unNormAz":-0.20274134680258,
    "beenThreat":1,
    "azHUD":-0.26128031355113,
    "phyRange":0,
    "prevEl":-0.20978778600693,
    "fAz":6.080443960377,
    "obs":[],
    "azHMD":0,
    "prevHdg":1.1439715623856,
    "prevAz":6.007071018219,
    "fEl":-0.056055364127872,
    "prevPitch":0.22418215870857,
    "elHMD":0,
    "elHUD":-0.15302414354593
  },
  "16783104":{
    "unNormAz":1.75360576875,
    "beenThreat":0,
    "azHUD":1.6747546459031,
    "phyRange":0,
    "prevEl":-0.010937517508864,
    "fAz":1.75360576875,
    "obs":[],
    "azHMD":0,
    "prevHdg":1.1699073314667,
    "prevAz":1.7303321361542,
    "fEl":0.076965765278186,
    "prevPitch":0.23040281236172,
    "elHMD":0,
    "elHUD":-0.5990159499182
  },
  "16782848":{
    "unNormAz":1.0161691337055,
    "beenThreat":0,
    "azHUD":0.92638213038806,
    "phyRange":0,
    "prevEl":-0.30034154653549,
    "fAz":1.0161691337055,
    "obs":[],
    "azHMD":0,
    "prevHdg":1.1699073314667,
    "prevAz":1.025461435318,
    "fEl":-0.069816681317522,
    "prevPitch":0.23040281236172,
    "elHMD":0,
    "elHUD":-0.52623919981171
  }
}'.
2026-01-08 14:49:51 EDIT    Line: '1' Which had the content: '{
  "16777728":{
    "unNormAz":-0.20274134680258,
    "beenThreat":1,
    "azHUD":-0.26072445519806,
    "phyRange":0,
    "prevEl":-0.20978778600693,
    "fAz":6.080443960377,
    "obs":[],
    "azHMD":0,
    "prevHdg":1.1439715623856,
    "prevAz":6.007071018219,
    "fEl":-0.056055364127872,
    "prevPitch":0.22418215870857,
    "elHMD":0,
    "elHUD":-0.15105575072261
  },
  "16783104":{
    "unNormAz":1.75360576875,
    "beenThreat":0,
    "azHUD":1.6758188928428,
    "phyRange":0,
    "prevEl":-0.010937517508864,
    "fAz":1.75360576875,
    "obs":[],
    "azHMD":0,
    "prevHdg":1.1699073314667,
    "prevAz":1.7303321361542,
    "fEl":0.076965765278186,
    "prevPitch":0.23040281236172,
    "elHMD":0,
    "elHUD":-0.59483488130316
  },
  "16782848":{
    "unNormAz":1.0161691337055,
    "beenThreat":0,
    "azHUD":0.92736370105732,
    "phyRange":0,
    "prevEl":-0.30034154653549,
    "fAz":1.0161691337055,
    "obs":[],
    "azHMD":0,
    "prevHdg":1.1699073314667,
    "prevAz":1.025461435318,
    "fEl":-0.069816681317522,
    "prevPitch":0.23040281236172,
    "elHMD":0,
    "elHUD":-0.5229133739237
  }
}', and now has the content: '{
  "16777728":{
    "unNormAz":-0.20274134680258,
    "beenThreat":1,
    "azHUD":-0.26072445519806,
    "phyRange":0,
    "prevEl":-0.20978778600693,
    "fAz":6.080443960377,
    "obs":[],
    "azHMD":0,
    "prevHdg":1.1439715623856,
    "prevAz":6.007071018219,
    "fEl":-0.056055364127872,
    "prevPitch":0.22418215870857,
    "elHMD":0,
    "elHUD":-0.15105575072261
  },
  "16783104":{
    "unNormAz":1.75360576875,
    "beenThreat":0,
    "azHUD":1.6758188928428,
    "phyRange":0,
    "prevEl":-0.010937517508864,
    "fAz":1.75360576875,
    "obs":[],
    "azHMD":0,
    "prevHdg":1.1699073314667,
    "prevAz":1.7303321361542,
    "fEl":0.076965765278186,
    "prevPitch":0.23040281236172,
    "elHMD":0,
    "elHUD":-0.59483488130316
  },
  "16782848":{
    "unNormAz":1.0161691337055,
    "beenThreat":0,
    "azHUD":0.92736370105732,
    "phyRange":0,
    "prevEl":-0.30034154653549,
    "fAz":1.0161691337055,
    "obs":[],
    "azHMD":0,
    "prevHdg":1.1699073314667,
    "prevAz":1.025461435318,
    "fEl":-0.069816681317522,
    "prevPitch":0.23040281236172,
    "elHMD":0,
    "elHUD":-0.5229133739237
  }
}'.
2026-01-08 14:49:51 EDIT    Line: '1' Which had the content: '{
  "16777728":{
    "unNormAz":-0.20274134680258,
    "beenThreat":1,
    "azHUD":-0.26016326444756,
    "phyRange":0,
    "prevEl":-0.20978778600693,
    "fAz":6.080443960377,
    "obs":[],
    "azHMD":0,
    "prevHdg":1.1439715623856,
    "prevAz":6.007071018219,
    "fEl":-0.056055364127872,
    "prevPitch":0.22418215870857,
    "elHMD":0,
    "elHUD":-0.14918831541733
  },
  "16783104":{
    "unNormAz":1.75360576875,
    "beenThreat":0,
    "azHUD":1.6769203895036,
    "phyRange":0,
    "prevEl":-0.010937517508864,
    "fAz":1.75360576875,
    "obs":[],
    "azHMD":0,
    "prevHdg":1.1699073314667,
    "prevAz":1.7303321361542,
    "fEl":0.076965765278186,
    "prevPitch":0.23040281236172,
    "elHMD":0,
    "elHUD":-0.59060305596797
  },
  "16782848":{
    "unNormAz":1.0161691337055,
    "beenThreat":0,
    "azHUD":0.92837795634122,
    "phyRange":0,
    "prevEl":-0.30034154653549,
    "fAz":1.0161691337055,
    "obs":[],
    "azHMD":0,
    "prevHdg":1.1699073314667,
    "prevAz":1.025461435318,
    "fEl":-0.069816681317522,
    "prevPitch":0.23040281236172,
    "elHMD":0,
    "elHUD":-0.51959528815544
  }
}', and now has the content: '{
  "16777728":{
    "unNormAz":-0.20274134680258,
    "beenThreat":1,
    "azHUD":-0.26016326444756,
    "phyRange":0,
    "prevEl":-0.20978778600693,
    "fAz":6.080443960377,
    "obs":[],
    "azHMD":0,
    "prevHdg":1.1439715623856,
    "prevAz":6.007071018219,
    "fEl":-0.056055364127872,
    "prevPitch":0.22418215870857,
    "elHMD":0,
    "elHUD":-0.14918831541733
  },
  "16783104":{
    "unNormAz":1.75360576875,
    "beenThreat":0,
    "azHUD":1.6769203895036,
    "phyRange":0,
    "prevEl":-0.010937517508864,
    "fAz":1.75360576875,
    "obs":[],
    "azHMD":0,
    "prevHdg":1.1699073314667,
    "prevAz":1.7303321361542,
    "fEl":0.076965765278186,
    "prevPitch":0.23040281236172,
    "elHMD":0,
    "elHUD":-0.59060305596797
  },
  "16782848":{
    "unNormAz":1.0161691337055,
    "beenThreat":0,
    "azHUD":0.92837795634122,
    "phyRange":0,
    "prevEl":-0.30034154653549,
    "fAz":1.0161691337055,
    "obs":[],
    "azHMD":0,
    "prevHdg":1.1699073314667,
    "prevAz":1.025461435318,
    "fEl":-0.069816681317522,
    "prevPitch":0.23040281236172,
    "elHMD":0,
    "elHUD":-0.51959528815544
  }
}'.
2026-01-08 14:49:51 EDIT    Line: '1' Which had the content: '{
  "16777728":{
    "unNormAz":-0.20274134680258,
    "beenThreat":1,
    "azHUD":-0.25959635420286,
    "phyRange":0,
    "prevEl":-0.20978778600693,
    "fAz":6.080443960377,
    "obs":[],
    "azHMD":0,
    "prevHdg":1.1439715623856,
    "prevAz":6.007071018219,
    "fEl":-0.056055364127872,
    "prevPitch":0.22418215870857,
    "elHMD":0,
    "elHUD":-0.14742430479303
  },
  "16783104":{
    "unNormAz":1.75360576875,
    "beenThreat":0,
    "azHUD":1.6780629581251,
    "phyRange":0,
    "prevEl":-0.010937517508864,
    "fAz":1.75360576875,
    "obs":[],
    "azHMD":0,
    "prevHdg":1.1699073314667,
    "prevAz":1.7303321361542,
    "fEl":0.076965765278186,
    "prevPitch":0.23040281236172,
    "elHMD":0,
    "elHUD":-0.58630520541287
  },
  "16782848":{
    "unNormAz":1.0161691337055,
    "beenThreat":0,
    "azHUD":0.92942829591529,
    "phyRange":0,
    "prevEl":-0.30034154653549,
    "fAz":1.0161691337055,
    "obs":[],
    "azHMD":0,
    "prevHdg":1.1699073314667,
    "prevAz":1.025461435318,
    "fEl":-0.069816681317522,
    "prevPitch":0.23040281236172,
    "elHMD":0,
    "elHUD":-0.5162764979253
  }
}', and now has the content: '{
  "16777728":{
    "unNormAz":-0.20274134680258,
    "beenThreat":1,
    "azHUD":-0.25959635420286,
    "phyRange":0,
    "prevEl":-0.20978778600693,
    "fAz":6.080443960377,
    "obs":[],
    "azHMD":0,
    "prevHdg":1.1439715623856,
    "prevAz":6.007071018219,
    "fEl":-0.056055364127872,
    "prevPitch":0.22418215870857,
    "elHMD":0,
    "elHUD":-0.14742430479303
  },
  "16783104":{
    "unNormAz":1.75360576875,
    "beenThreat":0,
    "azHUD":1.6780629581251,
    "phyRange":0,
    "prevEl":-0.010937517508864,
    "fAz":1.75360576875,
    "obs":[],
    "azHMD":0,
    "prevHdg":1.1699073314667,
    "prevAz":1.7303321361542,
    "fEl":0.076965765278186,
    "prevPitch":0.23040281236172,
    "elHMD":0,
    "elHUD":-0.58630520541287
  },
  "16782848":{
    "unNormAz":1.0161691337055,
    "beenThreat":0,
    "azHUD":0.92942829591529,
    "phyRange":0,
    "prevEl":-0.30034154653549,
    "fAz":1.0161691337055,
    "obs":[],
    "azHMD":0,
    "prevHdg":1.1699073314667,
    "prevAz":1.025461435318,
    "fEl":-0.069816681317522,
    "prevPitch":0.23040281236172,
    "elHMD":0,
    "elHUD":-0.5162764979253
  }
}'.
2026-01-08 14:49:51 EDIT    Line: '1' Which had the content: '{
  "16777728":{
    "unNormAz":-0.20274134680258,
    "beenThreat":1,
    "azHUD":-0.25902189586394,
    "phyRange":0,
    "prevEl":-0.20978778600693,
    "fAz":6.080443960377,
    "obs":[],
    "azHMD":0,
    "prevHdg":1.1439715623856,
    "prevAz":6.007071018219,
    "fEl":-0.056055364127872,
    "prevPitch":0.22418215870857,
    "elHMD":0,
    "elHUD":-0.14576581391056
  },
  "16783104":{
    "unNormAz":1.75360576875,
    "beenThreat":0,
    "azHUD":1.6792514558069,
    "phyRange":0,
    "prevEl":-0.010937517508864,
    "fAz":1.75360576875,
    "obs":[],
    "azHMD":0,
    "prevHdg":1.1699073314667,
    "prevAz":1.7303321361542,
    "fEl":0.076965765278186,
    "prevPitch":0.23040281236172,
    "elHMD":0,
    "elHUD":-0.58192687336348
  },
  "16782848":{
    "unNormAz":1.0161691337055,
    "beenThreat":0,
    "azHUD":0.93051924905535,
    "phyRange":0,
    "prevEl":-0.30034154653549,
    "fAz":1.0161691337055,
    "obs":[],
    "azHMD":0,
    "prevHdg":1.1699073314667,
    "prevAz":1.025461435318,
    "fEl":-0.069816681317522,
    "prevPitch":0.23040281236172,
    "elHMD":0,
    "elHUD":-0.51294890653764
  }
}', and now has the content: '{
  "16777728":{
    "unNormAz":-0.20274134680258,
    "beenThreat":1,
    "azHUD":-0.25902189586394,
    "phyRange":0,
    "prevEl":-0.20978778600693,
    "fAz":6.080443960377,
    "obs":[],
    "azHMD":0,
    "prevHdg":1.1439715623856,
    "prevAz":6.007071018219,
    "fEl":-0.056055364127872,
    "prevPitch":0.22418215870857,
    "elHMD":0,
    "elHUD":-0.14576581391056
  },
  "16783104":{
    "unNormAz":1.75360576875,
    "beenThreat":0,
    "azHUD":1.6792514558069,
    "phyRange":0,
    "prevEl":-0.010937517508864,
    "fAz":1.75360576875,
    "obs":[],
    "azHMD":0,
    "prevHdg":1.1699073314667,
    "prevAz":1.7303321361542,
    "fEl":0.076965765278186,
    "prevPitch":0.23040281236172,
    "elHMD":0,
    "elHUD":-0.58192687336348
  },
  "16782848":{
    "unNormAz":1.0161691337055,
    "beenThreat":0,
    "azHUD":0.93051924905535,
    "phyRange":0,
    "prevEl":-0.30034154653549,
    "fAz":1.0161691337055,
    "obs":[],
    "azHMD":0,
    "prevHdg":1.1699073314667,
    "prevAz":1.025461435318,
    "fEl":-0.069816681317522,
    "prevPitch":0.23040281236172,
    "elHMD":0,
    "elHUD":-0.51294890653764
  }
}'.
2026-01-08 14:49:51 EDIT    Line: '1' Which had the content: '{
  "16777728":{
    "unNormAz":-0.20274134680258,
    "beenThreat":1,
    "azHUD":-0.25902189586394,
    "phyRange":0,
    "prevEl":-0.20978778600693,
    "fAz":6.080443960377,
    "obs":[],
    "azHMD":0,
    "prevHdg":1.1439715623856,
    "prevAz":6.007071018219,
    "fEl":-0.056055364127872,
    "prevPitch":0.22418215870857,
    "elHMD":0,
    "elHUD":-0.14576581391056
  },
  "16783104":{
    "unNormAz":1.75360576875,
    "beenThreat":0,
    "azHUD":1.6792514558069,
    "phyRange":0,
    "prevEl":-0.010937517508864,
    "fAz":1.75360576875,
    "obs":[],
    "azHMD":0,
    "prevHdg":1.1699073314667,
    "prevAz":1.7303321361542,
    "fEl":0.076965765278186,
    "prevPitch":0.23040281236172,
    "elHMD":0,
    "elHUD":-0.58192687336348
  },
  "16782848":{
    "unNormAz":1.0161691337055,
    "beenThreat":0,
    "azHUD":0.93051924905535,
    "phyRange":0,
    "prevEl":-0.30034154653549,
    "fAz":1.0161691337055,
    "obs":[],
    "azHMD":0,
    "prevHdg":1.1699073314667,
    "prevAz":1.025461435318,
    "fEl":-0.069816681317522,
    "prevPitch":0.23040281236172,
    "elHMD":0,
    "elHUD":-0.51294890653764
  }
}', and now has the content: '{
  "16777728":{
    "unNormAz":-0.20274134680258,
    "beenThreat":1,
    "azHUD":-0.25902189586394,
    "phyRange":0,
    "prevEl":-0.20978778600693,
    "fAz":6.080443960377,
    "obs":[],
    "azHMD":0,
    "prevHdg":1.1439715623856,
    "prevAz":6.007071018219,
    "fEl":-0.056055364127872,
    "prevPitch":0.22418215870857,
    "elHMD":0,
    "elHUD":-0.14576581391056
  },
  "16783104":{
    "unNormAz":1.75360576875,
    "beenThreat":0,
    "azHUD":1.6792514558069,
    "phyRange":0,
    "prevEl":-0.010937517508864,
    "fAz":1.75360576875,
    "obs":[],
    "azHMD":0,
    "prevHdg":1.1699073314667,
    "prevAz":1.7303321361542,
    "fEl":0.076965765278186,
    "prevPitch":0.23040281236172,
    "elHMD":0,
    "elHUD":-0.58192687336348
  },
  "16782848":{
    "unNormAz":1.0161691337055,
    "beenThreat":0,
    "azHUD":0.93051924905535,
    "phyRange":0,
    "prevEl":-0.30034154653549,
    "fAz":1.0161691337055,
    "obs":[],
    "azHMD":0,
    "prevHdg":1.1699073314667,
    "prevAz":1.025461435318,
    "fEl":-0.069816681317522,
    "prevPitch":0.23040281236172,
    "elHMD":0,
    "elHUD":-0.51294890653764
  }
}'.
2026-01-08 14:49:51 EDIT    Line: '1' Which had the content: '{
  "16777728":{
    "unNormAz":-0.20274134680258,
    "beenThreat":1,
    "azHUD":-0.25843708789741,
    "phyRange":0,
    "prevEl":-0.20978778600693,
    "fAz":6.080443960377,
    "obs":[],
    "azHMD":0,
    "prevHdg":1.1439715623856,
    "prevAz":6.007071018219,
    "fEl":-0.056055364127872,
    "prevPitch":0.22418215870857,
    "elHMD":0,
    "elHUD":-0.1442193146454
  },
  "16783104":{
    "unNormAz":1.75360576875,
    "beenThreat":0,
    "azHUD":1.6804911567808,
    "phyRange":0,
    "prevEl":-0.010937517508864,
    "fAz":1.75360576875,
    "obs":[],
    "azHMD":0,
    "prevHdg":1.1699073314667,
    "prevAz":1.7303321361542,
    "fEl":0.076965765278186,
    "prevPitch":0.23040281236172,
    "elHMD":0,
    "elHUD":-0.57745979932943
  },
  "16782848":{
    "unNormAz":1.0161691337055,
    "beenThreat":0,
    "azHUD":0.93165588187716,
    "phyRange":0,
    "prevEl":-0.30034154653549,
    "fAz":1.0161691337055,
    "obs":[],
    "azHMD":0,
    "prevHdg":1.1699073314667,
    "prevAz":1.025461435318,
    "fEl":-0.069816681317522,
    "prevPitch":0.23040281236172,
    "elHMD":0,
    "elHUD":-0.50960990327653
  }
}', and now has the content: '{
  "16777728":{
    "unNormAz":-0.20274134680258,
    "beenThreat":1,
    "azHUD":-0.25843708789741,
    "phyRange":0,
    "prevEl":-0.20978778600693,
    "fAz":6.080443960377,
    "obs":[],
    "azHMD":0,
    "prevHdg":1.1439715623856,
    "prevAz":6.007071018219,
    "fEl":-0.056055364127872,
    "prevPitch":0.22418215870857,
    "elHMD":0,
    "elHUD":-0.1442193146454
  },
  "16783104":{
    "unNormAz":1.75360576875,
    "beenThreat":0,
    "azHUD":1.6804911567808,
    "phyRange":0,
    "prevEl":-0.010937517508864,
    "fAz":1.75360576875,
    "obs":[],
    "azHMD":0,
    "prevHdg":1.1699073314667,
    "prevAz":1.7303321361542,
    "fEl":0.076965765278186,
    "prevPitch":0.23040281236172,
    "elHMD":0,
    "elHUD":-0.57745979932943
  },
  "16782848":{
    "unNormAz":1.0161691337055,
    "beenThreat":0,
    "azHUD":0.93165588187716,
    "phyRange":0,
    "prevEl":-0.30034154653549,
    "fAz":1.0161691337055,
    "obs":[],
    "azHMD":0,
    "prevHdg":1.1699073314667,
    "prevAz":1.025461435318,
    "fEl":-0.069816681317522,
    "prevPitch":0.23040281236172,
    "elHMD":0,
    "elHUD":-0.50960990327653
  }
}'.
2026-01-08 14:49:51 EDIT    Line: '1' Which had the content: '{
  "16777728":{
    "unNormAz":-0.20274134680258,
    "beenThreat":1,
    "azHUD":-0.25783796677283,
    "phyRange":0,
    "prevEl":-0.20978778600693,
    "fAz":6.080443960377,
    "obs":[],
    "azHMD":0,
    "prevHdg":1.1439715623856,
    "prevAz":6.007071018219,
    "fEl":-0.056055364127872,
    "prevPitch":0.22418215870857,
    "elHMD":0,
    "elHUD":-0.14280020273783
  },
  "16783104":{
    "unNormAz":1.75360576875,
    "beenThreat":0,
    "azHUD":1.6817879014518,
    "phyRange":0,
    "prevEl":-0.010937517508864,
    "fAz":1.75360576875,
    "obs":[],
    "azHMD":0,
    "prevHdg":1.1699073314667,
    "prevAz":1.7303321361542,
    "fEl":0.076965765278186,
    "prevPitch":0.23040281236172,
    "elHMD":0,
    "elHUD":-0.5729066394419
  },
  "16782848":{
    "unNormAz":1.0161691337055,
    "beenThreat":0,
    "azHUD":0.93284395290548,
    "phyRange":0,
    "prevEl":-0.30034154653549,
    "fAz":1.0161691337055,
    "obs":[],
    "azHMD":0,
    "prevHdg":1.1699073314667,
    "prevAz":1.025461435318,
    "fEl":-0.069816681317522,
    "prevPitch":0.23040281236172,
    "elHMD":0,
    "elHUD":-0.50626701706652
  }
}', and now has the content: '{
  "16777728":{
    "unNormAz":-0.20274134680258,
    "beenThreat":1,
    "azHUD":-0.25783796677283,
    "phyRange":0,
    "prevEl":-0.20978778600693,
    "fAz":6.080443960377,
    "obs":[],
    "azHMD":0,
    "prevHdg":1.1439715623856,
    "prevAz":6.007071018219,
    "fEl":-0.056055364127872,
    "prevPitch":0.22418215870857,
    "elHMD":0,
    "elHUD":-0.14280020273783
  },
  "16783104":{
    "unNormAz":1.75360576875,
    "beenThreat":0,
    "azHUD":1.6817879014518,
    "phyRange":0,
    "prevEl":-0.010937517508864,
    "fAz":1.75360576875,
    "obs":[],
    "azHMD":0,
    "prevHdg":1.1699073314667,
    "prevAz":1.7303321361542,
    "fEl":0.076965765278186,
    "prevPitch":0.23040281236172,
    "elHMD":0,
    "elHUD":-0.5729066394419
  },
  "16782848":{
    "unNormAz":1.0161691337055,
    "beenThreat":0,
    "azHUD":0.93284395290548,
    "phyRange":0,
    "prevEl":-0.30034154653549,
    "fAz":1.0161691337055,
    "obs":[],
    "azHMD":0,
    "prevHdg":1.1699073314667,
    "prevAz":1.025461435318,
    "fEl":-0.069816681317522,
    "prevPitch":0.23040281236172,
    "elHMD":0,
    "elHUD":-0.50626701706652
  }
}'.
2026-01-08 14:49:51 EDIT    Line: '1' Which had the content: '{
  "16777728":{
    "unNormAz":-0.20274134680258,
    "beenThreat":1,
    "azHUD":-0.25722080297382,
    "phyRange":0,
    "prevEl":-0.20978778600693,
    "fAz":6.080443960377,
    "obs":[],
    "azHMD":0,
    "prevHdg":1.1439715623856,
    "prevAz":6.007071018219,
    "fEl":-0.056055364127872,
    "prevPitch":0.22418215870857,
    "elHMD":0,
    "elHUD":-0.14154863253204
  },
  "16783104":{
    "unNormAz":1.75360576875,
    "beenThreat":0,
    "azHUD":1.6831601951062,
    "phyRange":0,
    "prevEl":-0.010937517508864,
    "fAz":1.75360576875,
    "obs":[],
    "azHMD":0,
    "prevHdg":1.1699073314667,
    "prevAz":1.7303321361542,
    "fEl":0.076965765278186,
    "prevPitch":0.23040281236172,
    "elHMD":0,
    "elHUD":-0.56823544726883
  },
  "16782848":{
    "unNormAz":1.0161691337055,
    "beenThreat":0,
    "azHUD":0.93409994525758,
    "phyRange":0,
    "prevEl":-0.30034154653549,
    "fAz":1.0161691337055,
    "obs":[],
    "azHMD":0,
    "prevHdg":1.1699073314667,
    "prevAz":1.025461435318,
    "fEl":-0.069816681317522,
    "prevPitch":0.23040281236172,
    "elHMD":0,
    "elHUD":-0.50291608236732
  }
}', and now has the content: '{
  "16777728":{
    "unNormAz":-0.20274134680258,
    "beenThreat":1,
    "azHUD":-0.25722080297382,
    "phyRange":0,
    "prevEl":-0.20978778600693,
    "fAz":6.080443960377,
    "obs":[],
    "azHMD":0,
    "prevHdg":1.1439715623856,
    "prevAz":6.007071018219,
    "fEl":-0.056055364127872,
    "prevPitch":0.22418215870857,
    "elHMD":0,
    "elHUD":-0.14154863253204
  },
  "16783104":{
    "unNormAz":1.75360576875,
    "beenThreat":0,
    "azHUD":1.6831601951062,
    "phyRange":0,
    "prevEl":-0.010937517508864,
    "fAz":1.75360576875,
    "obs":[],
    "azHMD":0,
    "prevHdg":1.1699073314667,
    "prevAz":1.7303321361542,
    "fEl":0.076965765278186,
    "prevPitch":0.23040281236172,
    "elHMD":0,
    "elHUD":-0.56823544726883
  },
  "16782848":{
    "unNormAz":1.0161691337055,
    "beenThreat":0,
    "azHUD":0.93409994525758,
    "phyRange":0,
    "prevEl":-0.30034154653549,
    "fAz":1.0161691337055,
    "obs":[],
    "azHMD":0,
    "prevHdg":1.1699073314667,
    "prevAz":1.025461435318,
    "fEl":-0.069816681317522,
    "prevPitch":0.23040281236172,
    "elHMD":0,
    "elHUD":-0.50291608236732
  }
}'.
2026-01-08 14:49:51 EDIT    Line: '1' Which had the content: '{
  "16777728":{
    "unNormAz":-0.20274134680258,
    "beenThreat":1,
    "azHUD":-0.25658994739393,
    "phyRange":0,
    "prevEl":-0.20978778600693,
    "fAz":6.080443960377,
    "obs":[],
    "azHMD":0,
    "prevHdg":1.1439715623856,
    "prevAz":6.007071018219,
    "fEl":-0.056055364127872,
    "prevPitch":0.22418215870857,
    "elHMD":0,
    "elHUD":-0.14051085578805
  },
  "16783104":{
    "unNormAz":1.75360576875,
    "beenThreat":0,
    "azHUD":1.6846230156294,
    "phyRange":0,
    "prevEl":-0.010937517508864,
    "fAz":1.75360576875,
    "obs":[],
    "azHMD":0,
    "prevHdg":1.1699073314667,
    "prevAz":1.7303321361542,
    "fEl":0.076965765278186,
    "prevPitch":0.23040281236172,
    "elHMD":0,
    "elHUD":-0.5633965232803
  },
  "16782848":{
    "unNormAz":1.0161691337055,
    "beenThreat":0,
    "azHUD":0.93543627134929,
    "phyRange":0,
    "prevEl":-0.30034154653549,
    "fAz":1.0161691337055,
    "obs":[],
    "azHMD":0,
    "prevHdg":1.1699073314667,
    "prevAz":1.025461435318,
    "fEl":-0.069816681317522,
    "prevPitch":0.23040281236172,
    "elHMD":0,
    "elHUD":-0.49954435394083
  }
}', and now has the content: '{
  "16777728":{
    "unNormAz":-0.20274134680258,
    "beenThreat":1,
    "azHUD":-0.25658994739393,
    "phyRange":0,
    "prevEl":-0.20978778600693,
    "fAz":6.080443960377,
    "obs":[],
    "azHMD":0,
    "prevHdg":1.1439715623856,
    "prevAz":6.007071018219,
    "fEl":-0.056055364127872,
    "prevPitch":0.22418215870857,
    "elHMD":0,
    "elHUD":-0.14051085578805
  },
  "16783104":{
    "unNormAz":1.75360576875,
    "beenThreat":0,
    "azHUD":1.6846230156294,
    "phyRange":0,
    "prevEl":-0.010937517508864,
    "fAz":1.75360576875,
    "obs":[],
    "azHMD":0,
    "prevHdg":1.1699073314667,
    "prevAz":1.7303321361542,
    "fEl":0.076965765278186,
    "prevPitch":0.23040281236172,
    "elHMD":0,
    "elHUD":-0.5633965232803
  },
  "16782848":{
    "unNormAz":1.0161691337055,
    "beenThreat":0,
    "azHUD":0.93543627134929,
    "phyRange":0,
    "prevEl":-0.30034154653549,
    "fAz":1.0161691337055,
    "obs":[],
    "azHMD":0,
    "prevHdg":1.1699073314667,
    "prevAz":1.025461435318,
    "fEl":-0.069816681317522,
    "prevPitch":0.23040281236172,
    "elHMD":0,
    "elHUD":-0.49954435394083
  }
}'.
2026-01-08 14:49:51 EDIT    Line: '1' Which had the content: '{
  "16777728":{
    "unNormAz":-0.20274134680258,
    "beenThreat":1,
    "azHUD":-0.25593447119028,
    "phyRange":0,
    "prevEl":-0.20978778600693,
    "fAz":6.080443960377,
    "obs":[],
    "azHMD":0,
    "prevHdg":1.1439715623856,
    "prevAz":6.007071018219,
    "fEl":-0.056055364127872,
    "prevPitch":0.22418215870857,
    "elHMD":0,
    "elHUD":-0.13968595017043
  },
  "16783104":{
    "unNormAz":1.75360576875,
    "beenThreat":0,
    "azHUD":1.6861847681385,
    "phyRange":0,
    "prevEl":-0.010937517508864,
    "fAz":1.75360576875,
    "obs":[],
    "azHMD":0,
    "prevHdg":1.1699073314667,
    "prevAz":1.7303321361542,
    "fEl":0.076965765278186,
    "prevPitch":0.23040281236172,
    "elHMD":0,
    "elHUD":-0.55838980232534
  },
  "16782848":{
    "unNormAz":1.0161691337055,
    "beenThreat":0,
    "azHUD":0.93686224154904,
    "phyRange":0,
    "prevEl":-0.30034154653549,
    "fAz":1.0161691337055,
    "obs":[],
    "azHMD":0,
    "prevHdg":1.1699073314667,
    "prevAz":1.025461435318,
    "fEl":-0.069816681317522,
    "prevPitch":0.23040281236172,
    "elHMD":0,
    "elHUD":-0.49615132162376
  }
}', and now has the content: '{
  "16777728":{
    "unNormAz":-0.20274134680258,
    "beenThreat":1,
    "azHUD":-0.25593447119028,
    "phyRange":0,
    "prevEl":-0.20978778600693,
    "fAz":6.080443960377,
    "obs":[],
    "azHMD":0,
    "prevHdg":1.1439715623856,
    "prevAz":6.007071018219,
    "fEl":-0.056055364127872,
    "prevPitch":0.22418215870857,
    "elHMD":0,
    "elHUD":-0.13968595017043
  },
  "16783104":{
    "unNormAz":1.75360576875,
    "beenThreat":0,
    "azHUD":1.6861847681385,
    "phyRange":0,
    "prevEl":-0.010937517508864,
    "fAz":1.75360576875,
    "obs":[],
    "azHMD":0,
    "prevHdg":1.1699073314667,
    "prevAz":1.7303321361542,
    "fEl":0.076965765278186,
    "prevPitch":0.23040281236172,
    "elHMD":0,
    "elHUD":-0.55838980232534
  },
  "16782848":{
    "unNormAz":1.0161691337055,
    "beenThreat":0,
    "azHUD":0.93686224154904,
    "phyRange":0,
    "prevEl":-0.30034154653549,
    "fAz":1.0161691337055,
    "obs":[],
    "azHMD":0,
    "prevHdg":1.1699073314667,
    "prevAz":1.025461435318,
    "fEl":-0.069816681317522,
    "prevPitch":0.23040281236172,
    "elHMD":0,
    "elHUD":-0.49615132162376
  }
}'.
2026-01-08 14:49:51 EDIT    Line: '1' Which had the content: '{
  "16777728":{
    "unNormAz":-0.20274134680258,
    "beenThreat":1,
    "azHUD":-0.25526258387738,
    "phyRange":0,
    "prevEl":-0.20978778600693,
    "fAz":6.080443960377,
    "obs":[],
    "azHMD":0,
    "prevHdg":1.1439715623856,
    "prevAz":6.007071018219,
    "fEl":-0.056055364127872,
    "prevPitch":0.22418215870857,
    "elHMD":0,
    "elHUD":-0.13913555608132
  },
  "16783104":{
    "unNormAz":1.75360576875,
    "beenThreat":0,
    "azHUD":1.6878598540769,
    "phyRange":0,
    "prevEl":-0.010937517508864,
    "fAz":1.75360576875,
    "obs":[],
    "azHMD":0,
    "prevHdg":1.1699073314667,
    "prevAz":1.7303321361542,
    "fEl":0.076965765278186,
    "prevPitch":0.23040281236172,
    "elHMD":0,
    "elHUD":-0.55315880023424
  },
  "16782848":{
    "unNormAz":1.0161691337055,
    "beenThreat":0,
    "azHUD":0.93838954350902,
    "phyRange":0,
    "prevEl":-0.30034154653549,
    "fAz":1.0161691337055,
    "obs":[],
    "azHMD":0,
    "prevHdg":1.1699073314667,
    "prevAz":1.025461435318,
    "fEl":-0.069816681317522,
    "prevPitch":0.23040281236172,
    "elHMD":0,
    "elHUD":-0.49272593738854
  }
}', and now has the content: '{
  "16777728":{
    "unNormAz":-0.20274134680258,
    "beenThreat":1,
    "azHUD":-0.25526258387738,
    "phyRange":0,
    "prevEl":-0.20978778600693,
    "fAz":6.080443960377,
    "obs":[],
    "azHMD":0,
    "prevHdg":1.1439715623856,
    "prevAz":6.007071018219,
    "fEl":-0.056055364127872,
    "prevPitch":0.22418215870857,
    "elHMD":0,
    "elHUD":-0.13913555608132
  },
  "16783104":{
    "unNormAz":1.75360576875,
    "beenThreat":0,
    "azHUD":1.6878598540769,
    "phyRange":0,
    "prevEl":-0.010937517508864,
    "fAz":1.75360576875,
    "obs":[],
    "azHMD":0,
    "prevHdg":1.1699073314667,
    "prevAz":1.7303321361542,
    "fEl":0.076965765278186,
    "prevPitch":0.23040281236172,
    "elHMD":0,
    "elHUD":-0.55315880023424
  },
  "16782848":{
    "unNormAz":1.0161691337055,
    "beenThreat":0,
    "azHUD":0.93838954350902,
    "phyRange":0,
    "prevEl":-0.30034154653549,
    "fAz":1.0161691337055,
    "obs":[],
    "azHMD":0,
    "prevHdg":1.1699073314667,
    "prevAz":1.025461435318,
    "fEl":-0.069816681317522,
    "prevPitch":0.23040281236172,
    "elHMD":0,
    "elHUD":-0.49272593738854
  }
}'.
2026-01-08 14:49:51 EDIT    Line: '1' Which had the content: '{
  "16777728":{
    "unNormAz":-0.20274134680258,
    "beenThreat":1,
    "azHUD":-0.25526258387738,
    "phyRange":0,
    "prevEl":-0.20978778600693,
    "fAz":6.080443960377,
    "obs":[],
    "azHMD":0,
    "prevHdg":1.1439715623856,
    "prevAz":6.007071018219,
    "fEl":-0.056055364127872,
    "prevPitch":0.22418215870857,
    "elHMD":0,
    "elHUD":-0.13913555608132
  },
  "16783104":{
    "unNormAz":1.75360576875,
    "beenThreat":0,
    "azHUD":1.6878598540769,
    "phyRange":0,
    "prevEl":-0.010937517508864,
    "fAz":1.75360576875,
    "obs":[],
    "azHMD":0,
    "prevHdg":1.1699073314667,
    "prevAz":1.7303321361542,
    "fEl":0.076965765278186,
    "prevPitch":0.23040281236172,
    "elHMD":0,
    "elHUD":-0.55315880023424
  },
  "16782848":{
    "unNormAz":1.0161691337055,
    "beenThreat":0,
    "azHUD":0.93838954350902,
    "phyRange":0,
    "prevEl":-0.30034154653549,
    "fAz":1.0161691337055,
    "obs":[],
    "azHMD":0,
    "prevHdg":1.1699073314667,
    "prevAz":1.025461435318,
    "fEl":-0.069816681317522,
    "prevPitch":0.23040281236172,
    "elHMD":0,
    "elHUD":-0.49272593738854
  }
}', and now has the content: '{
  "16777728":{
    "unNormAz":-0.20274134680258,
    "beenThreat":1,
    "azHUD":-0.25526258387738,
    "phyRange":0,
    "prevEl":-0.20978778600693,
    "fAz":6.080443960377,
    "obs":[],
    "azHMD":0,
    "prevHdg":1.1439715623856,
    "prevAz":6.007071018219,
    "fEl":-0.056055364127872,
    "prevPitch":0.22418215870857,
    "elHMD":0,
    "elHUD":-0.13913555608132
  },
  "16783104":{
    "unNormAz":1.75360576875,
    "beenThreat":0,
    "azHUD":1.6878598540769,
    "phyRange":0,
    "prevEl":-0.010937517508864,
    "fAz":1.75360576875,
    "obs":[],
    "azHMD":0,
    "prevHdg":1.1699073314667,
    "prevAz":1.7303321361542,
    "fEl":0.076965765278186,
    "prevPitch":0.23040281236172,
    "elHMD":0,
    "elHUD":-0.55315880023424
  },
  "16782848":{
    "unNormAz":1.0161691337055,
    "beenThreat":0,
    "azHUD":0.93838954350902,
    "phyRange":0,
    "prevEl":-0.30034154653549,
    "fAz":1.0161691337055,
    "obs":[],
    "azHMD":0,
    "prevHdg":1.1699073314667,
    "prevAz":1.025461435318,
    "fEl":-0.069816681317522,
    "prevPitch":0.23040281236172,
    "elHMD":0,
    "elHUD":-0.49272593738854
  }
}'.
2026-01-08 14:49:51 EDIT    Line: '1' Which had the content: '{
  "16777728":{
    "unNormAz":-0.20274134680258,
    "beenThreat":1,
    "azHUD":-0.25456352676643,
    "phyRange":0,
    "prevEl":-0.20978778600693,
    "fAz":6.080443960377,
    "obs":[],
    "azHMD":0,
    "prevHdg":1.1439715623856,
    "prevAz":6.007071018219,
    "fEl":-0.056055364127872,
    "prevPitch":0.22418215870857,
    "elHMD":0,
    "elHUD":-0.13887052655931
  },
  "16783104":{
    "unNormAz":1.75360576875,
    "beenThreat":0,
    "azHUD":1.6896724069654,
    "phyRange":0,
    "prevEl":-0.010937517508864,
    "fAz":1.75360576875,
    "obs":[],
    "azHMD":0,
    "prevHdg":1.1699073314667,
    "prevAz":1.7303321361542,
    "fEl":0.076965765278186,
    "prevPitch":0.23040281236172,
    "elHMD":0,
    "elHUD":-0.54763291422013
  },
  "16782848":{
    "unNormAz":1.0161691337055,
    "beenThreat":0,
    "azHUD":0.94004127145988,
    "phyRange":0,
    "prevEl":-0.30034154653549,
    "fAz":1.0161691337055,
    "obs":[],
    "azHMD":0,
    "prevHdg":1.1699073314667,
    "prevAz":1.025461435318,
    "fEl":-0.069816681317522,
    "prevPitch":0.23040281236172,
    "elHMD":0,
    "elHUD":-0.48922882176831
  }
}', and now has the content: '{
  "16777728":{
    "unNormAz":-0.20274134680258,
    "beenThreat":1,
    "azHUD":-0.25456352676643,
    "phyRange":0,
    "prevEl":-0.20978778600693,
    "fAz":6.080443960377,
    "obs":[],
    "azHMD":0,
    "prevHdg":1.1439715623856,
    "prevAz":6.007071018219,
    "fEl":-0.056055364127872,
    "prevPitch":0.22418215870857,
    "elHMD":0,
    "elHUD":-0.13887052655931
  },
  "16783104":{
    "unNormAz":1.75360576875,
    "beenThreat":0,
    "azHUD":1.6896724069654,
    "phyRange":0,
    "prevEl":-0.010937517508864,
    "fAz":1.75360576875,
    "obs":[],
    "azHMD":0,
    "prevHdg":1.1699073314667,
    "prevAz":1.7303321361542,
    "fEl":0.076965765278186,
    "prevPitch":0.23040281236172,
    "elHMD":0,
    "elHUD":-0.54763291422013
  },
  "16782848":{
    "unNormAz":1.0161691337055,
    "beenThreat":0,
    "azHUD":0.94004127145988,
    "phyRange":0,
    "prevEl":-0.30034154653549,
    "fAz":1.0161691337055,
    "obs":[],
    "azHMD":0,
    "prevHdg":1.1699073314667,
    "prevAz":1.025461435318,
    "fEl":-0.069816681317522,
    "prevPitch":0.23040281236172,
    "elHMD":0,
    "elHUD":-0.48922882176831
  }
}'.
2026-01-08 14:49:51 EDIT    Line: '1' Which had the content: '{
  "16777728":{
    "unNormAz":-0.20274134680258,
    "beenThreat":1,
    "azHUD":-0.25383798433975,
    "phyRange":0,
    "prevEl":-0.20978778600693,
    "fAz":6.080443960377,
    "obs":[],
    "azHMD":0,
    "prevHdg":1.1439715623856,
    "prevAz":6.007071018219,
    "fEl":-0.056055364127872,
    "prevPitch":0.22418215870857,
    "elHMD":0,
    "elHUD":-0.13892585853467
  },
  "16783104":{
    "unNormAz":1.75360576875,
    "beenThreat":0,
    "azHUD":1.6916318836763,
    "phyRange":0,
    "prevEl":-0.010937517508864,
    "fAz":1.75360576875,
    "obs":[],
    "azHMD":0,
    "prevHdg":1.1699073314667,
    "prevAz":1.7303321361542,
    "fEl":0.076965765278186,
    "prevPitch":0.23040281236172,
    "elHMD":0,
    "elHUD":-0.54177452518503
  },
  "16782848":{
    "unNormAz":1.0161691337055,
    "beenThreat":0,
    "azHUD":0.94182662454418,
    "phyRange":0,
    "prevEl":-0.30034154653549,
    "fAz":1.0161691337055,
    "obs":[],
    "azHMD":0,
    "prevHdg":1.1699073314667,
    "prevAz":1.025461435318,
    "fEl":-0.069816681317522,
    "prevPitch":0.23040281236172,
    "elHMD":0,
    "elHUD":-0.48565010347511
  }
}', and now has the content: '{
  "16777728":{
    "unNormAz":-0.20274134680258,
    "beenThreat":1,
    "azHUD":-0.25383798433975,
    "phyRange":0,
    "prevEl":-0.20978778600693,
    "fAz":6.080443960377,
    "obs":[],
    "azHMD":0,
    "prevHdg":1.1439715623856,
    "prevAz":6.007071018219,
    "fEl":-0.056055364127872,
    "prevPitch":0.22418215870857,
    "elHMD":0,
    "elHUD":-0.13892585853467
  },
  "16783104":{
    "unNormAz":1.75360576875,
    "beenThreat":0,
    "azHUD":1.6916318836763,
    "phyRange":0,
    "prevEl":-0.010937517508864,
    "fAz":1.75360576875,
    "obs":[],
    "azHMD":0,
    "prevHdg":1.1699073314667,
    "prevAz":1.7303321361542,
    "fEl":0.076965765278186,
    "prevPitch":0.23040281236172,
    "elHMD":0,
    "elHUD":-0.54177452518503
  },
  "16782848":{
    "unNormAz":1.0161691337055,
    "beenThreat":0,
    "azHUD":0.94182662454418,
    "phyRange":0,
    "prevEl":-0.30034154653549,
    "fAz":1.0161691337055,
    "obs":[],
    "azHMD":0,
    "prevHdg":1.1699073314667,
    "prevAz":1.025461435318,
    "fEl":-0.069816681317522,
    "prevPitch":0.23040281236172,
    "elHMD":0,
    "elHUD":-0.48565010347511
  }
}'.
2026-01-08 14:49:51 EDIT    Line: '1' Which had the content: '{
  "16777728":{
    "unNormAz":-0.20274134680258,
    "beenThreat":1,
    "azHUD":-0.25308624199868,
    "phyRange":0,
    "prevEl":-0.20978778600693,
    "fAz":6.080443960377,
    "obs":[],
    "azHMD":0,
    "prevHdg":1.1439715623856,
    "prevAz":6.007071018219,
    "fEl":-0.056055364127872,
    "prevPitch":0.22418215870857,
    "elHMD":0,
    "elHUD":-0.13936830781477
  },
  "16783104":{
    "unNormAz":1.75360576875,
    "beenThreat":0,
    "azHUD":1.6937890950731,
    "phyRange":0,
    "prevEl":-0.010937517508864,
    "fAz":1.75360576875,
    "obs":[],
    "azHMD":0,
    "prevHdg":1.1699073314667,
    "prevAz":1.7303321361542,
    "fEl":0.076965765278186,
    "prevPitch":0.23040281236172,
    "elHMD":0,
    "elHUD":-0.53536891069528
  },
  "16782848":{
    "unNormAz":1.0161691337055,
    "beenThreat":0,
    "azHUD":0.9437909914781,
    "phyRange":0,
    "prevEl":-0.30034154653549,
    "fAz":1.0161691337055,
    "obs":[],
    "azHMD":0,
    "prevHdg":1.1699073314667,
    "prevAz":1.025461435318,
    "fEl":-0.069816681317522,
    "prevPitch":0.23040281236172,
    "elHMD":0,
    "elHUD":-0.48188319355266
  }
}', and now has the content: '{
  "16777728":{
    "unNormAz":-0.20274134680258,
    "beenThreat":1,
    "azHUD":-0.25308624199868,
    "phyRange":0,
    "prevEl":-0.20978778600693,
    "fAz":6.080443960377,
    "obs":[],
    "azHMD":0,
    "prevHdg":1.1439715623856,
    "prevAz":6.007071018219,
    "fEl":-0.056055364127872,
    "prevPitch":0.22418215870857,
    "elHMD":0,
    "elHUD":-0.13936830781477
  },
  "16783104":{
    "unNormAz":1.75360576875,
    "beenThreat":0,
    "azHUD":1.6937890950731,
    "phyRange":0,
    "prevEl":-0.010937517508864,
    "fAz":1.75360576875,
    "obs":[],
    "azHMD":0,
    "prevHdg":1.1699073314667,
    "prevAz":1.7303321361542,
    "fEl":0.076965765278186,
    "prevPitch":0.23040281236172,
    "elHMD":0,
    "elHUD":-0.53536891069528
  },
  "16782848":{
    "unNormAz":1.0161691337055,
    "beenThreat":0,
    "azHUD":0.9437909914781,
    "phyRange":0,
    "prevEl":-0.30034154653549,
    "fAz":1.0161691337055,
    "obs":[],
    "azHMD":0,
    "prevHdg":1.1699073314667,
    "prevAz":1.025461435318,
    "fEl":-0.069816681317522,
    "prevPitch":0.23040281236172,
    "elHMD":0,
    "elHUD":-0.48188319355266
  }
}'.
2026-01-08 14:49:51 EDIT    Line: '1' Which had the content: '{
  "16777728":{
    "unNormAz":-0.20274134680258,
    "beenThreat":1,
    "azHUD":-0.25230616273314,
    "phyRange":0,
    "prevEl":-0.20978778600693,
    "fAz":6.080443960377,
    "obs":[],
    "azHMD":0,
    "prevHdg":1.1439715623856,
    "prevAz":6.007071018219,
    "fEl":-0.056055364127872,
    "prevPitch":0.22418215870857,
    "elHMD":0,
    "elHUD":-0.14015172313255
  },
  "16783104":{
    "unNormAz":1.75360576875,
    "beenThreat":0,
    "azHUD":1.6961270948194,
    "phyRange":0,
    "prevEl":-0.010937517508864,
    "fAz":1.75360576875,
    "obs":[],
    "azHMD":0,
    "prevHdg":1.1699073314667,
    "prevAz":1.7303321361542,
    "fEl":0.076965765278186,
    "prevPitch":0.23040281236172,
    "elHMD":0,
    "elHUD":-0.52841438737361
  },
  "16782848":{
    "unNormAz":1.0161691337055,
    "beenThreat":0,
    "azHUD":0.94592241492641,
    "phyRange":0,
    "prevEl":-0.30034154653549,
    "fAz":1.0161691337055,
    "obs":[],
    "azHMD":0,
    "prevHdg":1.1699073314667,
    "prevAz":1.025461435318,
    "fEl":-0.069816681317522,
    "prevPitch":0.23040281236172,
    "elHMD":0,
    "elHUD":-0.47790878767313
  }
}', and now has the content: '{
  "16777728":{
    "unNormAz":-0.20274134680258,
    "beenThreat":1,
    "azHUD":-0.25230616273314,
    "phyRange":0,
    "prevEl":-0.20978778600693,
    "fAz":6.080443960377,
    "obs":[],
    "azHMD":0,
    "prevHdg":1.1439715623856,
    "prevAz":6.007071018219,
    "fEl":-0.056055364127872,
    "prevPitch":0.22418215870857,
    "elHMD":0,
    "elHUD":-0.14015172313255
  },
  "16783104":{
    "unNormAz":1.75360576875,
    "beenThreat":0,
    "azHUD":1.6961270948194,
    "phyRange":0,
    "prevEl":-0.010937517508864,
    "fAz":1.75360576875,
    "obs":[],
    "azHMD":0,
    "prevHdg":1.1699073314667,
    "prevAz":1.7303321361542,
    "fEl":0.076965765278186,
    "prevPitch":0.23040281236172,
    "elHMD":0,
    "elHUD":-0.52841438737361
  },
  "16782848":{
    "unNormAz":1.0161691337055,
    "beenThreat":0,
    "azHUD":0.94592241492641,
    "phyRange":0,
    "prevEl":-0.30034154653549,
    "fAz":1.0161691337055,
    "obs":[],
    "azHMD":0,
    "prevHdg":1.1699073314667,
    "prevAz":1.025461435318,
    "fEl":-0.069816681317522,
    "prevPitch":0.23040281236172,
    "elHMD":0,
    "elHUD":-0.47790878767313
  }
}'.
2026-01-08 14:49:51 EDIT    Line: '1' Which had the content: '{
  "16777728":{
    "unNormAz":-0.20274134680258,
    "beenThreat":1,
    "azHUD":-0.25149369307469,
    "phyRange":0,
    "prevEl":-0.20978778600693,
    "fAz":6.080443960377,
    "obs":[],
    "azHMD":0,
    "prevHdg":1.1439715623856,
    "prevAz":6.007071018219,
    "fEl":-0.056055364127872,
    "prevPitch":0.22418215870857,
    "elHMD":0,
    "elHUD":-0.14128783546576
  },
  "16783104":{
    "unNormAz":1.75360576875,
    "beenThreat":0,
    "azHUD":1.6986665496506,
    "phyRange":0,
    "prevEl":-0.010937517508864,
    "fAz":1.75360576875,
    "obs":[],
    "azHMD":0,
    "prevHdg":1.1699073314667,
    "prevAz":1.7303321361542,
    "fEl":0.076965765278186,
    "prevPitch":0.23040281236172,
    "elHMD":0,
    "elHUD":-0.52078102812387
  },
  "16782848":{
    "unNormAz":1.0161691337055,
    "beenThreat":0,
    "azHUD":0.94824224864443,
    "phyRange":0,
    "prevEl":-0.30034154653549,
    "fAz":1.0161691337055,
    "obs":[],
    "azHMD":0,
    "prevHdg":1.1699073314667,
    "prevAz":1.025461435318,
    "fEl":-0.069816681317522,
    "prevPitch":0.23040281236172,
    "elHMD":0,
    "elHUD":-0.47365093377003
  }
}', and now has the content: '{
  "16777728":{
    "unNormAz":-0.20274134680258,
    "beenThreat":1,
    "azHUD":-0.25149369307469,
    "phyRange":0,
    "prevEl":-0.20978778600693,
    "fAz":6.080443960377,
    "obs":[],
    "azHMD":0,
    "prevHdg":1.1439715623856,
    "prevAz":6.007071018219,
    "fEl":-0.056055364127872,
    "prevPitch":0.22418215870857,
    "elHMD":0,
    "elHUD":-0.14128783546576
  },
  "16783104":{
    "unNormAz":1.75360576875,
    "beenThreat":0,
    "azHUD":1.6986665496506,
    "phyRange":0,
    "prevEl":-0.010937517508864,
    "fAz":1.75360576875,
    "obs":[],
    "azHMD":0,
    "prevHdg":1.1699073314667,
    "prevAz":1.7303321361542,
    "fEl":0.076965765278186,
    "prevPitch":0.23040281236172,
    "elHMD":0,
    "elHUD":-0.52078102812387
  },
  "16782848":{
    "unNormAz":1.0161691337055,
    "beenThreat":0,
    "azHUD":0.94824224864443,
    "phyRange":0,
    "prevEl":-0.30034154653549,
    "fAz":1.0161691337055,
    "obs":[],
    "azHMD":0,
    "prevHdg":1.1699073314667,
    "prevAz":1.025461435318,
    "fEl":-0.069816681317522,
    "prevPitch":0.23040281236172,
    "elHMD":0,
    "elHUD":-0.47365093377003
  }
}'.
2026-01-08 14:49:51 EDIT    Line: '1' Which had the content: '{
  "16777728":{
    "unNormAz":-0.20274134680258,
    "beenThreat":1,
    "azHUD":-0.25064927767096,
    "phyRange":0,
    "prevEl":-0.20978778600693,
    "fAz":6.080443960377,
    "obs":[],
    "azHMD":0,
    "prevHdg":1.1439715623856,
    "prevAz":6.007071018219,
    "fEl":-0.056055364127872,
    "prevPitch":0.22418215870857,
    "elHMD":0,
    "elHUD":-0.14275917298017
  },
  "16783104":{
    "unNormAz":1.75360576875,
    "beenThreat":0,
    "azHUD":1.7013999540854,
    "phyRange":0,
    "prevEl":-0.010937517508864,
    "fAz":1.75360576875,
    "obs":[],
    "azHMD":0,
    "prevHdg":1.1699073314667,
    "prevAz":1.7303321361542,
    "fEl":0.076965765278186,
    "prevPitch":0.23040281236172,
    "elHMD":0,
    "elHUD":-0.5124128654811
  },
  "16782848":{
    "unNormAz":1.0161691337055,
    "beenThreat":0,
    "azHUD":0.95074751804833,
    "phyRange":0,
    "prevEl":-0.30034154653549,
    "fAz":1.0161691337055,
    "obs":[],
    "azHMD":0,
    "prevHdg":1.1699073314667,
    "prevAz":1.025461435318,
    "fEl":-0.069816681317522,
    "prevPitch":0.23040281236172,
    "elHMD":0,
    "elHUD":-0.46906776649633
  }
}', and now has the content: '{
  "16777728":{
    "unNormAz":-0.20274134680258,
    "beenThreat":1,
    "azHUD":-0.25064927767096,
    "phyRange":0,
    "prevEl":-0.20978778600693,
    "fAz":6.080443960377,
    "obs":[],
    "azHMD":0,
    "prevHdg":1.1439715623856,
    "prevAz":6.007071018219,
    "fEl":-0.056055364127872,
    "prevPitch":0.22418215870857,
    "elHMD":0,
    "elHUD":-0.14275917298017
  },
  "16783104":{
    "unNormAz":1.75360576875,
    "beenThreat":0,
    "azHUD":1.7013999540854,
    "phyRange":0,
    "prevEl":-0.010937517508864,
    "fAz":1.75360576875,
    "obs":[],
    "azHMD":0,
    "prevHdg":1.1699073314667,
    "prevAz":1.7303321361542,
    "fEl":0.076965765278186,
    "prevPitch":0.23040281236172,
    "elHMD":0,
    "elHUD":-0.5124128654811
  },
  "16782848":{
    "unNormAz":1.0161691337055,
    "beenThreat":0,
    "azHUD":0.95074751804833,
    "phyRange":0,
    "prevEl":-0.30034154653549,
    "fAz":1.0161691337055,
    "obs":[],
    "azHMD":0,
    "prevHdg":1.1699073314667,
    "prevAz":1.025461435318,
    "fEl":-0.069816681317522,
    "prevPitch":0.23040281236172,
    "elHMD":0,
    "elHUD":-0.46906776649633
  }
}'.
2026-01-08 14:49:51 EDIT    Line: '1' Which had the content: '{
  "16777728":{
    "unNormAz":-0.20274134680258,
    "beenThreat":1,
    "azHUD":-0.25064927767096,
    "phyRange":0,
    "prevEl":-0.20978778600693,
    "fAz":6.080443960377,
    "obs":[],
    "azHMD":0,
    "prevHdg":1.1439715623856,
    "prevAz":6.007071018219,
    "fEl":-0.056055364127872,
    "prevPitch":0.22418215870857,
    "elHMD":0,
    "elHUD":-0.14275917298017
  },
  "16783104":{
    "unNormAz":1.75360576875,
    "beenThreat":0,
    "azHUD":1.7013999540854,
    "phyRange":0,
    "prevEl":-0.010937517508864,
    "fAz":1.75360576875,
    "obs":[],
    "azHMD":0,
    "prevHdg":1.1699073314667,
    "prevAz":1.7303321361542,
    "fEl":0.076965765278186,
    "prevPitch":0.23040281236172,
    "elHMD":0,
    "elHUD":-0.5124128654811
  },
  "16782848":{
    "unNormAz":1.0161691337055,
    "beenThreat":0,
    "azHUD":0.95074751804833,
    "phyRange":0,
    "prevEl":-0.30034154653549,
    "fAz":1.0161691337055,
    "obs":[],
    "azHMD":0,
    "prevHdg":1.1699073314667,
    "prevAz":1.025461435318,
    "fEl":-0.069816681317522,
    "prevPitch":0.23040281236172,
    "elHMD":0,
    "elHUD":-0.46906776649633
  }
}', and now has the content: '{
  "16777728":{
    "unNormAz":-0.20274134680258,
    "beenThreat":1,
    "azHUD":-0.25064927767096,
    "phyRange":0,
    "prevEl":-0.20978778600693,
    "fAz":6.080443960377,
    "obs":[],
    "azHMD":0,
    "prevHdg":1.1439715623856,
    "prevAz":6.007071018219,
    "fEl":-0.056055364127872,
    "prevPitch":0.22418215870857,
    "elHMD":0,
    "elHUD":-0.14275917298017
  },
  "16783104":{
    "unNormAz":1.75360576875,
    "beenThreat":0,
    "azHUD":1.7013999540854,
    "phyRange":0,
    "prevEl":-0.010937517508864,
    "fAz":1.75360576875,
    "obs":[],
    "azHMD":0,
    "prevHdg":1.1699073314667,
    "prevAz":1.7303321361542,
    "fEl":0.076965765278186,
    "prevPitch":0.23040281236172,
    "elHMD":0,
    "elHUD":-0.5124128654811
  },
  "16782848":{
    "unNormAz":1.0161691337055,
    "beenThreat":0,
    "azHUD":0.95074751804833,
    "phyRange":0,
    "prevEl":-0.30034154653549,
    "fAz":1.0161691337055,
    "obs":[],
    "azHMD":0,
    "prevHdg":1.1699073314667,
    "prevAz":1.025461435318,
    "fEl":-0.069816681317522,
    "prevPitch":0.23040281236172,
    "elHMD":0,
    "elHUD":-0.46906776649633
  }
}'.
2026-01-08 14:49:51 EDIT    Line: '1' Which had the content: '{
  "16777728":{
    "unNormAz":-0.20274134680258,
    "beenThreat":1,
    "azHUD":-0.24976266809954,
    "phyRange":0,
    "prevEl":-0.20978778600693,
    "fAz":6.080443960377,
    "obs":[],
    "azHMD":0,
    "prevHdg":1.1439715623856,
    "prevAz":6.007071018219,
    "fEl":-0.056055364127872,
    "prevPitch":0.22418215870857,
    "elHMD":0,
    "elHUD":-0.14457062390998
  },
  "16783104":{
    "unNormAz":1.75360576875,
    "beenThreat":0,
    "azHUD":1.7043499659798,
    "phyRange":0,
    "prevEl":-0.010937517508864,
    "fAz":1.75360576875,
    "obs":[],
    "azHMD":0,
    "prevHdg":1.1699073314667,
    "prevAz":1.7303321361542,
    "fEl":0.076965765278186,
    "prevPitch":0.23040281236172,
    "elHMD":0,
    "elHUD":-0.5031565535167
  },
  "16782848":{
    "unNormAz":1.0161691337055,
    "beenThreat":0,
    "azHUD":0.95346395564205,
    "phyRange":0,
    "prevEl":-0.30034154653549,
    "fAz":1.0161691337055,
    "obs":[],
    "azHMD":0,
    "prevHdg":1.1699073314667,
    "prevAz":1.025461435318,
    "fEl":-0.069816681317522,
    "prevPitch":0.23040281236172,
    "elHMD":0,
    "elHUD":-0.46406593042715
  }
}', and now has the content: '{
  "16777728":{
    "unNormAz":-0.20274134680258,
    "beenThreat":1,
    "azHUD":-0.24976266809954,
    "phyRange":0,
    "prevEl":-0.20978778600693,
    "fAz":6.080443960377,
    "obs":[],
    "azHMD":0,
    "prevHdg":1.1439715623856,
    "prevAz":6.007071018219,
    "fEl":-0.056055364127872,
    "prevPitch":0.22418215870857,
    "elHMD":0,
    "elHUD":-0.14457062390998
  },
  "16783104":{
    "unNormAz":1.75360576875,
    "beenThreat":0,
    "azHUD":1.7043499659798,
    "phyRange":0,
    "prevEl":-0.010937517508864,
    "fAz":1.75360576875,
    "obs":[],
    "azHMD":0,
    "prevHdg":1.1699073314667,
    "prevAz":1.7303321361542,
    "fEl":0.076965765278186,
    "prevPitch":0.23040281236172,
    "elHMD":0,
    "elHUD":-0.5031565535167
  },
  "16782848":{
    "unNormAz":1.0161691337055,
    "beenThreat":0,
    "azHUD":0.95346395564205,
    "phyRange":0,
    "prevEl":-0.30034154653549,
    "fAz":1.0161691337055,
    "obs":[],
    "azHMD":0,
    "prevHdg":1.1699073314667,
    "prevAz":1.025461435318,
    "fEl":-0.069816681317522,
    "prevPitch":0.23040281236172,
    "elHMD":0,
    "elHUD":-0.46406593042715
  }
}'.
2026-01-08 14:49:51 EDIT    Line: '1' Which had the content: '{
  "16777728":{
    "unNormAz":-0.20274134680258,
    "beenThreat":1,
    "azHUD":-0.24884143417074,
    "phyRange":0,
    "prevEl":-0.20978778600693,
    "fAz":6.080443960377,
    "obs":[],
    "azHMD":0,
    "prevHdg":1.1439715623856,
    "prevAz":6.007071018219,
    "fEl":-0.056055364127872,
    "prevPitch":0.22418215870857,
    "elHMD":0,
    "elHUD":-0.14667786061033
  },
  "16783104":{
    "unNormAz":1.75360576875,
    "beenThreat":0,
    "azHUD":1.7074698951856,
    "phyRange":0,
    "prevEl":-0.010937517508864,
    "fAz":1.75360576875,
    "obs":[],
    "azHMD":0,
    "prevHdg":1.1699073314667,
    "prevAz":1.7303321361542,
    "fEl":0.076965765278186,
    "prevPitch":0.23040281236172,
    "elHMD":0,
    "elHUD":-0.49306786943302
  },
  "16782848":{
    "unNormAz":1.0161691337055,
    "beenThreat":0,
    "azHUD":0.9563546614204,
    "phyRange":0,
    "prevEl":-0.30034154653549,
    "fAz":1.0161691337055,
    "obs":[],
    "azHMD":0,
    "prevHdg":1.1699073314667,
    "prevAz":1.025461435318,
    "fEl":-0.069816681317522,
    "prevPitch":0.23040281236172,
    "elHMD":0,
    "elHUD":-0.45866172259512
  }
}', and now has the content: '{
  "16777728":{
    "unNormAz":-0.20274134680258,
    "beenThreat":1,
    "azHUD":-0.24884143417074,
    "phyRange":0,
    "prevEl":-0.20978778600693,
    "fAz":6.080443960377,
    "obs":[],
    "azHMD":0,
    "prevHdg":1.1439715623856,
    "prevAz":6.007071018219,
    "fEl":-0.056055364127872,
    "prevPitch":0.22418215870857,
    "elHMD":0,
    "elHUD":-0.14667786061033
  },
  "16783104":{
    "unNormAz":1.75360576875,
    "beenThreat":0,
    "azHUD":1.7074698951856,
    "phyRange":0,
    "prevEl":-0.010937517508864,
    "fAz":1.75360576875,
    "obs":[],
    "azHMD":0,
    "prevHdg":1.1699073314667,
    "prevAz":1.7303321361542,
    "fEl":0.076965765278186,
    "prevPitch":0.23040281236172,
    "elHMD":0,
    "elHUD":-0.49306786943302
  },
  "16782848":{
    "unNormAz":1.0161691337055,
    "beenThreat":0,
    "azHUD":0.9563546614204,
    "phyRange":0,
    "prevEl":-0.30034154653549,
    "fAz":1.0161691337055,
    "obs":[],
    "azHMD":0,
    "prevHdg":1.1699073314667,
    "prevAz":1.025461435318,
    "fEl":-0.069816681317522,
    "prevPitch":0.23040281236172,
    "elHMD":0,
    "elHUD":-0.45866172259512
  }
}'.
2026-01-08 14:49:51 EDIT    Line: '1' Which had the content: '{
  "16777728":{
    "unNormAz":-0.20274134680258,
    "beenThreat":1,
    "azHUD":-0.24787819461139,
    "phyRange":0,
    "prevEl":-0.20978778600693,
    "fAz":6.080443960377,
    "obs":[],
    "azHMD":0,
    "prevHdg":1.1439715623856,
    "prevAz":6.007071018219,
    "fEl":-0.056055364127872,
    "prevPitch":0.22418215870857,
    "elHMD":0,
    "elHUD":-0.14907825452955
  },
  "16783104":{
    "unNormAz":1.75360576875,
    "beenThreat":0,
    "azHUD":1.7107664566825,
    "phyRange":0,
    "prevEl":-0.010937517508864,
    "fAz":1.75360576875,
    "obs":[],
    "azHMD":0,
    "prevHdg":1.1699073314667,
    "prevAz":1.7303321361542,
    "fEl":0.076965765278186,
    "prevPitch":0.23040281236172,
    "elHMD":0,
    "elHUD":-0.48202147121658
  },
  "16782848":{
    "unNormAz":1.0161691337055,
    "beenThreat":0,
    "azHUD":0.95943259658382,
    "phyRange":0,
    "prevEl":-0.30034154653549,
    "fAz":1.0161691337055,
    "obs":[],
    "azHMD":0,
    "prevHdg":1.1699073314667,
    "prevAz":1.025461435318,
    "fEl":-0.069816681317522,
    "prevPitch":0.23040281236172,
    "elHMD":0,
    "elHUD":-0.45277582190648
  }
}', and now has the content: '{
  "16777728":{
    "unNormAz":-0.20274134680258,
    "beenThreat":1,
    "azHUD":-0.24787819461139,
    "phyRange":0,
    "prevEl":-0.20978778600693,
    "fAz":6.080443960377,
    "obs":[],
    "azHMD":0,
    "prevHdg":1.1439715623856,
    "prevAz":6.007071018219,
    "fEl":-0.056055364127872,
    "prevPitch":0.22418215870857,
    "elHMD":0,
    "elHUD":-0.14907825452955
  },
  "16783104":{
    "unNormAz":1.75360576875,
    "beenThreat":0,
    "azHUD":1.7107664566825,
    "phyRange":0,
    "prevEl":-0.010937517508864,
    "fAz":1.75360576875,
    "obs":[],
    "azHMD":0,
    "prevHdg":1.1699073314667,
    "prevAz":1.7303321361542,
    "fEl":0.076965765278186,
    "prevPitch":0.23040281236172,
    "elHMD":0,
    "elHUD":-0.48202147121658
  },
  "16782848":{
    "unNormAz":1.0161691337055,
    "beenThreat":0,
    "azHUD":0.95943259658382,
    "phyRange":0,
    "prevEl":-0.30034154653549,
    "fAz":1.0161691337055,
    "obs":[],
    "azHMD":0,
    "prevHdg":1.1699073314667,
    "prevAz":1.025461435318,
    "fEl":-0.069816681317522,
    "prevPitch":0.23040281236172,
    "elHMD":0,
    "elHUD":-0.45277582190648
  }
}'.
2026-01-08 14:49:51 EDIT    Line: '1' Which had the content: '{
  "16777728":{
    "unNormAz":-0.20274134680258,
    "beenThreat":1,
    "azHUD":-0.24686908223887,
    "phyRange":0,
    "prevEl":-0.20978778600693,
    "fAz":6.080443960377,
    "obs":[],
    "azHMD":0,
    "prevHdg":1.1439715623856,
    "prevAz":6.007071018219,
    "fEl":-0.056055364127872,
    "prevPitch":0.22418215870857,
    "elHMD":0,
    "elHUD":-0.1517557778179
  },
  "16783104":{
    "unNormAz":1.75360576875,
    "beenThreat":0,
    "azHUD":1.7142256583757,
    "phyRange":0,
    "prevEl":-0.010937517508864,
    "fAz":1.75360576875,
    "obs":[],
    "azHMD":0,
    "prevHdg":1.1699073314667,
    "prevAz":1.7303321361542,
    "fEl":0.076965765278186,
    "prevPitch":0.23040281236172,
    "elHMD":0,
    "elHUD":-0.46994985996625
  },
  "16782848":{
    "unNormAz":1.0161691337055,
    "beenThreat":0,
    "azHUD":0.96269298653291,
    "phyRange":0,
    "prevEl":-0.30034154653549,
    "fAz":1.0161691337055,
    "obs":[],
    "azHMD":0,
    "prevHdg":1.1699073314667,
    "prevAz":1.025461435318,
    "fEl":-0.069816681317522,
    "prevPitch":0.23040281236172,
    "elHMD":0,
    "elHUD":-0.4463591735139
  }
}', and now has the content: '{
  "16777728":{
    "unNormAz":-0.20274134680258,
    "beenThreat":1,
    "azHUD":-0.24686908223887,
    "phyRange":0,
    "prevEl":-0.20978778600693,
    "fAz":6.080443960377,
    "obs":[],
    "azHMD":0,
    "prevHdg":1.1439715623856,
    "prevAz":6.007071018219,
    "fEl":-0.056055364127872,
    "prevPitch":0.22418215870857,
    "elHMD":0,
    "elHUD":-0.1517557778179
  },
  "16783104":{
    "unNormAz":1.75360576875,
    "beenThreat":0,
    "azHUD":1.7142256583757,
    "phyRange":0,
    "prevEl":-0.010937517508864,
    "fAz":1.75360576875,
    "obs":[],
    "azHMD":0,
    "prevHdg":1.1699073314667,
    "prevAz":1.7303321361542,
    "fEl":0.076965765278186,
    "prevPitch":0.23040281236172,
    "elHMD":0,
    "elHUD":-0.46994985996625
  },
  "16782848":{
    "unNormAz":1.0161691337055,
    "beenThreat":0,
    "azHUD":0.96269298653291,
    "phyRange":0,
    "prevEl":-0.30034154653549,
    "fAz":1.0161691337055,
    "obs":[],
    "azHMD":0,
    "prevHdg":1.1699073314667,
    "prevAz":1.025461435318,
    "fEl":-0.069816681317522,
    "prevPitch":0.23040281236172,
    "elHMD":0,
    "elHUD":-0.4463591735139
  }
}'.
2026-01-08 14:49:51 EDIT    Line: '1' Which had the content: '{
  "16777728":{
    "unNormAz":-0.20274134680258,
    "beenThreat":1,
    "azHUD":-0.24580628211728,
    "phyRange":0,
    "prevEl":-0.20978778600693,
    "fAz":6.080443960377,
    "obs":[],
    "azHMD":0,
    "prevHdg":1.1439715623856,
    "prevAz":6.007071018219,
    "fEl":-0.056055364127872,
    "prevPitch":0.22418215870857,
    "elHMD":0,
    "elHUD":-0.15471307677916
  },
  "16783104":{
    "unNormAz":1.75360576875,
    "beenThreat":0,
    "azHUD":1.7178420927302,
    "phyRange":0,
    "prevEl":-0.010937517508864,
    "fAz":1.75360576875,
    "obs":[],
    "azHMD":0,
    "prevHdg":1.1699073314667,
    "prevAz":1.7303321361542,
    "fEl":0.076965765278186,
    "prevPitch":0.23040281236172,
    "elHMD":0,
    "elHUD":-0.45674803425785
  },
  "16782848":{
    "unNormAz":1.0161691337055,
    "beenThreat":0,
    "azHUD":0.96614064603727,
    "phyRange":0,
    "prevEl":-0.30034154653549,
    "fAz":1.0161691337055,
    "obs":[],
    "azHMD":0,
    "prevHdg":1.1699073314667,
    "prevAz":1.025461435318,
    "fEl":-0.069816681317522,
    "prevPitch":0.23040281236172,
    "elHMD":0,
    "elHUD":-0.43934652931738
  }
}', and now has the content: '{
  "16777728":{
    "unNormAz":-0.20274134680258,
    "beenThreat":1,
    "azHUD":-0.24580628211728,
    "phyRange":0,
    "prevEl":-0.20978778600693,
    "fAz":6.080443960377,
    "obs":[],
    "azHMD":0,
    "prevHdg":1.1439715623856,
    "prevAz":6.007071018219,
    "fEl":-0.056055364127872,
    "prevPitch":0.22418215870857,
    "elHMD":0,
    "elHUD":-0.15471307677916
  },
  "16783104":{
    "unNormAz":1.75360576875,
    "beenThreat":0,
    "azHUD":1.7178420927302,
    "phyRange":0,
    "prevEl":-0.010937517508864,
    "fAz":1.75360576875,
    "obs":[],
    "azHMD":0,
    "prevHdg":1.1699073314667,
    "prevAz":1.7303321361542,
    "fEl":0.076965765278186,
    "prevPitch":0.23040281236172,
    "elHMD":0,
    "elHUD":-0.45674803425785
  },
  "16782848":{
    "unNormAz":1.0161691337055,
    "beenThreat":0,
    "azHUD":0.96614064603727,
    "phyRange":0,
    "prevEl":-0.30034154653549,
    "fAz":1.0161691337055,
    "obs":[],
    "azHMD":0,
    "prevHdg":1.1699073314667,
    "prevAz":1.025461435318,
    "fEl":-0.069816681317522,
    "prevPitch":0.23040281236172,
    "elHMD":0,
    "elHUD":-0.43934652931738
  }
}'.
2026-01-08 14:49:51 EDIT    Line: '1' Which had the content: '{
  "16777728":{
    "unNormAz":-0.20274134680258,
    "beenThreat":1,
    "azHUD":-0.24580628211728,
    "phyRange":0,
    "prevEl":-0.20978778600693,
    "fAz":6.080443960377,
    "obs":[],
    "azHMD":0,
    "prevHdg":1.1439715623856,
    "prevAz":6.007071018219,
    "fEl":-0.056055364127872,
    "prevPitch":0.22418215870857,
    "elHMD":0,
    "elHUD":-0.15471307677916
  },
  "16783104":{
    "unNormAz":1.75360576875,
    "beenThreat":0,
    "azHUD":1.7178420927302,
    "phyRange":0,
    "prevEl":-0.010937517508864,
    "fAz":1.75360576875,
    "obs":[],
    "azHMD":0,
    "prevHdg":1.1699073314667,
    "prevAz":1.7303321361542,
    "fEl":0.076965765278186,
    "prevPitch":0.23040281236172,
    "elHMD":0,
    "elHUD":-0.45674803425785
  },
  "16782848":{
    "unNormAz":1.0161691337055,
    "beenThreat":0,
    "azHUD":0.96614064603727,
    "phyRange":0,
    "prevEl":-0.30034154653549,
    "fAz":1.0161691337055,
    "obs":[],
    "azHMD":0,
    "prevHdg":1.1699073314667,
    "prevAz":1.025461435318,
    "fEl":-0.069816681317522,
    "prevPitch":0.23040281236172,
    "elHMD":0,
    "elHUD":-0.43934652931738
  }
}', and now has the content: '{
  "16777728":{
    "unNormAz":-0.20274134680258,
    "beenThreat":1,
    "azHUD":-0.24580628211728,
    "phyRange":0,
    "prevEl":-0.20978778600693,
    "fAz":6.080443960377,
    "obs":[],
    "azHMD":0,
    "prevHdg":1.1439715623856,
    "prevAz":6.007071018219,
    "fEl":-0.056055364127872,
    "prevPitch":0.22418215870857,
    "elHMD":0,
    "elHUD":-0.15471307677916
  },
  "16783104":{
    "unNormAz":1.75360576875,
    "beenThreat":0,
    "azHUD":1.7178420927302,
    "phyRange":0,
    "prevEl":-0.010937517508864,
    "fAz":1.75360576875,
    "obs":[],
    "azHMD":0,
    "prevHdg":1.1699073314667,
    "prevAz":1.7303321361542,
    "fEl":0.076965765278186,
    "prevPitch":0.23040281236172,
    "elHMD":0,
    "elHUD":-0.45674803425785
  },
  "16782848":{
    "unNormAz":1.0161691337055,
    "beenThreat":0,
    "azHUD":0.96614064603727,
    "phyRange":0,
    "prevEl":-0.30034154653549,
    "fAz":1.0161691337055,
    "obs":[],
    "azHMD":0,
    "prevHdg":1.1699073314667,
    "prevAz":1.025461435318,
    "fEl":-0.069816681317522,
    "prevPitch":0.23040281236172,
    "elHMD":0,
    "elHUD":-0.43934652931738
  }
}'.
2026-01-08 14:49:51 EDIT    Line: '1' Which had the content: '{
  "16777728":{
    "unNormAz":-0.20274134680258,
    "beenThreat":1,
    "azHUD":-0.24468776393295,
    "phyRange":0,
    "prevEl":-0.20978778600693,
    "fAz":6.080443960377,
    "obs":[],
    "azHMD":0,
    "prevHdg":1.1439715623856,
    "prevAz":6.007071018219,
    "fEl":-0.056055364127872,
    "prevPitch":0.22418215870857,
    "elHMD":0,
    "elHUD":-0.15791834713883
  },
  "16783104":{
    "unNormAz":1.75360576875,
    "beenThreat":0,
    "azHUD":1.721574822162,
    "phyRange":0,
    "prevEl":-0.010937517508864,
    "fAz":1.75360576875,
    "obs":[],
    "azHMD":0,
    "prevHdg":1.1699073314667,
    "prevAz":1.7303321361542,
    "fEl":0.076965765278186,
    "prevPitch":0.23040281236172,
    "elHMD":0,
    "elHUD":-0.44243811464791
  },
  "16782848":{
    "unNormAz":1.0161691337055,
    "beenThreat":0,
    "azHUD":0.96974812811802,
    "phyRange":0,
    "prevEl":-0.30034154653549,
    "fAz":1.0161691337055,
    "obs":[],
    "azHMD":0,
    "prevHdg":1.1699073314667,
    "prevAz":1.025461435318,
    "fEl":-0.069816681317522,
    "prevPitch":0.23040281236172,
    "elHMD":0,
    "elHUD":-0.43173767272678
  }
}', and now has the content: '{
  "16777728":{
    "unNormAz":-0.20274134680258,
    "beenThreat":1,
    "azHUD":-0.24468776393295,
    "phyRange":0,
    "prevEl":-0.20978778600693,
    "fAz":6.080443960377,
    "obs":[],
    "azHMD":0,
    "prevHdg":1.1439715623856,
    "prevAz":6.007071018219,
    "fEl":-0.056055364127872,
    "prevPitch":0.22418215870857,
    "elHMD":0,
    "elHUD":-0.15791834713883
  },
  "16783104":{
    "unNormAz":1.75360576875,
    "beenThreat":0,
    "azHUD":1.721574822162,
    "phyRange":0,
    "prevEl":-0.010937517508864,
    "fAz":1.75360576875,
    "obs":[],
    "azHMD":0,
    "prevHdg":1.1699073314667,
    "prevAz":1.7303321361542,
    "fEl":0.076965765278186,
    "prevPitch":0.23040281236172,
    "elHMD":0,
    "elHUD":-0.44243811464791
  },
  "16782848":{
    "unNormAz":1.0161691337055,
    "beenThreat":0,
    "azHUD":0.96974812811802,
    "phyRange":0,
    "prevEl":-0.30034154653549,
    "fAz":1.0161691337055,
    "obs":[],
    "azHMD":0,
    "prevHdg":1.1699073314667,
    "prevAz":1.025461435318,
    "fEl":-0.069816681317522,
    "prevPitch":0.23040281236172,
    "elHMD":0,
    "elHUD":-0.43173767272678
  }
}'.
2026-01-08 14:49:51 EDIT    Line: '1' Which had the content: '{
  "16777728":{
    "unNormAz":-0.20274134680258,
    "beenThreat":1,
    "azHUD":-0.24352345688148,
    "phyRange":0,
    "prevEl":-0.20978778600693,
    "fAz":6.080443960377,
    "obs":[],
    "azHMD":0,
    "prevHdg":1.1439715623856,
    "prevAz":6.007071018219,
    "fEl":-0.056055364127872,
    "prevPitch":0.22418215870857,
    "elHMD":0,
    "elHUD":-0.16133289004662
  },
  "16783104":{
    "unNormAz":1.75360576875,
    "beenThreat":0,
    "azHUD":1.725362463504,
    "phyRange":0,
    "prevEl":-0.010937517508864,
    "fAz":1.75360576875,
    "obs":[],
    "azHMD":0,
    "prevHdg":1.1699073314667,
    "prevAz":1.7303321361542,
    "fEl":0.076965765278186,
    "prevPitch":0.23040281236172,
    "elHMD":0,
    "elHUD":-0.42709272163924
  },
  "16782848":{
    "unNormAz":1.0161691337055,
    "beenThreat":0,
    "azHUD":0.97346792049861,
    "phyRange":0,
    "prevEl":-0.30034154653549,
    "fAz":1.0161691337055,
    "obs":[],
    "azHMD":0,
    "prevHdg":1.1699073314667,
    "prevAz":1.025461435318,
    "fEl":-0.069816681317522,
    "prevPitch":0.23040281236172,
    "elHMD":0,
    "elHUD":-0.42356093269189
  }
}', and now has the content: '{
  "16777728":{
    "unNormAz":-0.20274134680258,
    "beenThreat":1,
    "azHUD":-0.24352345688148,
    "phyRange":0,
    "prevEl":-0.20978778600693,
    "fAz":6.080443960377,
    "obs":[],
    "azHMD":0,
    "prevHdg":1.1439715623856,
    "prevAz":6.007071018219,
    "fEl":-0.056055364127872,
    "prevPitch":0.22418215870857,
    "elHMD":0,
    "elHUD":-0.16133289004662
  },
  "16783104":{
    "unNormAz":1.75360576875,
    "beenThreat":0,
    "azHUD":1.725362463504,
    "phyRange":0,
    "prevEl":-0.010937517508864,
    "fAz":1.75360576875,
    "obs":[],
    "azHMD":0,
    "prevHdg":1.1699073314667,
    "prevAz":1.7303321361542,
    "fEl":0.076965765278186,
    "prevPitch":0.23040281236172,
    "elHMD":0,
    "elHUD":-0.42709272163924
  },
  "16782848":{
    "unNormAz":1.0161691337055,
    "beenThreat":0,
    "azHUD":0.97346792049861,
    "phyRange":0,
    "prevEl":-0.30034154653549,
    "fAz":1.0161691337055,
    "obs":[],
    "azHMD":0,
    "prevHdg":1.1699073314667,
    "prevAz":1.025461435318,
    "fEl":-0.069816681317522,
    "prevPitch":0.23040281236172,
    "elHMD":0,
    "elHUD":-0.42356093269189
  }
}'.
2026-01-08 14:49:51 EDIT    Line: '1' Which had the content: '{
  "16777728":{
    "unNormAz":-0.20274134680258,
    "beenThreat":1,
    "azHUD":-0.24229227169703,
    "phyRange":0,
    "prevEl":-0.20978778600693,
    "fAz":6.080443960377,
    "obs":[],
    "azHMD":0,
    "prevHdg":1.1439715623856,
    "prevAz":6.007071018219,
    "fEl":-0.056055364127872,
    "prevPitch":0.22418215870857,
    "elHMD":0,
    "elHUD":-0.16496861663759
  },
  "16783104":{
    "unNormAz":1.75360576875,
    "beenThreat":0,
    "azHUD":1.7292120939039,
    "phyRange":0,
    "prevEl":-0.010937517508864,
    "fAz":1.75360576875,
    "obs":[],
    "azHMD":0,
    "prevHdg":1.1699073314667,
    "prevAz":1.7303321361542,
    "fEl":0.076965765278186,
    "prevPitch":0.23040281236172,
    "elHMD":0,
    "elHUD":-0.41055076581918
  },
  "16782848":{
    "unNormAz":1.0161691337055,
    "beenThreat":0,
    "azHUD":0.97732081232455,
    "phyRange":0,
    "prevEl":-0.30034154653549,
    "fAz":1.0161691337055,
    "obs":[],
    "azHMD":0,
    "prevHdg":1.1699073314667,
    "prevAz":1.025461435318,
    "fEl":-0.069816681317522,
    "prevPitch":0.23040281236172,
    "elHMD":0,
    "elHUD":-0.41471946098138
  }
}', and now has the content: '{
  "16777728":{
    "unNormAz":-0.20274134680258,
    "beenThreat":1,
    "azHUD":-0.24229227169703,
    "phyRange":0,
    "prevEl":-0.20978778600693,
    "fAz":6.080443960377,
    "obs":[],
    "azHMD":0,
    "prevHdg":1.1439715623856,
    "prevAz":6.007071018219,
    "fEl":-0.056055364127872,
    "prevPitch":0.22418215870857,
    "elHMD":0,
    "elHUD":-0.16496861663759
  },
  "16783104":{
    "unNormAz":1.75360576875,
    "beenThreat":0,
    "azHUD":1.7292120939039,
    "phyRange":0,
    "prevEl":-0.010937517508864,
    "fAz":1.75360576875,
    "obs":[],
    "azHMD":0,
    "prevHdg":1.1699073314667,
    "prevAz":1.7303321361542,
    "fEl":0.076965765278186,
    "prevPitch":0.23040281236172,
    "elHMD":0,
    "elHUD":-0.41055076581918
  },
  "16782848":{
    "unNormAz":1.0161691337055,
    "beenThreat":0,
    "azHUD":0.97732081232455,
    "phyRange":0,
    "prevEl":-0.30034154653549,
    "fAz":1.0161691337055,
    "obs":[],
    "azHMD":0,
    "prevHdg":1.1699073314667,
    "prevAz":1.025461435318,
    "fEl":-0.069816681317522,
    "prevPitch":0.23040281236172,
    "elHMD":0,
    "elHUD":-0.41471946098138
  }
}'.
2026-01-08 14:49:51 EDIT    Line: '1' Which had the content: '{
  "16777728":{
    "unNormAz":-0.20274134680258,
    "beenThreat":1,
    "azHUD":-0.24099658906206,
    "phyRange":0,
    "prevEl":-0.20978778600693,
    "fAz":6.080443960377,
    "obs":[],
    "azHMD":0,
    "prevHdg":1.1439715623856,
    "prevAz":6.007071018219,
    "fEl":-0.056055364127872,
    "prevPitch":0.22418215870857,
    "elHMD":0,
    "elHUD":-0.16879100711766
  },
  "16783104":{
    "unNormAz":1.75360576875,
    "beenThreat":0,
    "azHUD":1.7330645056436,
    "phyRange":0,
    "prevEl":-0.010937517508864,
    "fAz":1.75360576875,
    "obs":[],
    "azHMD":0,
    "prevHdg":1.1699073314667,
    "prevAz":1.7303321361542,
    "fEl":0.076965765278186,
    "prevPitch":0.23040281236172,
    "elHMD":0,
    "elHUD":-0.39289555849888
  },
  "16782848":{
    "unNormAz":1.0161691337055,
    "beenThreat":0,
    "azHUD":0.98126316505576,
    "phyRange":0,
    "prevEl":-0.30034154653549,
    "fAz":1.0161691337055,
    "obs":[],
    "azHMD":0,
    "prevHdg":1.1699073314667,
    "prevAz":1.025461435318,
    "fEl":-0.069816681317522,
    "prevPitch":0.23040281236172,
    "elHMD":0,
    "elHUD":-0.40524957099499
  }
}', and now has the content: '{
  "16777728":{
    "unNormAz":-0.20274134680258,
    "beenThreat":1,
    "azHUD":-0.24099658906206,
    "phyRange":0,
    "prevEl":-0.20978778600693,
    "fAz":6.080443960377,
    "obs":[],
    "azHMD":0,
    "prevHdg":1.1439715623856,
    "prevAz":6.007071018219,
    "fEl":-0.056055364127872,
    "prevPitch":0.22418215870857,
    "elHMD":0,
    "elHUD":-0.16879100711766
  },
  "16783104":{
    "unNormAz":1.75360576875,
    "beenThreat":0,
    "azHUD":1.7330645056436,
    "phyRange":0,
    "prevEl":-0.010937517508864,
    "fAz":1.75360576875,
    "obs":[],
    "azHMD":0,
    "prevHdg":1.1699073314667,
    "prevAz":1.7303321361542,
    "fEl":0.076965765278186,
    "prevPitch":0.23040281236172,
    "elHMD":0,
    "elHUD":-0.39289555849888
  },
  "16782848":{
    "unNormAz":1.0161691337055,
    "beenThreat":0,
    "azHUD":0.98126316505576,
    "phyRange":0,
    "prevEl":-0.30034154653549,
    "fAz":1.0161691337055,
    "obs":[],
    "azHMD":0,
    "prevHdg":1.1699073314667,
    "prevAz":1.025461435318,
    "fEl":-0.069816681317522,
    "prevPitch":0.23040281236172,
    "elHMD":0,
    "elHUD":-0.40524957099499
  }
}'.
2026-01-08 14:49:51 EDIT    Line: '1' Which had the content: '{
  "16777728":{
    "unNormAz":-0.20274134680258,
    "beenThreat":1,
    "azHUD":-0.23963523761657,
    "phyRange":0,
    "prevEl":-0.20978778600693,
    "fAz":6.080443960377,
    "obs":[],
    "azHMD":0,
    "prevHdg":1.1439715623856,
    "prevAz":6.007071018219,
    "fEl":-0.056055364127872,
    "prevPitch":0.22418215870857,
    "elHMD":0,
    "elHUD":-0.17278564126615
  },
  "16783104":{
    "unNormAz":1.75360576875,
    "beenThreat":0,
    "azHUD":1.736873864847,
    "phyRange":0,
    "prevEl":-0.010937517508864,
    "fAz":1.75360576875,
    "obs":[],
    "azHMD":0,
    "prevHdg":1.1699073314667,
    "prevAz":1.7303321361542,
    "fEl":0.076965765278186,
    "prevPitch":0.23040281236172,
    "elHMD":0,
    "elHUD":-0.37416047449751
  },
  "16782848":{
    "unNormAz":1.0161691337055,
    "beenThreat":0,
    "azHUD":0.98526445012621,
    "phyRange":0,
    "prevEl":-0.30034154653549,
    "fAz":1.0161691337055,
    "obs":[],
    "azHMD":0,
    "prevHdg":1.1699073314667,
    "prevAz":1.025461435318,
    "fEl":-0.069816681317522,
    "prevPitch":0.23040281236172,
    "elHMD":0,
    "elHUD":-0.39516440359454
  }
}', and now has the content: '{
  "16777728":{
    "unNormAz":-0.20274134680258,
    "beenThreat":1,
    "azHUD":-0.23963523761657,
    "phyRange":0,
    "prevEl":-0.20978778600693,
    "fAz":6.080443960377,
    "obs":[],
    "azHMD":0,
    "prevHdg":1.1439715623856,
    "prevAz":6.007071018219,
    "fEl":-0.056055364127872,
    "prevPitch":0.22418215870857,
    "elHMD":0,
    "elHUD":-0.17278564126615
  },
  "16783104":{
    "unNormAz":1.75360576875,
    "beenThreat":0,
    "azHUD":1.736873864847,
    "phyRange":0,
    "prevEl":-0.010937517508864,
    "fAz":1.75360576875,
    "obs":[],
    "azHMD":0,
    "prevHdg":1.1699073314667,
    "prevAz":1.7303321361542,
    "fEl":0.076965765278186,
    "prevPitch":0.23040281236172,
    "elHMD":0,
    "elHUD":-0.37416047449751
  },
  "16782848":{
    "unNormAz":1.0161691337055,
    "beenThreat":0,
    "azHUD":0.98526445012621,
    "phyRange":0,
    "prevEl":-0.30034154653549,
    "fAz":1.0161691337055,
    "obs":[],
    "azHMD":0,
    "prevHdg":1.1699073314667,
    "prevAz":1.025461435318,
    "fEl":-0.069816681317522,
    "prevPitch":0.23040281236172,
    "elHMD":0,
    "elHUD":-0.39516440359454
  }
}'.
2026-01-08 14:49:51 EDIT    Line: '1' Which had the content: '{
  "16777728":{
    "unNormAz":-0.20274134680258,
    "beenThreat":1,
    "azHUD":-0.23820619430551,
    "phyRange":0,
    "prevEl":-0.20978778600693,
    "fAz":6.080443960377,
    "obs":[],
    "azHMD":0,
    "prevHdg":1.1439715623856,
    "prevAz":6.007071018219,
    "fEl":-0.056055364127872,
    "prevPitch":0.22418215870857,
    "elHMD":0,
    "elHUD":-0.1769224306524
  },
  "16783104":{
    "unNormAz":1.75360576875,
    "beenThreat":0,
    "azHUD":1.7405900030318,
    "phyRange":0,
    "prevEl":-0.010937517508864,
    "fAz":1.75360576875,
    "obs":[],
    "azHMD":0,
    "prevHdg":1.1699073314667,
    "prevAz":1.7303321361542,
    "fEl":0.076965765278186,
    "prevPitch":0.23040281236172,
    "elHMD":0,
    "elHUD":-0.35442078271165
  },
  "16782848":{
    "unNormAz":1.0161691337055,
    "beenThreat":0,
    "azHUD":0.98928893807066,
    "phyRange":0,
    "prevEl":-0.30034154653549,
    "fAz":1.0161691337055,
    "obs":[],
    "azHMD":0,
    "prevHdg":1.1699073314667,
    "prevAz":1.025461435318,
    "fEl":-0.069816681317522,
    "prevPitch":0.23040281236172,
    "elHMD":0,
    "elHUD":-0.38449713758914
  }
}', and now has the content: '{
  "16777728":{
    "unNormAz":-0.20274134680258,
    "beenThreat":1,
    "azHUD":-0.23820619430551,
    "phyRange":0,
    "prevEl":-0.20978778600693,
    "fAz":6.080443960377,
    "obs":[],
    "azHMD":0,
    "prevHdg":1.1439715623856,
    "prevAz":6.007071018219,
    "fEl":-0.056055364127872,
    "prevPitch":0.22418215870857,
    "elHMD":0,
    "elHUD":-0.1769224306524
  },
  "16783104":{
    "unNormAz":1.75360576875,
    "beenThreat":0,
    "azHUD":1.7405900030318,
    "phyRange":0,
    "prevEl":-0.010937517508864,
    "fAz":1.75360576875,
    "obs":[],
    "azHMD":0,
    "prevHdg":1.1699073314667,
    "prevAz":1.7303321361542,
    "fEl":0.076965765278186,
    "prevPitch":0.23040281236172,
    "elHMD":0,
    "elHUD":-0.35442078271165
  },
  "16782848":{
    "unNormAz":1.0161691337055,
    "beenThreat":0,
    "azHUD":0.98928893807066,
    "phyRange":0,
    "prevEl":-0.30034154653549,
    "fAz":1.0161691337055,
    "obs":[],
    "azHMD":0,
    "prevHdg":1.1699073314667,
    "prevAz":1.025461435318,
    "fEl":-0.069816681317522,
    "prevPitch":0.23040281236172,
    "elHMD":0,
    "elHUD":-0.38449713758914
  }
}'.
2026-01-08 14:49:51 EDIT    Line: '1' Which had the content: '{
  "16777728":{
    "unNormAz":-0.20274134680258,
    "beenThreat":1,
    "azHUD":-0.23820619430551,
    "phyRange":0,
    "prevEl":-0.20978778600693,
    "fAz":6.080443960377,
    "obs":[],
    "azHMD":0,
    "prevHdg":1.1439715623856,
    "prevAz":6.007071018219,
    "fEl":-0.056055364127872,
    "prevPitch":0.22418215870857,
    "elHMD":0,
    "elHUD":-0.1769224306524
  },
  "16783104":{
    "unNormAz":1.75360576875,
    "beenThreat":0,
    "azHUD":1.7405900030318,
    "phyRange":0,
    "prevEl":-0.010937517508864,
    "fAz":1.75360576875,
    "obs":[],
    "azHMD":0,
    "prevHdg":1.1699073314667,
    "prevAz":1.7303321361542,
    "fEl":0.076965765278186,
    "prevPitch":0.23040281236172,
    "elHMD":0,
    "elHUD":-0.35442078271165
  },
  "16782848":{
    "unNormAz":1.0161691337055,
    "beenThreat":0,
    "azHUD":0.98928893807066,
    "phyRange":0,
    "prevEl":-0.30034154653549,
    "fAz":1.0161691337055,
    "obs":[],
    "azHMD":0,
    "prevHdg":1.1699073314667,
    "prevAz":1.025461435318,
    "fEl":-0.069816681317522,
    "prevPitch":0.23040281236172,
    "elHMD":0,
    "elHUD":-0.38449713758914
  }
}', and now has the content: '{
  "16777728":{
    "unNormAz":-0.20274134680258,
    "beenThreat":1,
    "azHUD":-0.23820619430551,
    "phyRange":0,
    "prevEl":-0.20978778600693,
    "fAz":6.080443960377,
    "obs":[],
    "azHMD":0,
    "prevHdg":1.1439715623856,
    "prevAz":6.007071018219,
    "fEl":-0.056055364127872,
    "prevPitch":0.22418215870857,
    "elHMD":0,
    "elHUD":-0.1769224306524
  },
  "16783104":{
    "unNormAz":1.75360576875,
    "beenThreat":0,
    "azHUD":1.7405900030318,
    "phyRange":0,
    "prevEl":-0.010937517508864,
    "fAz":1.75360576875,
    "obs":[],
    "azHMD":0,
    "prevHdg":1.1699073314667,
    "prevAz":1.7303321361542,
    "fEl":0.076965765278186,
    "prevPitch":0.23040281236172,
    "elHMD":0,
    "elHUD":-0.35442078271165
  },
  "16782848":{
    "unNormAz":1.0161691337055,
    "beenThreat":0,
    "azHUD":0.98928893807066,
    "phyRange":0,
    "prevEl":-0.30034154653549,
    "fAz":1.0161691337055,
    "obs":[],
    "azHMD":0,
    "prevHdg":1.1699073314667,
    "prevAz":1.025461435318,
    "fEl":-0.069816681317522,
    "prevPitch":0.23040281236172,
    "elHMD":0,
    "elHUD":-0.38449713758914
  }
}'.
2026-01-08 14:49:51 EDIT    Line: '1' Which had the content: '{
  "16777728":{
    "unNormAz":-0.20274134680258,
    "beenThreat":1,
    "azHUD":-0.23671774044891,
    "phyRange":0,
    "prevEl":-0.20978778600693,
    "fAz":6.080443960377,
    "obs":[],
    "azHMD":0,
    "prevHdg":1.1439715623856,
    "prevAz":6.007071018219,
    "fEl":-0.056055364127872,
    "prevPitch":0.22418215870857,
    "elHMD":0,
    "elHUD":-0.18117583446383
  },
  "16783104":{
    "unNormAz":1.75360576875,
    "beenThreat":0,
    "azHUD":1.7441514407523,
    "phyRange":0,
    "prevEl":-0.010937517508864,
    "fAz":1.75360576875,
    "obs":[],
    "azHMD":0,
    "prevHdg":1.1699073314667,
    "prevAz":1.7303321361542,
    "fEl":0.076965765278186,
    "prevPitch":0.23040281236172,
    "elHMD":0,
    "elHUD":-0.33381050466557
  },
  "16782848":{
    "unNormAz":1.0161691337055,
    "beenThreat":0,
    "azHUD":0.99328731759857,
    "phyRange":0,
    "prevEl":-0.30034154653549,
    "fAz":1.0161691337055,
    "obs":[],
    "azHMD":0,
    "prevHdg":1.1699073314667,
    "prevAz":1.025461435318,
    "fEl":-0.069816681317522,
    "prevPitch":0.23040281236172,
    "elHMD":0,
    "elHUD":-0.37331931248142
  }
}', and now has the content: '{
  "16777728":{
    "unNormAz":-0.20274134680258,
    "beenThreat":1,
    "azHUD":-0.23671774044891,
    "phyRange":0,
    "prevEl":-0.20978778600693,
    "fAz":6.080443960377,
    "obs":[],
    "azHMD":0,
    "prevHdg":1.1439715623856,
    "prevAz":6.007071018219,
    "fEl":-0.056055364127872,
    "prevPitch":0.22418215870857,
    "elHMD":0,
    "elHUD":-0.18117583446383
  },
  "16783104":{
    "unNormAz":1.75360576875,
    "beenThreat":0,
    "azHUD":1.7441514407523,
    "phyRange":0,
    "prevEl":-0.010937517508864,
    "fAz":1.75360576875,
    "obs":[],
    "azHMD":0,
    "prevHdg":1.1699073314667,
    "prevAz":1.7303321361542,
    "fEl":0.076965765278186,
    "prevPitch":0.23040281236172,
    "elHMD":0,
    "elHUD":-0.33381050466557
  },
  "16782848":{
    "unNormAz":1.0161691337055,
    "beenThreat":0,
    "azHUD":0.99328731759857,
    "phyRange":0,
    "prevEl":-0.30034154653549,
    "fAz":1.0161691337055,
    "obs":[],
    "azHMD":0,
    "prevHdg":1.1699073314667,
    "prevAz":1.025461435318,
    "fEl":-0.069816681317522,
    "prevPitch":0.23040281236172,
    "elHMD":0,
    "elHUD":-0.37331931248142
  }
}'.
2026-01-08 14:49:51 EDIT    Line: '1' Which had the content: '{
  "16777728":{
    "unNormAz":-0.20274134680258,
    "beenThreat":1,
    "azHUD":-0.23516115270777,
    "phyRange":0,
    "prevEl":-0.20978778600693,
    "fAz":6.080443960377,
    "obs":[],
    "azHMD":0,
    "prevHdg":1.1439715623856,
    "prevAz":6.007071018219,
    "fEl":-0.056055364127872,
    "prevPitch":0.22418215870857,
    "elHMD":0,
    "elHUD":-0.1855217896102
  },
  "16783104":{
    "unNormAz":1.75360576875,
    "beenThreat":0,
    "azHUD":1.7475249514396,
    "phyRange":0,
    "prevEl":-0.010937517508864,
    "fAz":1.75360576875,
    "obs":[],
    "azHMD":0,
    "prevHdg":1.1699073314667,
    "prevAz":1.7303321361542,
    "fEl":0.076965765278186,
    "prevPitch":0.23040281236172,
    "elHMD":0,
    "elHUD":-0.31239128161394
  },
  "16782848":{
    "unNormAz":1.0161691337055,
    "beenThreat":0,
    "azHUD":0.99723791785496,
    "phyRange":0,
    "prevEl":-0.30034154653549,
    "fAz":1.0161691337055,
    "obs":[],
    "azHMD":0,
    "prevHdg":1.1699073314667,
    "prevAz":1.025461435318,
    "fEl":-0.069816681317522,
    "prevPitch":0.23040281236172,
    "elHMD":0,
    "elHUD":-0.36165835549927
  }
}', and now has the content: '{
  "16777728":{
    "unNormAz":-0.20274134680258,
    "beenThreat":1,
    "azHUD":-0.23516115270777,
    "phyRange":0,
    "prevEl":-0.20978778600693,
    "fAz":6.080443960377,
    "obs":[],
    "azHMD":0,
    "prevHdg":1.1439715623856,
    "prevAz":6.007071018219,
    "fEl":-0.056055364127872,
    "prevPitch":0.22418215870857,
    "elHMD":0,
    "elHUD":-0.1855217896102
  },
  "16783104":{
    "unNormAz":1.75360576875,
    "beenThreat":0,
    "azHUD":1.7475249514396,
    "phyRange":0,
    "prevEl":-0.010937517508864,
    "fAz":1.75360576875,
    "obs":[],
    "azHMD":0,
    "prevHdg":1.1699073314667,
    "prevAz":1.7303321361542,
    "fEl":0.076965765278186,
    "prevPitch":0.23040281236172,
    "elHMD":0,
    "elHUD":-0.31239128161394
  },
  "16782848":{
    "unNormAz":1.0161691337055,
    "beenThreat":0,
    "azHUD":0.99723791785496,
    "phyRange":0,
    "prevEl":-0.30034154653549,
    "fAz":1.0161691337055,
    "obs":[],
    "azHMD":0,
    "prevHdg":1.1699073314667,
    "prevAz":1.025461435318,
    "fEl":-0.069816681317522,
    "prevPitch":0.23040281236172,
    "elHMD":0,
    "elHUD":-0.36165835549927
  }
}'.
2026-01-08 14:49:51 EDIT    Line: '1' Which had the content: '{
  "16777728":{
    "unNormAz":-0.20274134680258,
    "beenThreat":1,
    "azHUD":-0.23356108563049,
    "phyRange":0,
    "prevEl":-0.20978778600693,
    "fAz":6.080443960377,
    "obs":[],
    "azHMD":0,
    "prevHdg":1.1439715623856,
    "prevAz":6.007071018219,
    "fEl":-0.056055364127872,
    "prevPitch":0.22418215870857,
    "elHMD":0,
    "elHUD":-0.18991219077718
  },
  "16783104":{
    "unNormAz":1.75360576875,
    "beenThreat":0,
    "azHUD":1.7506350742781,
    "phyRange":0,
    "prevEl":-0.010937517508864,
    "fAz":1.75360576875,
    "obs":[],
    "azHMD":0,
    "prevHdg":1.1699073314667,
    "prevAz":1.7303321361542,
    "fEl":0.076965765278186,
    "prevPitch":0.23040281236172,
    "elHMD":0,
    "elHUD":-0.29043907566013
  },
  "16782848":{
    "unNormAz":1.0161691337055,
    "beenThreat":0,
    "azHUD":1.0010685102965,
    "phyRange":0,
    "prevEl":-0.30034154653549,
    "fAz":1.0161691337055,
    "obs":[],
    "azHMD":0,
    "prevHdg":1.1699073314667,
    "prevAz":1.025461435318,
    "fEl":-0.069816681317522,
    "prevPitch":0.23040281236172,
    "elHMD":0,
    "elHUD":-0.3496661260281
  }
}', and now has the content: '{
  "16777728":{
    "unNormAz":-0.20274134680258,
    "beenThreat":1,
    "azHUD":-0.23356108563049,
    "phyRange":0,
    "prevEl":-0.20978778600693,
    "fAz":6.080443960377,
    "obs":[],
    "azHMD":0,
    "prevHdg":1.1439715623856,
    "prevAz":6.007071018219,
    "fEl":-0.056055364127872,
    "prevPitch":0.22418215870857,
    "elHMD":0,
    "elHUD":-0.18991219077718
  },
  "16783104":{
    "unNormAz":1.75360576875,
    "beenThreat":0,
    "azHUD":1.7506350742781,
    "phyRange":0,
    "prevEl":-0.010937517508864,
    "fAz":1.75360576875,
    "obs":[],
    "azHMD":0,
    "prevHdg":1.1699073314667,
    "prevAz":1.7303321361542,
    "fEl":0.076965765278186,
    "prevPitch":0.23040281236172,
    "elHMD":0,
    "elHUD":-0.29043907566013
  },
  "16782848":{
    "unNormAz":1.0161691337055,
    "beenThreat":0,
    "azHUD":1.0010685102965,
    "phyRange":0,
    "prevEl":-0.30034154653549,
    "fAz":1.0161691337055,
    "obs":[],
    "azHMD":0,
    "prevHdg":1.1699073314667,
    "prevAz":1.025461435318,
    "fEl":-0.069816681317522,
    "prevPitch":0.23040281236172,
    "elHMD":0,
    "elHUD":-0.3496661260281
  }
}'.
2026-01-08 14:49:52 EDIT    Line: '1' Which had the content: '{
  "16777728":{
    "unNormAz":-0.20274134680258,
    "beenThreat":1,
    "azHUD":-0.23190635934354,
    "phyRange":0,
    "prevEl":-0.20978778600693,
    "fAz":6.080443960377,
    "obs":[],
    "azHMD":0,
    "prevHdg":1.1439715623856,
    "prevAz":6.007071018219,
    "fEl":-0.056055364127872,
    "prevPitch":0.22418215870857,
    "elHMD":0,
    "elHUD":-0.19432996749069
  },
  "16783104":{
    "unNormAz":1.75360576875,
    "beenThreat":0,
    "azHUD":1.7534687022147,
    "phyRange":0,
    "prevEl":-0.010937517508864,
    "fAz":1.75360576875,
    "obs":[],
    "azHMD":0,
    "prevHdg":1.1699073314667,
    "prevAz":1.7303321361542,
    "fEl":0.076965765278186,
    "prevPitch":0.23040281236172,
    "elHMD":0,
    "elHUD":-0.26799081545588
  },
  "16782848":{
    "unNormAz":1.0161691337055,
    "beenThreat":0,
    "azHUD":1.0047724640114,
    "phyRange":0,
    "prevEl":-0.30034154653549,
    "fAz":1.0161691337055,
    "obs":[],
    "azHMD":0,
    "prevHdg":1.1699073314667,
    "prevAz":1.025461435318,
    "fEl":-0.069816681317522,
    "prevPitch":0.23040281236172,
    "elHMD":0,
    "elHUD":-0.33735810050167
  }
}', and now has the content: '{
  "16777728":{
    "unNormAz":-0.20274134680258,
    "beenThreat":1,
    "azHUD":-0.23190635934354,
    "phyRange":0,
    "prevEl":-0.20978778600693,
    "fAz":6.080443960377,
    "obs":[],
    "azHMD":0,
    "prevHdg":1.1439715623856,
    "prevAz":6.007071018219,
    "fEl":-0.056055364127872,
    "prevPitch":0.22418215870857,
    "elHMD":0,
    "elHUD":-0.19432996749069
  },
  "16783104":{
    "unNormAz":1.75360576875,
    "beenThreat":0,
    "azHUD":1.7534687022147,
    "phyRange":0,
    "prevEl":-0.010937517508864,
    "fAz":1.75360576875,
    "obs":[],
    "azHMD":0,
    "prevHdg":1.1699073314667,
    "prevAz":1.7303321361542,
    "fEl":0.076965765278186,
    "prevPitch":0.23040281236172,
    "elHMD":0,
    "elHUD":-0.26799081545588
  },
  "16782848":{
    "unNormAz":1.0161691337055,
    "beenThreat":0,
    "azHUD":1.0047724640114,
    "phyRange":0,
    "prevEl":-0.30034154653549,
    "fAz":1.0161691337055,
    "obs":[],
    "azHMD":0,
    "prevHdg":1.1699073314667,
    "prevAz":1.025461435318,
    "fEl":-0.069816681317522,
    "prevPitch":0.23040281236172,
    "elHMD":0,
    "elHUD":-0.33735810050167
  }
}'.
2026-01-08 14:49:52 EDIT    Line: '1' Which had the content: '{
  "16777728":{
    "unNormAz":-0.20274134680258,
    "beenThreat":1,
    "azHUD":-0.23022556475961,
    "phyRange":0,
    "prevEl":-0.20978778600693,
    "fAz":6.080443960377,
    "obs":[],
    "azHMD":0,
    "prevHdg":1.1439715623856,
    "prevAz":6.007071018219,
    "fEl":-0.056055364127872,
    "prevPitch":0.22418215870857,
    "elHMD":0,
    "elHUD":-0.19873047631547
  },
  "16783104":{
    "unNormAz":1.75360576875,
    "beenThreat":0,
    "azHUD":1.7559690101473,
    "phyRange":0,
    "prevEl":-0.010937517508864,
    "fAz":1.75360576875,
    "obs":[],
    "azHMD":0,
    "prevHdg":1.1699073314667,
    "prevAz":1.7303321361542,
    "fEl":0.076965765278186,
    "prevPitch":0.23040281236172,
    "elHMD":0,
    "elHUD":-0.2453262507025
  },
  "16782848":{
    "unNormAz":1.0161691337055,
    "beenThreat":0,
    "azHUD":1.0082876991161,
    "phyRange":0,
    "prevEl":-0.30034154653549,
    "fAz":1.0161691337055,
    "obs":[],
    "azHMD":0,
    "prevHdg":1.1699073314667,
    "prevAz":1.025461435318,
    "fEl":-0.069816681317522,
    "prevPitch":0.23040281236172,
    "elHMD":0,
    "elHUD":-0.32489090660612
  }
}', and now has the content: '{
  "16777728":{
    "unNormAz":-0.20274134680258,
    "beenThreat":1,
    "azHUD":-0.23022556475961,
    "phyRange":0,
    "prevEl":-0.20978778600693,
    "fAz":6.080443960377,
    "obs":[],
    "azHMD":0,
    "prevHdg":1.1439715623856,
    "prevAz":6.007071018219,
    "fEl":-0.056055364127872,
    "prevPitch":0.22418215870857,
    "elHMD":0,
    "elHUD":-0.19873047631547
  },
  "16783104":{
    "unNormAz":1.75360576875,
    "beenThreat":0,
    "azHUD":1.7559690101473,
    "phyRange":0,
    "prevEl":-0.010937517508864,
    "fAz":1.75360576875,
    "obs":[],
    "azHMD":0,
    "prevHdg":1.1699073314667,
    "prevAz":1.7303321361542,
    "fEl":0.076965765278186,
    "prevPitch":0.23040281236172,
    "elHMD":0,
    "elHUD":-0.2453262507025
  },
  "16782848":{
    "unNormAz":1.0161691337055,
    "beenThreat":0,
    "azHUD":1.0082876991161,
    "phyRange":0,
    "prevEl":-0.30034154653549,
    "fAz":1.0161691337055,
    "obs":[],
    "azHMD":0,
    "prevHdg":1.1699073314667,
    "prevAz":1.025461435318,
    "fEl":-0.069816681317522,
    "prevPitch":0.23040281236172,
    "elHMD":0,
    "elHUD":-0.32489090660612
  }
}'.
2026-01-08 14:49:52 EDIT    Line: '1' Which had the content: '{
  "16777728":{
    "unNormAz":-0.20274134680258,
    "beenThreat":1,
    "azHUD":-0.22850545343943,
    "phyRange":0,
    "prevEl":-0.20978778600693,
    "fAz":6.080443960377,
    "obs":[],
    "azHMD":0,
    "prevHdg":1.1439715623856,
    "prevAz":6.007071018219,
    "fEl":-0.056055364127872,
    "prevPitch":0.22418215870857,
    "elHMD":0,
    "elHUD":-0.20310275155839
  },
  "16783104":{
    "unNormAz":1.75360576875,
    "beenThreat":0,
    "azHUD":1.7581413230608,
    "phyRange":0,
    "prevEl":-0.010937517508864,
    "fAz":1.75360576875,
    "obs":[],
    "azHMD":0,
    "prevHdg":1.1699073314667,
    "prevAz":1.7303321361542,
    "fEl":0.076965765278186,
    "prevPitch":0.23040281236172,
    "elHMD":0,
    "elHUD":-0.2224583967736
  },
  "16782848":{
    "unNormAz":1.0161691337055,
    "beenThreat":0,
    "azHUD":1.0116213424204,
    "phyRange":0,
    "prevEl":-0.30034154653549,
    "fAz":1.0161691337055,
    "obs":[],
    "azHMD":0,
    "prevHdg":1.1699073314667,
    "prevAz":1.025461435318,
    "fEl":-0.069816681317522,
    "prevPitch":0.23040281236172,
    "elHMD":0,
    "elHUD":-0.31226817262882
  }
}', and now has the content: '{
  "16777728":{
    "unNormAz":-0.20274134680258,
    "beenThreat":1,
    "azHUD":-0.22850545343943,
    "phyRange":0,
    "prevEl":-0.20978778600693,
    "fAz":6.080443960377,
    "obs":[],
    "azHMD":0,
    "prevHdg":1.1439715623856,
    "prevAz":6.007071018219,
    "fEl":-0.056055364127872,
    "prevPitch":0.22418215870857,
    "elHMD":0,
    "elHUD":-0.20310275155839
  },
  "16783104":{
    "unNormAz":1.75360576875,
    "beenThreat":0,
    "azHUD":1.7581413230608,
    "phyRange":0,
    "prevEl":-0.010937517508864,
    "fAz":1.75360576875,
    "obs":[],
    "azHMD":0,
    "prevHdg":1.1699073314667,
    "prevAz":1.7303321361542,
    "fEl":0.076965765278186,
    "prevPitch":0.23040281236172,
    "elHMD":0,
    "elHUD":-0.2224583967736
  },
  "16782848":{
    "unNormAz":1.0161691337055,
    "beenThreat":0,
    "azHUD":1.0116213424204,
    "phyRange":0,
    "prevEl":-0.30034154653549,
    "fAz":1.0161691337055,
    "obs":[],
    "azHMD":0,
    "prevHdg":1.1699073314667,
    "prevAz":1.025461435318,
    "fEl":-0.069816681317522,
    "prevPitch":0.23040281236172,
    "elHMD":0,
    "elHUD":-0.31226817262882
  }
}'.
2026-01-08 14:49:52 EDIT    Line: '1' Which had the content: '{
  "16777728":{
    "unNormAz":-0.20274134680258,
    "beenThreat":1,
    "azHUD":-0.22850545343943,
    "phyRange":0,
    "prevEl":-0.20978778600693,
    "fAz":6.080443960377,
    "obs":[],
    "azHMD":0,
    "prevHdg":1.1439715623856,
    "prevAz":6.007071018219,
    "fEl":-0.056055364127872,
    "prevPitch":0.22418215870857,
    "elHMD":0,
    "elHUD":-0.20310275155839
  },
  "16783104":{
    "unNormAz":1.75360576875,
    "beenThreat":0,
    "azHUD":1.7581413230608,
    "phyRange":0,
    "prevEl":-0.010937517508864,
    "fAz":1.75360576875,
    "obs":[],
    "azHMD":0,
    "prevHdg":1.1699073314667,
    "prevAz":1.7303321361542,
    "fEl":0.076965765278186,
    "prevPitch":0.23040281236172,
    "elHMD":0,
    "elHUD":-0.2224583967736
  },
  "16782848":{
    "unNormAz":1.0161691337055,
    "beenThreat":0,
    "azHUD":1.0116213424204,
    "phyRange":0,
    "prevEl":-0.30034154653549,
    "fAz":1.0161691337055,
    "obs":[],
    "azHMD":0,
    "prevHdg":1.1699073314667,
    "prevAz":1.025461435318,
    "fEl":-0.069816681317522,
    "prevPitch":0.23040281236172,
    "elHMD":0,
    "elHUD":-0.31226817262882
  }
}', and now has the content: '{
  "16777728":{
    "unNormAz":-0.20274134680258,
    "beenThreat":1,
    "azHUD":-0.22850545343943,
    "phyRange":0,
    "prevEl":-0.20978778600693,
    "fAz":6.080443960377,
    "obs":[],
    "azHMD":0,
    "prevHdg":1.1439715623856,
    "prevAz":6.007071018219,
    "fEl":-0.056055364127872,
    "prevPitch":0.22418215870857,
    "elHMD":0,
    "elHUD":-0.20310275155839
  },
  "16783104":{
    "unNormAz":1.75360576875,
    "beenThreat":0,
    "azHUD":1.7581413230608,
    "phyRange":0,
    "prevEl":-0.010937517508864,
    "fAz":1.75360576875,
    "obs":[],
    "azHMD":0,
    "prevHdg":1.1699073314667,
    "prevAz":1.7303321361542,
    "fEl":0.076965765278186,
    "prevPitch":0.23040281236172,
    "elHMD":0,
    "elHUD":-0.2224583967736
  },
  "16782848":{
    "unNormAz":1.0161691337055,
    "beenThreat":0,
    "azHUD":1.0116213424204,
    "phyRange":0,
    "prevEl":-0.30034154653549,
    "fAz":1.0161691337055,
    "obs":[],
    "azHMD":0,
    "prevHdg":1.1699073314667,
    "prevAz":1.025461435318,
    "fEl":-0.069816681317522,
    "prevPitch":0.23040281236172,
    "elHMD":0,
    "elHUD":-0.31226817262882
  }
}'.
2026-01-08 14:49:52 EDIT    Line: '1' Which had the content: '{
  "16777728":{
    "unNormAz":-0.20274134680258,
    "beenThreat":1,
    "azHUD":-0.22677054364185,
    "phyRange":0,
    "prevEl":-0.20978778600693,
    "fAz":6.080443960377,
    "obs":[],
    "azHMD":0,
    "prevHdg":1.1439715623856,
    "prevAz":6.007071018219,
    "fEl":-0.056055364127872,
    "prevPitch":0.22418215870857,
    "elHMD":0,
    "elHUD":-0.20740571439083
  },
  "16783104":{
    "unNormAz":1.75360576875,
    "beenThreat":0,
    "azHUD":1.7599554688719,
    "phyRange":0,
    "prevEl":-0.010937517508864,
    "fAz":1.75360576875,
    "obs":[],
    "azHMD":0,
    "prevHdg":1.1699073314667,
    "prevAz":1.7303321361542,
    "fEl":0.076965765278186,
    "prevPitch":0.23040281236172,
    "elHMD":0,
    "elHUD":-0.19967222996547
  },
  "16782848":{
    "unNormAz":1.0161691337055,
    "beenThreat":0,
    "azHUD":1.0147294116018,
    "phyRange":0,
    "prevEl":-0.30034154653549,
    "fAz":1.0161691337055,
    "obs":[],
    "azHMD":0,
    "prevHdg":1.1699073314667,
    "prevAz":1.025461435318,
    "fEl":-0.069816681317522,
    "prevPitch":0.23040281236172,
    "elHMD":0,
    "elHUD":-0.29965223246629
  }
}', and now has the content: '{
  "16777728":{
    "unNormAz":-0.20274134680258,
    "beenThreat":1,
    "azHUD":-0.22677054364185,
    "phyRange":0,
    "prevEl":-0.20978778600693,
    "fAz":6.080443960377,
    "obs":[],
    "azHMD":0,
    "prevHdg":1.1439715623856,
    "prevAz":6.007071018219,
    "fEl":-0.056055364127872,
    "prevPitch":0.22418215870857,
    "elHMD":0,
    "elHUD":-0.20740571439083
  },
  "16783104":{
    "unNormAz":1.75360576875,
    "beenThreat":0,
    "azHUD":1.7599554688719,
    "phyRange":0,
    "prevEl":-0.010937517508864,
    "fAz":1.75360576875,
    "obs":[],
    "azHMD":0,
    "prevHdg":1.1699073314667,
    "prevAz":1.7303321361542,
    "fEl":0.076965765278186,
    "prevPitch":0.23040281236172,
    "elHMD":0,
    "elHUD":-0.19967222996547
  },
  "16782848":{
    "unNormAz":1.0161691337055,
    "beenThreat":0,
    "azHUD":1.0147294116018,
    "phyRange":0,
    "prevEl":-0.30034154653549,
    "fAz":1.0161691337055,
    "obs":[],
    "azHMD":0,
    "prevHdg":1.1699073314667,
    "prevAz":1.025461435318,
    "fEl":-0.069816681317522,
    "prevPitch":0.23040281236172,
    "elHMD":0,
    "elHUD":-0.29965223246629
  }
}'.
2026-01-08 14:49:52 EDIT    Line: '1' Which had the content: '{
  "16777728":{
    "unNormAz":-0.20274134680258,
    "beenThreat":1,
    "azHUD":-0.22503468316448,
    "phyRange":0,
    "prevEl":-0.20978778600693,
    "fAz":6.080443960377,
    "obs":[],
    "azHMD":0,
    "prevHdg":1.1439715623856,
    "prevAz":6.007071018219,
    "fEl":-0.056055364127872,
    "prevPitch":0.22418215870857,
    "elHMD":0,
    "elHUD":-0.21161693467697
  },
  "16783104":{
    "unNormAz":1.75360576875,
    "beenThreat":0,
    "azHUD":1.7614069037871,
    "phyRange":0,
    "prevEl":-0.010937517508864,
    "fAz":1.75360576875,
    "obs":[],
    "azHMD":0,
    "prevHdg":1.1699073314667,
    "prevAz":1.7303321361542,
    "fEl":0.076965765278186,
    "prevPitch":0.23040281236172,
    "elHMD":0,
    "elHUD":-0.17712233786237
  },
  "16782848":{
    "unNormAz":1.0161691337055,
    "beenThreat":0,
    "azHUD":1.0175952214985,
    "phyRange":0,
    "prevEl":-0.30034154653549,
    "fAz":1.0161691337055,
    "obs":[],
    "azHMD":0,
    "prevHdg":1.1699073314667,
    "prevAz":1.025461435318,
    "fEl":-0.069816681317522,
    "prevPitch":0.23040281236172,
    "elHMD":0,
    "elHUD":-0.28713169485242
  }
}', and now has the content: '{
  "16777728":{
    "unNormAz":-0.20274134680258,
    "beenThreat":1,
    "azHUD":-0.22503468316448,
    "phyRange":0,
    "prevEl":-0.20978778600693,
    "fAz":6.080443960377,
    "obs":[],
    "azHMD":0,
    "prevHdg":1.1439715623856,
    "prevAz":6.007071018219,
    "fEl":-0.056055364127872,
    "prevPitch":0.22418215870857,
    "elHMD":0,
    "elHUD":-0.21161693467697
  },
  "16783104":{
    "unNormAz":1.75360576875,
    "beenThreat":0,
    "azHUD":1.7614069037871,
    "phyRange":0,
    "prevEl":-0.010937517508864,
    "fAz":1.75360576875,
    "obs":[],
    "azHMD":0,
    "prevHdg":1.1699073314667,
    "prevAz":1.7303321361542,
    "fEl":0.076965765278186,
    "prevPitch":0.23040281236172,
    "elHMD":0,
    "elHUD":-0.17712233786237
  },
  "16782848":{
    "unNormAz":1.0161691337055,
    "beenThreat":0,
    "azHUD":1.0175952214985,
    "phyRange":0,
    "prevEl":-0.30034154653549,
    "fAz":1.0161691337055,
    "obs":[],
    "azHMD":0,
    "prevHdg":1.1699073314667,
    "prevAz":1.025461435318,
    "fEl":-0.069816681317522,
    "prevPitch":0.23040281236172,
    "elHMD":0,
    "elHUD":-0.28713169485242
  }
}'.
2026-01-08 14:49:52 EDIT    Line: '1' Which had the content: '{
  "16777728":{
    "unNormAz":-0.20274134680258,
    "beenThreat":1,
    "azHUD":-0.22329686667307,
    "phyRange":0,
    "prevEl":-0.20978778600693,
    "fAz":6.080443960377,
    "obs":[],
    "azHMD":0,
    "prevHdg":1.1439715623856,
    "prevAz":6.007071018219,
    "fEl":-0.056055364127872,
    "prevPitch":0.22418215870857,
    "elHMD":0,
    "elHUD":-0.21571899718133
  },
  "16783104":{
    "unNormAz":1.75360576875,
    "beenThreat":0,
    "azHUD":1.7625128409743,
    "phyRange":0,
    "prevEl":-0.010937517508864,
    "fAz":1.75360576875,
    "obs":[],
    "azHMD":0,
    "prevHdg":1.1699073314667,
    "prevAz":1.7303321361542,
    "fEl":0.076965765278186,
    "prevPitch":0.23040281236172,
    "elHMD":0,
    "elHUD":-0.15489251780034
  },
  "16782848":{
    "unNormAz":1.0161691337055,
    "beenThreat":0,
    "azHUD":1.0202249570307,
    "phyRange":0,
    "prevEl":-0.30034154653549,
    "fAz":1.0161691337055,
    "obs":[],
    "azHMD":0,
    "prevHdg":1.1699073314667,
    "prevAz":1.025461435318,
    "fEl":-0.069816681317522,
    "prevPitch":0.23040281236172,
    "elHMD":0,
    "elHUD":-0.27475316474105
  }
}', and now has the content: '{
  "16777728":{
    "unNormAz":-0.20274134680258,
    "beenThreat":1,
    "azHUD":-0.22329686667307,
    "phyRange":0,
    "prevEl":-0.20978778600693,
    "fAz":6.080443960377,
    "obs":[],
    "azHMD":0,
    "prevHdg":1.1439715623856,
    "prevAz":6.007071018219,
    "fEl":-0.056055364127872,
    "prevPitch":0.22418215870857,
    "elHMD":0,
    "elHUD":-0.21571899718133
  },
  "16783104":{
    "unNormAz":1.75360576875,
    "beenThreat":0,
    "azHUD":1.7625128409743,
    "phyRange":0,
    "prevEl":-0.010937517508864,
    "fAz":1.75360576875,
    "obs":[],
    "azHMD":0,
    "prevHdg":1.1699073314667,
    "prevAz":1.7303321361542,
    "fEl":0.076965765278186,
    "prevPitch":0.23040281236172,
    "elHMD":0,
    "elHUD":-0.15489251780034
  },
  "16782848":{
    "unNormAz":1.0161691337055,
    "beenThreat":0,
    "azHUD":1.0202249570307,
    "phyRange":0,
    "prevEl":-0.30034154653549,
    "fAz":1.0161691337055,
    "obs":[],
    "azHMD":0,
    "prevHdg":1.1699073314667,
    "prevAz":1.025461435318,
    "fEl":-0.069816681317522,
    "prevPitch":0.23040281236172,
    "elHMD":0,
    "elHUD":-0.27475316474105
  }
}'.
2026-01-08 14:49:52 EDIT    Line: '1' Which had the content: '{
  "16777728":{
    "unNormAz":-0.20274134680258,
    "beenThreat":1,
    "azHUD":-0.22158749578503,
    "phyRange":0,
    "prevEl":-0.20978778600693,
    "fAz":6.080443960377,
    "obs":[],
    "azHMD":0,
    "prevHdg":1.1439715623856,
    "prevAz":6.007071018219,
    "fEl":-0.056055364127872,
    "prevPitch":0.22418215870857,
    "elHMD":0,
    "elHUD":-0.21968057832017
  },
  "16783104":{
    "unNormAz":1.75360576875,
    "beenThreat":0,
    "azHUD":1.7632715453732,
    "phyRange":0,
    "prevEl":-0.010937517508864,
    "fAz":1.75360576875,
    "obs":[],
    "azHMD":0,
    "prevHdg":1.1699073314667,
    "prevAz":1.7303321361542,
    "fEl":0.076965765278186,
    "prevPitch":0.23040281236172,
    "elHMD":0,
    "elHUD":-0.13322456457504
  },
  "16782848":{
    "unNormAz":1.0161691337055,
    "beenThreat":0,
    "azHUD":1.0225927793632,
    "phyRange":0,
    "prevEl":-0.30034154653549,
    "fAz":1.0161691337055,
    "obs":[],
    "azHMD":0,
    "prevHdg":1.1699073314667,
    "prevAz":1.025461435318,
    "fEl":-0.069816681317522,
    "prevPitch":0.23040281236172,
    "elHMD":0,
    "elHUD":-0.26265733830857
  }
}', and now has the content: '{
  "16777728":{
    "unNormAz":-0.20274134680258,
    "beenThreat":1,
    "azHUD":-0.22158749578503,
    "phyRange":0,
    "prevEl":-0.20978778600693,
    "fAz":6.080443960377,
    "obs":[],
    "azHMD":0,
    "prevHdg":1.1439715623856,
    "prevAz":6.007071018219,
    "fEl":-0.056055364127872,
    "prevPitch":0.22418215870857,
    "elHMD":0,
    "elHUD":-0.21968057832017
  },
  "16783104":{
    "unNormAz":1.75360576875,
    "beenThreat":0,
    "azHUD":1.7632715453732,
    "phyRange":0,
    "prevEl":-0.010937517508864,
    "fAz":1.75360576875,
    "obs":[],
    "azHMD":0,
    "prevHdg":1.1699073314667,
    "prevAz":1.7303321361542,
    "fEl":0.076965765278186,
    "prevPitch":0.23040281236172,
    "elHMD":0,
    "elHUD":-0.13322456457504
  },
  "16782848":{
    "unNormAz":1.0161691337055,
    "beenThreat":0,
    "azHUD":1.0225927793632,
    "phyRange":0,
    "prevEl":-0.30034154653549,
    "fAz":1.0161691337055,
    "obs":[],
    "azHMD":0,
    "prevHdg":1.1699073314667,
    "prevAz":1.025461435318,
    "fEl":-0.069816681317522,
    "prevPitch":0.23040281236172,
    "elHMD":0,
    "elHUD":-0.26265733830857
  }
}'.
2026-01-08 14:49:52 EDIT    Line: '1' Which had the content: '{
  "16777728":{
    "unNormAz":-0.20274134680258,
    "beenThreat":1,
    "azHUD":-0.21989954181304,
    "phyRange":0,
    "prevEl":-0.20978778600693,
    "fAz":6.080443960377,
    "obs":[],
    "azHMD":0,
    "prevHdg":1.1439715623856,
    "prevAz":6.007071018219,
    "fEl":-0.056055364127872,
    "prevPitch":0.22418215870857,
    "elHMD":0,
    "elHUD":-0.22350156707586
  },
  "16783104":{
    "unNormAz":1.75360576875,
    "beenThreat":0,
    "azHUD":1.7637172601866,
    "phyRange":0,
    "prevEl":-0.010937517508864,
    "fAz":1.75360576875,
    "obs":[],
    "azHMD":0,
    "prevHdg":1.1699073314667,
    "prevAz":1.7303321361542,
    "fEl":0.076965765278186,
    "prevPitch":0.23040281236172,
    "elHMD":0,
    "elHUD":-0.11212635257571
  },
  "16782848":{
    "unNormAz":1.0161691337055,
    "beenThreat":0,
    "azHUD":1.0247223280953,
    "phyRange":0,
    "prevEl":-0.30034154653549,
    "fAz":1.0161691337055,
    "obs":[],
    "azHMD":0,
    "prevHdg":1.1699073314667,
    "prevAz":1.025461435318,
    "fEl":-0.069816681317522,
    "prevPitch":0.23040281236172,
    "elHMD":0,
    "elHUD":-0.25085042286545
  }
}', and now has the content: '{
  "16777728":{
    "unNormAz":-0.20274134680258,
    "beenThreat":1,
    "azHUD":-0.21989954181304,
    "phyRange":0,
    "prevEl":-0.20978778600693,
    "fAz":6.080443960377,
    "obs":[],
    "azHMD":0,
    "prevHdg":1.1439715623856,
    "prevAz":6.007071018219,
    "fEl":-0.056055364127872,
    "prevPitch":0.22418215870857,
    "elHMD":0,
    "elHUD":-0.22350156707586
  },
  "16783104":{
    "unNormAz":1.75360576875,
    "beenThreat":0,
    "azHUD":1.7637172601866,
    "phyRange":0,
    "prevEl":-0.010937517508864,
    "fAz":1.75360576875,
    "obs":[],
    "azHMD":0,
    "prevHdg":1.1699073314667,
    "prevAz":1.7303321361542,
    "fEl":0.076965765278186,
    "prevPitch":0.23040281236172,
    "elHMD":0,
    "elHUD":-0.11212635257571
  },
  "16782848":{
    "unNormAz":1.0161691337055,
    "beenThreat":0,
    "azHUD":1.0247223280953,
    "phyRange":0,
    "prevEl":-0.30034154653549,
    "fAz":1.0161691337055,
    "obs":[],
    "azHMD":0,
    "prevHdg":1.1699073314667,
    "prevAz":1.025461435318,
    "fEl":-0.069816681317522,
    "prevPitch":0.23040281236172,
    "elHMD":0,
    "elHUD":-0.25085042286545
  }
}'.
2026-01-08 14:49:52 EDIT    Line: '1' Which had the content: '{
  "16777728":{
    "unNormAz":-0.20274134680258,
    "beenThreat":1,
    "azHUD":-0.21989954181304,
    "phyRange":0,
    "prevEl":-0.20978778600693,
    "fAz":6.080443960377,
    "obs":[],
    "azHMD":0,
    "prevHdg":1.1439715623856,
    "prevAz":6.007071018219,
    "fEl":-0.056055364127872,
    "prevPitch":0.22418215870857,
    "elHMD":0,
    "elHUD":-0.22350156707586
  },
  "16783104":{
    "unNormAz":1.75360576875,
    "beenThreat":0,
    "azHUD":1.7637172601866,
    "phyRange":0,
    "prevEl":-0.010937517508864,
    "fAz":1.75360576875,
    "obs":[],
    "azHMD":0,
    "prevHdg":1.1699073314667,
    "prevAz":1.7303321361542,
    "fEl":0.076965765278186,
    "prevPitch":0.23040281236172,
    "elHMD":0,
    "elHUD":-0.11212635257571
  },
  "16782848":{
    "unNormAz":1.0161691337055,
    "beenThreat":0,
    "azHUD":1.0247223280953,
    "phyRange":0,
    "prevEl":-0.30034154653549,
    "fAz":1.0161691337055,
    "obs":[],
    "azHMD":0,
    "prevHdg":1.1699073314667,
    "prevAz":1.025461435318,
    "fEl":-0.069816681317522,
    "prevPitch":0.23040281236172,
    "elHMD":0,
    "elHUD":-0.25085042286545
  }
}', and now has the content: '{
  "16777728":{
    "unNormAz":-0.20274134680258,
    "beenThreat":1,
    "azHUD":-0.21989954181304,
    "phyRange":0,
    "prevEl":-0.20978778600693,
    "fAz":6.080443960377,
    "obs":[],
    "azHMD":0,
    "prevHdg":1.1439715623856,
    "prevAz":6.007071018219,
    "fEl":-0.056055364127872,
    "prevPitch":0.22418215870857,
    "elHMD":0,
    "elHUD":-0.22350156707586
  },
  "16783104":{
    "unNormAz":1.75360576875,
    "beenThreat":0,
    "azHUD":1.7637172601866,
    "phyRange":0,
    "prevEl":-0.010937517508864,
    "fAz":1.75360576875,
    "obs":[],
    "azHMD":0,
    "prevHdg":1.1699073314667,
    "prevAz":1.7303321361542,
    "fEl":0.076965765278186,
    "prevPitch":0.23040281236172,
    "elHMD":0,
    "elHUD":-0.11212635257571
  },
  "16782848":{
    "unNormAz":1.0161691337055,
    "beenThreat":0,
    "azHUD":1.0247223280953,
    "phyRange":0,
    "prevEl":-0.30034154653549,
    "fAz":1.0161691337055,
    "obs":[],
    "azHMD":0,
    "prevHdg":1.1699073314667,
    "prevAz":1.025461435318,
    "fEl":-0.069816681317522,
    "prevPitch":0.23040281236172,
    "elHMD":0,
    "elHUD":-0.25085042286545
  }
}'.
2026-01-08 14:49:52 EDIT    Line: '1' Which had the content: '{
  "16777728":{
    "unNormAz":-0.20274134680258,
    "beenThreat":1,
    "azHUD":-0.21825141091606,
    "phyRange":0,
    "prevEl":-0.20978778600693,
    "fAz":6.080443960377,
    "obs":[],
    "azHMD":0,
    "prevHdg":1.1439715623856,
    "prevAz":6.007071018219,
    "fEl":-0.056055364127872,
    "prevPitch":0.22418215870857,
    "elHMD":0,
    "elHUD":-0.22715386473864
  },
  "16783104":{
    "unNormAz":1.75360576875,
    "beenThreat":0,
    "azHUD":1.7638726357829,
    "phyRange":0,
    "prevEl":-0.010937517508864,
    "fAz":1.75360576875,
    "obs":[],
    "azHMD":0,
    "prevHdg":1.1699073314667,
    "prevAz":1.7303321361542,
    "fEl":0.076965765278186,
    "prevPitch":0.23040281236172,
    "elHMD":0,
    "elHUD":-0.091786516098063
  },
  "16782848":{
    "unNormAz":1.0161691337055,
    "beenThreat":0,
    "azHUD":1.0266102551205,
    "phyRange":0,
    "prevEl":-0.30034154653549,
    "fAz":1.0161691337055,
    "obs":[],
    "azHMD":0,
    "prevHdg":1.1699073314667,
    "prevAz":1.025461435318,
    "fEl":-0.069816681317522,
    "prevPitch":0.23040281236172,
    "elHMD":0,
    "elHUD":-0.23944172052507
  }
}', and now has the content: '{
  "16777728":{
    "unNormAz":-0.20274134680258,
    "beenThreat":1,
    "azHUD":-0.21825141091606,
    "phyRange":0,
    "prevEl":-0.20978778600693,
    "fAz":6.080443960377,
    "obs":[],
    "azHMD":0,
    "prevHdg":1.1439715623856,
    "prevAz":6.007071018219,
    "fEl":-0.056055364127872,
    "prevPitch":0.22418215870857,
    "elHMD":0,
    "elHUD":-0.22715386473864
  },
  "16783104":{
    "unNormAz":1.75360576875,
    "beenThreat":0,
    "azHUD":1.7638726357829,
    "phyRange":0,
    "prevEl":-0.010937517508864,
    "fAz":1.75360576875,
    "obs":[],
    "azHMD":0,
    "prevHdg":1.1699073314667,
    "prevAz":1.7303321361542,
    "fEl":0.076965765278186,
    "prevPitch":0.23040281236172,
    "elHMD":0,
    "elHUD":-0.091786516098063
  },
  "16782848":{
    "unNormAz":1.0161691337055,
    "beenThreat":0,
    "azHUD":1.0266102551205,
    "phyRange":0,
    "prevEl":-0.30034154653549,
    "fAz":1.0161691337055,
    "obs":[],
    "azHMD":0,
    "prevHdg":1.1699073314667,
    "prevAz":1.025461435318,
    "fEl":-0.069816681317522,
    "prevPitch":0.23040281236172,
    "elHMD":0,
    "elHUD":-0.23944172052507
  }
}'.
2026-01-08 14:49:52 EDIT    Line: '1' Which had the content: '{
  "16777728":{
    "unNormAz":-0.20274134680258,
    "beenThreat":1,
    "azHUD":-0.21666878640188,
    "phyRange":0,
    "prevEl":-0.20978778600693,
    "fAz":6.080443960377,
    "obs":[],
    "azHMD":0,
    "prevHdg":1.1439715623856,
    "prevAz":6.007071018219,
    "fEl":-0.056055364127872,
    "prevPitch":0.22418215870857,
    "elHMD":0,
    "elHUD":-0.23062122024672
  },
  "16783104":{
    "unNormAz":1.75360576875,
    "beenThreat":0,
    "azHUD":1.763758451056,
    "phyRange":0,
    "prevEl":-0.010937517508864,
    "fAz":1.75360576875,
    "obs":[],
    "azHMD":0,
    "prevHdg":1.1699073314667,
    "prevAz":1.7303321361542,
    "fEl":0.076965765278186,
    "prevPitch":0.23040281236172,
    "elHMD":0,
    "elHUD":-0.072355580529144
  },
  "16782848":{
    "unNormAz":1.0161691337055,
    "beenThreat":0,
    "azHUD":1.0282517531818,
    "phyRange":0,
    "prevEl":-0.30034154653549,
    "fAz":1.0161691337055,
    "obs":[],
    "azHMD":0,
    "prevHdg":1.1699073314667,
    "prevAz":1.025461435318,
    "fEl":-0.069816681317522,
    "prevPitch":0.23040281236172,
    "elHMD":0,
    "elHUD":-0.22852143696572
  }
}', and now has the content: '{
  "16777728":{
    "unNormAz":-0.20274134680258,
    "beenThreat":1,
    "azHUD":-0.21666878640188,
    "phyRange":0,
    "prevEl":-0.20978778600693,
    "fAz":6.080443960377,
    "obs":[],
    "azHMD":0,
    "prevHdg":1.1439715623856,
    "prevAz":6.007071018219,
    "fEl":-0.056055364127872,
    "prevPitch":0.22418215870857,
    "elHMD":0,
    "elHUD":-0.23062122024672
  },
  "16783104":{
    "unNormAz":1.75360576875,
    "beenThreat":0,
    "azHUD":1.763758451056,
    "phyRange":0,
    "prevEl":-0.010937517508864,
    "fAz":1.75360576875,
    "obs":[],
    "azHMD":0,
    "prevHdg":1.1699073314667,
    "prevAz":1.7303321361542,
    "fEl":0.076965765278186,
    "prevPitch":0.23040281236172,
    "elHMD":0,
    "elHUD":-0.072355580529144
  },
  "16782848":{
    "unNormAz":1.0161691337055,
    "beenThreat":0,
    "azHUD":1.0282517531818,
    "phyRange":0,
    "prevEl":-0.30034154653549,
    "fAz":1.0161691337055,
    "obs":[],
    "azHMD":0,
    "prevHdg":1.1699073314667,
    "prevAz":1.025461435318,
    "fEl":-0.069816681317522,
    "prevPitch":0.23040281236172,
    "elHMD":0,
    "elHUD":-0.22852143696572
  }
}'.
2026-01-08 14:49:52 EDIT    Line: '1' Which had the content: '{
  "16777728":{
    "unNormAz":-0.20274134680258,
    "beenThreat":1,
    "azHUD":-0.21513790475182,
    "phyRange":0,
    "prevEl":-0.20978778600693,
    "fAz":6.080443960377,
    "obs":[],
    "azHMD":0,
    "prevHdg":1.1439715623856,
    "prevAz":6.007071018219,
    "fEl":-0.056055364127872,
    "prevPitch":0.22418215870857,
    "elHMD":0,
    "elHUD":-0.23391059675278
  },
  "16783104":{
    "unNormAz":1.75360576875,
    "beenThreat":0,
    "azHUD":1.7634179180386,
    "phyRange":0,
    "prevEl":-0.010937517508864,
    "fAz":1.75360576875,
    "obs":[],
    "azHMD":0,
    "prevHdg":1.1699073314667,
    "prevAz":1.7303321361542,
    "fEl":0.076965765278186,
    "prevPitch":0.23040281236172,
    "elHMD":0,
    "elHUD":-0.05375257810713
  },
  "16782848":{
    "unNormAz":1.0161691337055,
    "beenThreat":0,
    "azHUD":1.0296832790781,
    "phyRange":0,
    "prevEl":-0.30034154653549,
    "fAz":1.0161691337055,
    "obs":[],
    "azHMD":0,
    "prevHdg":1.1699073314667,
    "prevAz":1.025461435318,
    "fEl":-0.069816681317522,
    "prevPitch":0.23040281236172,
    "elHMD":0,
    "elHUD":-0.21804304321045
  }
}', and now has the content: '{
  "16777728":{
    "unNormAz":-0.20274134680258,
    "beenThreat":1,
    "azHUD":-0.21513790475182,
    "phyRange":0,
    "prevEl":-0.20978778600693,
    "fAz":6.080443960377,
    "obs":[],
    "azHMD":0,
    "prevHdg":1.1439715623856,
    "prevAz":6.007071018219,
    "fEl":-0.056055364127872,
    "prevPitch":0.22418215870857,
    "elHMD":0,
    "elHUD":-0.23391059675278
  },
  "16783104":{
    "unNormAz":1.75360576875,
    "beenThreat":0,
    "azHUD":1.7634179180386,
    "phyRange":0,
    "prevEl":-0.010937517508864,
    "fAz":1.75360576875,
    "obs":[],
    "azHMD":0,
    "prevHdg":1.1699073314667,
    "prevAz":1.7303321361542,
    "fEl":0.076965765278186,
    "prevPitch":0.23040281236172,
    "elHMD":0,
    "elHUD":-0.05375257810713
  },
  "16782848":{
    "unNormAz":1.0161691337055,
    "beenThreat":0,
    "azHUD":1.0296832790781,
    "phyRange":0,
    "prevEl":-0.30034154653549,
    "fAz":1.0161691337055,
    "obs":[],
    "azHMD":0,
    "prevHdg":1.1699073314667,
    "prevAz":1.025461435318,
    "fEl":-0.069816681317522,
    "prevPitch":0.23040281236172,
    "elHMD":0,
    "elHUD":-0.21804304321045
  }
}'.
2026-01-08 14:49:52 EDIT    Line: '1' Which had the content: '{
  "16777728":{
    "unNormAz":-0.20274134680258,
    "beenThreat":1,
    "azHUD":-0.21367334347839,
    "phyRange":0,
    "prevEl":-0.20978778600693,
    "fAz":6.080443960377,
    "obs":[],
    "azHMD":0,
    "prevHdg":1.1439715623856,
    "prevAz":6.007071018219,
    "fEl":-0.056055364127872,
    "prevPitch":0.22418215870857,
    "elHMD":0,
    "elHUD":-0.23703203206606
  },
  "16783104":{
    "unNormAz":1.75360576875,
    "beenThreat":0,
    "azHUD":1.7628853660691,
    "phyRange":0,
    "prevEl":-0.010937517508864,
    "fAz":1.75360576875,
    "obs":[],
    "azHMD":0,
    "prevHdg":1.1699073314667,
    "prevAz":1.7303321361542,
    "fEl":0.076965765278186,
    "prevPitch":0.23040281236172,
    "elHMD":0,
    "elHUD":-0.036144692265367
  },
  "16782848":{
    "unNormAz":1.0161691337055,
    "beenThreat":0,
    "azHUD":1.03091312913,
    "phyRange":0,
    "prevEl":-0.30034154653549,
    "fAz":1.0161691337055,
    "obs":[],
    "azHMD":0,
    "prevHdg":1.1699073314667,
    "prevAz":1.025461435318,
    "fEl":-0.069816681317522,
    "prevPitch":0.23040281236172,
    "elHMD":0,
    "elHUD":-0.20811713681612
  }
}', and now has the content: '{
  "16777728":{
    "unNormAz":-0.20274134680258,
    "beenThreat":1,
    "azHUD":-0.21367334347839,
    "phyRange":0,
    "prevEl":-0.20978778600693,
    "fAz":6.080443960377,
    "obs":[],
    "azHMD":0,
    "prevHdg":1.1439715623856,
    "prevAz":6.007071018219,
    "fEl":-0.056055364127872,
    "prevPitch":0.22418215870857,
    "elHMD":0,
    "elHUD":-0.23703203206606
  },
  "16783104":{
    "unNormAz":1.75360576875,
    "beenThreat":0,
    "azHUD":1.7628853660691,
    "phyRange":0,
    "prevEl":-0.010937517508864,
    "fAz":1.75360576875,
    "obs":[],
    "azHMD":0,
    "prevHdg":1.1699073314667,
    "prevAz":1.7303321361542,
    "fEl":0.076965765278186,
    "prevPitch":0.23040281236172,
    "elHMD":0,
    "elHUD":-0.036144692265367
  },
  "16782848":{
    "unNormAz":1.0161691337055,
    "beenThreat":0,
    "azHUD":1.03091312913,
    "phyRange":0,
    "prevEl":-0.30034154653549,
    "fAz":1.0161691337055,
    "obs":[],
    "azHMD":0,
    "prevHdg":1.1699073314667,
    "prevAz":1.025461435318,
    "fEl":-0.069816681317522,
    "prevPitch":0.23040281236172,
    "elHMD":0,
    "elHUD":-0.20811713681612
  }
}'.
2026-01-08 14:49:52 EDIT    Line: '1' Which had the content: '{
  "16777728":{
    "unNormAz":-0.20274134680258,
    "beenThreat":1,
    "azHUD":-0.21229206818619,
    "phyRange":0,
    "prevEl":-0.20978778600693,
    "fAz":6.080443960377,
    "obs":[],
    "azHMD":0,
    "prevHdg":1.1439715623856,
    "prevAz":6.007071018219,
    "fEl":-0.056055364127872,
    "prevPitch":0.22418215870857,
    "elHMD":0,
    "elHUD":-0.23995876895952
  },
  "16783104":{
    "unNormAz":1.75360576875,
    "beenThreat":0,
    "azHUD":1.7621893939152,
    "phyRange":0,
    "prevEl":-0.010937517508864,
    "fAz":1.75360576875,
    "obs":[],
    "azHMD":0,
    "prevHdg":1.1699073314667,
    "prevAz":1.7303321361542,
    "fEl":0.076965765278186,
    "prevPitch":0.23040281236172,
    "elHMD":0,
    "elHUD":-0.019588599929243
  },
  "16782848":{
    "unNormAz":1.0161691337055,
    "beenThreat":0,
    "azHUD":1.0319487252699,
    "phyRange":0,
    "prevEl":-0.30034154653549,
    "fAz":1.0161691337055,
    "obs":[],
    "azHMD":0,
    "prevHdg":1.1699073314667,
    "prevAz":1.025461435318,
    "fEl":-0.069816681317522,
    "prevPitch":0.23040281236172,
    "elHMD":0,
    "elHUD":-0.19877130889118
  }
}', and now has the content: '{
  "16777728":{
    "unNormAz":-0.20274134680258,
    "beenThreat":1,
    "azHUD":-0.21229206818619,
    "phyRange":0,
    "prevEl":-0.20978778600693,
    "fAz":6.080443960377,
    "obs":[],
    "azHMD":0,
    "prevHdg":1.1439715623856,
    "prevAz":6.007071018219,
    "fEl":-0.056055364127872,
    "prevPitch":0.22418215870857,
    "elHMD":0,
    "elHUD":-0.23995876895952
  },
  "16783104":{
    "unNormAz":1.75360576875,
    "beenThreat":0,
    "azHUD":1.7621893939152,
    "phyRange":0,
    "prevEl":-0.010937517508864,
    "fAz":1.75360576875,
    "obs":[],
    "azHMD":0,
    "prevHdg":1.1699073314667,
    "prevAz":1.7303321361542,
    "fEl":0.076965765278186,
    "prevPitch":0.23040281236172,
    "elHMD":0,
    "elHUD":-0.019588599929243
  },
  "16782848":{
    "unNormAz":1.0161691337055,
    "beenThreat":0,
    "azHUD":1.0319487252699,
    "phyRange":0,
    "prevEl":-0.30034154653549,
    "fAz":1.0161691337055,
    "obs":[],
    "azHMD":0,
    "prevHdg":1.1699073314667,
    "prevAz":1.025461435318,
    "fEl":-0.069816681317522,
    "prevPitch":0.23040281236172,
    "elHMD":0,
    "elHUD":-0.19877130889118
  }
}'.
2026-01-08 14:49:52 EDIT    Line: '1' Which had the content: '{
  "16777728":{
    "unNormAz":-0.20274134680258,
    "beenThreat":1,
    "azHUD":-0.21098095489767,
    "phyRange":0,
    "prevEl":-0.20978778600693,
    "fAz":6.080443960377,
    "obs":[],
    "azHMD":0,
    "prevHdg":1.1439715623856,
    "prevAz":6.007071018219,
    "fEl":-0.056055364127872,
    "prevPitch":0.22418215870857,
    "elHMD":0,
    "elHUD":-0.24268729500178
  },
  "16783104":{
    "unNormAz":1.75360576875,
    "beenThreat":0,
    "azHUD":1.7613673070483,
    "phyRange":0,
    "prevEl":-0.010937517508864,
    "fAz":1.75360576875,
    "obs":[],
    "azHMD":0,
    "prevHdg":1.1699073314667,
    "prevAz":1.7303321361542,
    "fEl":0.076965765278186,
    "prevPitch":0.23040281236172,
    "elHMD":0,
    "elHUD":-0.0039774519308281
  },
  "16782848":{
    "unNormAz":1.0161691337055,
    "beenThreat":0,
    "azHUD":1.032823347187,
    "phyRange":0,
    "prevEl":-0.30034154653549,
    "fAz":1.0161691337055,
    "obs":[],
    "azHMD":0,
    "prevHdg":1.1699073314667,
    "prevAz":1.025461435318,
    "fEl":-0.069816681317522,
    "prevPitch":0.23040281236172,
    "elHMD":0,
    "elHUD":-0.18993867338328
  }
}', and now has the content: '{
  "16777728":{
    "unNormAz":-0.20274134680258,
    "beenThreat":1,
    "azHUD":-0.21098095489767,
    "phyRange":0,
    "prevEl":-0.20978778600693,
    "fAz":6.080443960377,
    "obs":[],
    "azHMD":0,
    "prevHdg":1.1439715623856,
    "prevAz":6.007071018219,
    "fEl":-0.056055364127872,
    "prevPitch":0.22418215870857,
    "elHMD":0,
    "elHUD":-0.24268729500178
  },
  "16783104":{
    "unNormAz":1.75360576875,
    "beenThreat":0,
    "azHUD":1.7613673070483,
    "phyRange":0,
    "prevEl":-0.010937517508864,
    "fAz":1.75360576875,
    "obs":[],
    "azHMD":0,
    "prevHdg":1.1699073314667,
    "prevAz":1.7303321361542,
    "fEl":0.076965765278186,
    "prevPitch":0.23040281236172,
    "elHMD":0,
    "elHUD":-0.0039774519308281
  },
  "16782848":{
    "unNormAz":1.0161691337055,
    "beenThreat":0,
    "azHUD":1.032823347187,
    "phyRange":0,
    "prevEl":-0.30034154653549,
    "fAz":1.0161691337055,
    "obs":[],
    "azHMD":0,
    "prevHdg":1.1699073314667,
    "prevAz":1.025461435318,
    "fEl":-0.069816681317522,
    "prevPitch":0.23040281236172,
    "elHMD":0,
    "elHUD":-0.18993867338328
  }
}'.
2026-01-08 14:49:52 EDIT    Line: '1' Which had the content: '{
  "16777728":{
    "unNormAz":-0.20274134680258,
    "beenThreat":1,
    "azHUD":-0.21098095489767,
    "phyRange":0,
    "prevEl":-0.20978778600693,
    "fAz":6.080443960377,
    "obs":[],
    "azHMD":0,
    "prevHdg":1.1439715623856,
    "prevAz":6.007071018219,
    "fEl":-0.056055364127872,
    "prevPitch":0.22418215870857,
    "elHMD":0,
    "elHUD":-0.24268729500178
  },
  "16783104":{
    "unNormAz":1.75360576875,
    "beenThreat":0,
    "azHUD":1.7613673070483,
    "phyRange":0,
    "prevEl":-0.010937517508864,
    "fAz":1.75360576875,
    "obs":[],
    "azHMD":0,
    "prevHdg":1.1699073314667,
    "prevAz":1.7303321361542,
    "fEl":0.076965765278186,
    "prevPitch":0.23040281236172,
    "elHMD":0,
    "elHUD":-0.0039774519308281
  },
  "16782848":{
    "unNormAz":1.0161691337055,
    "beenThreat":0,
    "azHUD":1.032823347187,
    "phyRange":0,
    "prevEl":-0.30034154653549,
    "fAz":1.0161691337055,
    "obs":[],
    "azHMD":0,
    "prevHdg":1.1699073314667,
    "prevAz":1.025461435318,
    "fEl":-0.069816681317522,
    "prevPitch":0.23040281236172,
    "elHMD":0,
    "elHUD":-0.18993867338328
  }
}', and now has the content: '{
  "16777728":{
    "unNormAz":-0.20274134680258,
    "beenThreat":1,
    "azHUD":-0.21098095489767,
    "phyRange":0,
    "prevEl":-0.20978778600693,
    "fAz":6.080443960377,
    "obs":[],
    "azHMD":0,
    "prevHdg":1.1439715623856,
    "prevAz":6.007071018219,
    "fEl":-0.056055364127872,
    "prevPitch":0.22418215870857,
    "elHMD":0,
    "elHUD":-0.24268729500178
  },
  "16783104":{
    "unNormAz":1.75360576875,
    "beenThreat":0,
    "azHUD":1.7613673070483,
    "phyRange":0,
    "prevEl":-0.010937517508864,
    "fAz":1.75360576875,
    "obs":[],
    "azHMD":0,
    "prevHdg":1.1699073314667,
    "prevAz":1.7303321361542,
    "fEl":0.076965765278186,
    "prevPitch":0.23040281236172,
    "elHMD":0,
    "elHUD":-0.0039774519308281
  },
  "16782848":{
    "unNormAz":1.0161691337055,
    "beenThreat":0,
    "azHUD":1.032823347187,
    "phyRange":0,
    "prevEl":-0.30034154653549,
    "fAz":1.0161691337055,
    "obs":[],
    "azHMD":0,
    "prevHdg":1.1699073314667,
    "prevAz":1.025461435318,
    "fEl":-0.069816681317522,
    "prevPitch":0.23040281236172,
    "elHMD":0,
    "elHUD":-0.18993867338328
  }
}'.
2026-01-08 14:49:52 EDIT    Line: '1' Which had the content: '{
  "16777728":{
    "unNormAz":-0.20274134680258,
    "beenThreat":1,
    "azHUD":-0.20975507881553,
    "phyRange":0,
    "prevEl":-0.20978778600693,
    "fAz":6.080443960377,
    "obs":[],
    "azHMD":0,
    "prevHdg":1.1439715623856,
    "prevAz":6.007071018219,
    "fEl":-0.056055364127872,
    "prevPitch":0.22418215870857,
    "elHMD":0,
    "elHUD":-0.2452149011964
  },
  "16783104":{
    "unNormAz":1.75360576875,
    "beenThreat":0,
    "azHUD":1.7604464945667,
    "phyRange":0,
    "prevEl":-0.010937517508864,
    "fAz":1.75360576875,
    "obs":[],
    "azHMD":0,
    "prevHdg":1.1699073314667,
    "prevAz":1.7303321361542,
    "fEl":0.076965765278186,
    "prevPitch":0.23040281236172,
    "elHMD":0,
    "elHUD":0.010608897193454
  },
  "16782848":{
    "unNormAz":1.0161691337055,
    "beenThreat":0,
    "azHUD":1.0335444131199,
    "phyRange":0,
    "prevEl":-0.30034154653549,
    "fAz":1.0161691337055,
    "obs":[],
    "azHMD":0,
    "prevHdg":1.1699073314667,
    "prevAz":1.025461435318,
    "fEl":-0.069816681317522,
    "prevPitch":0.23040281236172,
    "elHMD":0,
    "elHUD":-0.18167017426987
  }
}', and now has the content: '{
  "16777728":{
    "unNormAz":-0.20274134680258,
    "beenThreat":1,
    "azHUD":-0.20975507881553,
    "phyRange":0,
    "prevEl":-0.20978778600693,
    "fAz":6.080443960377,
    "obs":[],
    "azHMD":0,
    "prevHdg":1.1439715623856,
    "prevAz":6.007071018219,
    "fEl":-0.056055364127872,
    "prevPitch":0.22418215870857,
    "elHMD":0,
    "elHUD":-0.2452149011964
  },
  "16783104":{
    "unNormAz":1.75360576875,
    "beenThreat":0,
    "azHUD":1.7604464945667,
    "phyRange":0,
    "prevEl":-0.010937517508864,
    "fAz":1.75360576875,
    "obs":[],
    "azHMD":0,
    "prevHdg":1.1699073314667,
    "prevAz":1.7303321361542,
    "fEl":0.076965765278186,
    "prevPitch":0.23040281236172,
    "elHMD":0,
    "elHUD":0.010608897193454
  },
  "16782848":{
    "unNormAz":1.0161691337055,
    "beenThreat":0,
    "azHUD":1.0335444131199,
    "phyRange":0,
    "prevEl":-0.30034154653549,
    "fAz":1.0161691337055,
    "obs":[],
    "azHMD":0,
    "prevHdg":1.1699073314667,
    "prevAz":1.025461435318,
    "fEl":-0.069816681317522,
    "prevPitch":0.23040281236172,
    "elHMD":0,
    "elHUD":-0.18167017426987
  }
}'.
2026-01-08 14:49:52 EDIT    Line: '1' Which had the content: '{
  "16777728":{
    "unNormAz":-0.20274134680258,
    "beenThreat":1,
    "azHUD":-0.20861399620039,
    "phyRange":0,
    "prevEl":-0.20978778600693,
    "fAz":6.080443960377,
    "obs":[],
    "azHMD":0,
    "prevHdg":1.1439715623856,
    "prevAz":6.007071018219,
    "fEl":-0.056055364127872,
    "prevPitch":0.22418215870857,
    "elHMD":0,
    "elHUD":-0.24754710624834
  },
  "16783104":{
    "unNormAz":1.75360576875,
    "beenThreat":0,
    "azHUD":1.7594533109812,
    "phyRange":0,
    "prevEl":-0.010937517508864,
    "fAz":1.75360576875,
    "obs":[],
    "azHMD":0,
    "prevHdg":1.1699073314667,
    "prevAz":1.7303321361542,
    "fEl":0.076965765278186,
    "prevPitch":0.23040281236172,
    "elHMD":0,
    "elHUD":0.024208537636476
  },
  "16782848":{
    "unNormAz":1.0161691337055,
    "beenThreat":0,
    "azHUD":1.0341306843217,
    "phyRange":0,
    "prevEl":-0.30034154653549,
    "fAz":1.0161691337055,
    "obs":[],
    "azHMD":0,
    "prevHdg":1.1699073314667,
    "prevAz":1.025461435318,
    "fEl":-0.069816681317522,
    "prevPitch":0.23040281236172,
    "elHMD":0,
    "elHUD":-0.17394535354464
  }
}', and now has the content: '{
  "16777728":{
    "unNormAz":-0.20274134680258,
    "beenThreat":1,
    "azHUD":-0.20861399620039,
    "phyRange":0,
    "prevEl":-0.20978778600693,
    "fAz":6.080443960377,
    "obs":[],
    "azHMD":0,
    "prevHdg":1.1439715623856,
    "prevAz":6.007071018219,
    "fEl":-0.056055364127872,
    "prevPitch":0.22418215870857,
    "elHMD":0,
    "elHUD":-0.24754710624834
  },
  "16783104":{
    "unNormAz":1.75360576875,
    "beenThreat":0,
    "azHUD":1.7594533109812,
    "phyRange":0,
    "prevEl":-0.010937517508864,
    "fAz":1.75360576875,
    "obs":[],
    "azHMD":0,
    "prevHdg":1.1699073314667,
    "prevAz":1.7303321361542,
    "fEl":0.076965765278186,
    "prevPitch":0.23040281236172,
    "elHMD":0,
    "elHUD":0.024208537636476
  },
  "16782848":{
    "unNormAz":1.0161691337055,
    "beenThreat":0,
    "azHUD":1.0341306843217,
    "phyRange":0,
    "prevEl":-0.30034154653549,
    "fAz":1.0161691337055,
    "obs":[],
    "azHMD":0,
    "prevHdg":1.1699073314667,
    "prevAz":1.025461435318,
    "fEl":-0.069816681317522,
    "prevPitch":0.23040281236172,
    "elHMD":0,
    "elHUD":-0.17394535354464
  }
}'.
2026-01-08 14:49:52 EDIT    Line: '1' Which had the content: '{
  "16777728":{
    "unNormAz":-0.20274134680258,
    "beenThreat":1,
    "azHUD":-0.2075570529812,
    "phyRange":0,
    "prevEl":-0.20978778600693,
    "fAz":6.080443960377,
    "obs":[],
    "azHMD":0,
    "prevHdg":1.1439715623856,
    "prevAz":6.007071018219,
    "fEl":-0.056055364127872,
    "prevPitch":0.22418215870857,
    "elHMD":0,
    "elHUD":-0.24969444283309
  },
  "16783104":{
    "unNormAz":1.75360576875,
    "beenThreat":0,
    "azHUD":1.758411289189,
    "phyRange":0,
    "prevEl":-0.010937517508864,
    "fAz":1.75360576875,
    "obs":[],
    "azHMD":0,
    "prevHdg":1.1699073314667,
    "prevAz":1.7303321361542,
    "fEl":0.076965765278186,
    "prevPitch":0.23040281236172,
    "elHMD":0,
    "elHUD":0.036851422892903
  },
  "16782848":{
    "unNormAz":1.0161691337055,
    "beenThreat":0,
    "azHUD":1.0345990857129,
    "phyRange":0,
    "prevEl":-0.30034154653549,
    "fAz":1.0161691337055,
    "obs":[],
    "azHMD":0,
    "prevHdg":1.1699073314667,
    "prevAz":1.025461435318,
    "fEl":-0.069816681317522,
    "prevPitch":0.23040281236172,
    "elHMD":0,
    "elHUD":-0.16675056981191
  }
}', and now has the content: '{
  "16777728":{
    "unNormAz":-0.20274134680258,
    "beenThreat":1,
    "azHUD":-0.2075570529812,
    "phyRange":0,
    "prevEl":-0.20978778600693,
    "fAz":6.080443960377,
    "obs":[],
    "azHMD":0,
    "prevHdg":1.1439715623856,
    "prevAz":6.007071018219,
    "fEl":-0.056055364127872,
    "prevPitch":0.22418215870857,
    "elHMD":0,
    "elHUD":-0.24969444283309
  },
  "16783104":{
    "unNormAz":1.75360576875,
    "beenThreat":0,
    "azHUD":1.758411289189,
    "phyRange":0,
    "prevEl":-0.010937517508864,
    "fAz":1.75360576875,
    "obs":[],
    "azHMD":0,
    "prevHdg":1.1699073314667,
    "prevAz":1.7303321361542,
    "fEl":0.076965765278186,
    "prevPitch":0.23040281236172,
    "elHMD":0,
    "elHUD":0.036851422892903
  },
  "16782848":{
    "unNormAz":1.0161691337055,
    "beenThreat":0,
    "azHUD":1.0345990857129,
    "phyRange":0,
    "prevEl":-0.30034154653549,
    "fAz":1.0161691337055,
    "obs":[],
    "azHMD":0,
    "prevHdg":1.1699073314667,
    "prevAz":1.025461435318,
    "fEl":-0.069816681317522,
    "prevPitch":0.23040281236172,
    "elHMD":0,
    "elHUD":-0.16675056981191
  }
}'.
2026-01-08 14:49:52 EDIT    Line: '1' Which had the content: '{
  "16777728":{
    "unNormAz":-0.20274134680258,
    "beenThreat":1,
    "azHUD":-0.20658532846864,
    "phyRange":0,
    "prevEl":-0.20978778600693,
    "fAz":6.080443960377,
    "obs":[],
    "azHMD":0,
    "prevHdg":1.1439715623856,
    "prevAz":6.007071018219,
    "fEl":-0.056055364127872,
    "prevPitch":0.22418215870857,
    "elHMD":0,
    "elHUD":-0.2516672578727
  },
  "16783104":{
    "unNormAz":1.75360576875,
    "beenThreat":0,
    "azHUD":1.7573395041615,
    "phyRange":0,
    "prevEl":-0.010937517508864,
    "fAz":1.75360576875,
    "obs":[],
    "azHMD":0,
    "prevHdg":1.1699073314667,
    "prevAz":1.7303321361542,
    "fEl":0.076965765278186,
    "prevPitch":0.23040281236172,
    "elHMD":0,
    "elHUD":0.048564831283318
  },
  "16782848":{
    "unNormAz":1.0161691337055,
    "beenThreat":0,
    "azHUD":1.0349629669957,
    "phyRange":0,
    "prevEl":-0.30034154653549,
    "fAz":1.0161691337055,
    "obs":[],
    "azHMD":0,
    "prevHdg":1.1699073314667,
    "prevAz":1.025461435318,
    "fEl":-0.069816681317522,
    "prevPitch":0.23040281236172,
    "elHMD":0,
    "elHUD":-0.1600736500348
  }
}', and now has the content: '{
  "16777728":{
    "unNormAz":-0.20274134680258,
    "beenThreat":1,
    "azHUD":-0.20658532846864,
    "phyRange":0,
    "prevEl":-0.20978778600693,
    "fAz":6.080443960377,
    "obs":[],
    "azHMD":0,
    "prevHdg":1.1439715623856,
    "prevAz":6.007071018219,
    "fEl":-0.056055364127872,
    "prevPitch":0.22418215870857,
    "elHMD":0,
    "elHUD":-0.2516672578727
  },
  "16783104":{
    "unNormAz":1.75360576875,
    "beenThreat":0,
    "azHUD":1.7573395041615,
    "phyRange":0,
    "prevEl":-0.010937517508864,
    "fAz":1.75360576875,
    "obs":[],
    "azHMD":0,
    "prevHdg":1.1699073314667,
    "prevAz":1.7303321361542,
    "fEl":0.076965765278186,
    "prevPitch":0.23040281236172,
    "elHMD":0,
    "elHUD":0.048564831283318
  },
  "16782848":{
    "unNormAz":1.0161691337055,
    "beenThreat":0,
    "azHUD":1.0349629669957,
    "phyRange":0,
    "prevEl":-0.30034154653549,
    "fAz":1.0161691337055,
    "obs":[],
    "azHMD":0,
    "prevHdg":1.1699073314667,
    "prevAz":1.025461435318,
    "fEl":-0.069816681317522,
    "prevPitch":0.23040281236172,
    "elHMD":0,
    "elHUD":-0.1600736500348
  }
}'.
2026-01-08 14:49:52 EDIT    Line: '1' Which had the content: '{
  "16777728":{
    "unNormAz":-0.20274134680258,
    "beenThreat":1,
    "azHUD":-0.20569332049162,
    "phyRange":0,
    "prevEl":-0.20978778600693,
    "fAz":6.080443960377,
    "obs":[],
    "azHMD":0,
    "prevHdg":1.1439715623856,
    "prevAz":6.007071018219,
    "fEl":-0.056055364127872,
    "prevPitch":0.22418215870857,
    "elHMD":0,
    "elHUD":-0.25347803128493
  },
  "16783104":{
    "unNormAz":1.75360576875,
    "beenThreat":0,
    "azHUD":1.7562565179515,
    "phyRange":0,
    "prevEl":-0.010937517508864,
    "fAz":1.75360576875,
    "obs":[],
    "azHMD":0,
    "prevHdg":1.1699073314667,
    "prevAz":1.7303321361542,
    "fEl":0.076965765278186,
    "prevPitch":0.23040281236172,
    "elHMD":0,
    "elHUD":0.059400358849489
  },
  "16782848":{
    "unNormAz":1.0161691337055,
    "beenThreat":0,
    "azHUD":1.0352391198966,
    "phyRange":0,
    "prevEl":-0.30034154653549,
    "fAz":1.0161691337055,
    "obs":[],
    "azHMD":0,
    "prevHdg":1.1699073314667,
    "prevAz":1.025461435318,
    "fEl":-0.069816681317522,
    "prevPitch":0.23040281236172,
    "elHMD":0,
    "elHUD":-0.15388768356382
  }
}', and now has the content: '{
  "16777728":{
    "unNormAz":-0.20274134680258,
    "beenThreat":1,
    "azHUD":-0.20569332049162,
    "phyRange":0,
    "prevEl":-0.20978778600693,
    "fAz":6.080443960377,
    "obs":[],
    "azHMD":0,
    "prevHdg":1.1439715623856,
    "prevAz":6.007071018219,
    "fEl":-0.056055364127872,
    "prevPitch":0.22418215870857,
    "elHMD":0,
    "elHUD":-0.25347803128493
  },
  "16783104":{
    "unNormAz":1.75360576875,
    "beenThreat":0,
    "azHUD":1.7562565179515,
    "phyRange":0,
    "prevEl":-0.010937517508864,
    "fAz":1.75360576875,
    "obs":[],
    "azHMD":0,
    "prevHdg":1.1699073314667,
    "prevAz":1.7303321361542,
    "fEl":0.076965765278186,
    "prevPitch":0.23040281236172,
    "elHMD":0,
    "elHUD":0.059400358849489
  },
  "16782848":{
    "unNormAz":1.0161691337055,
    "beenThreat":0,
    "azHUD":1.0352391198966,
    "phyRange":0,
    "prevEl":-0.30034154653549,
    "fAz":1.0161691337055,
    "obs":[],
    "azHMD":0,
    "prevHdg":1.1699073314667,
    "prevAz":1.025461435318,
    "fEl":-0.069816681317522,
    "prevPitch":0.23040281236172,
    "elHMD":0,
    "elHUD":-0.15388768356382
  }
}'.
2026-01-08 14:49:52 EDIT    Line: '1' Which had the content: '{
  "16777728":{
    "unNormAz":-0.20274134680258,
    "beenThreat":1,
    "azHUD":-0.20488344476347,
    "phyRange":0,
    "prevEl":-0.20978778600693,
    "fAz":6.080443960377,
    "obs":[],
    "azHMD":0,
    "prevHdg":1.1439715623856,
    "prevAz":6.007071018219,
    "fEl":-0.056055364127872,
    "prevPitch":0.22418215870857,
    "elHMD":0,
    "elHUD":-0.25513102607309
  },
  "16783104":{
    "unNormAz":1.75360576875,
    "beenThreat":0,
    "azHUD":1.7551753796828,
    "phyRange":0,
    "prevEl":-0.010937517508864,
    "fAz":1.75360576875,
    "obs":[],
    "azHMD":0,
    "prevHdg":1.1699073314667,
    "prevAz":1.7303321361542,
    "fEl":0.076965765278186,
    "prevPitch":0.23040281236172,
    "elHMD":0,
    "elHUD":0.069383165127455
  },
  "16782848":{
    "unNormAz":1.0161691337055,
    "beenThreat":0,
    "azHUD":1.0354362273753,
    "phyRange":0,
    "prevEl":-0.30034154653549,
    "fAz":1.0161691337055,
    "obs":[],
    "azHMD":0,
    "prevHdg":1.1699073314667,
    "prevAz":1.025461435318,
    "fEl":-0.069816681317522,
    "prevPitch":0.23040281236172,
    "elHMD":0,
    "elHUD":-0.14817930859024
  }
}', and now has the content: '{
  "16777728":{
    "unNormAz":-0.20274134680258,
    "beenThreat":1,
    "azHUD":-0.20488344476347,
    "phyRange":0,
    "prevEl":-0.20978778600693,
    "fAz":6.080443960377,
    "obs":[],
    "azHMD":0,
    "prevHdg":1.1439715623856,
    "prevAz":6.007071018219,
    "fEl":-0.056055364127872,
    "prevPitch":0.22418215870857,
    "elHMD":0,
    "elHUD":-0.25513102607309
  },
  "16783104":{
    "unNormAz":1.75360576875,
    "beenThreat":0,
    "azHUD":1.7551753796828,
    "phyRange":0,
    "prevEl":-0.010937517508864,
    "fAz":1.75360576875,
    "obs":[],
    "azHMD":0,
    "prevHdg":1.1699073314667,
    "prevAz":1.7303321361542,
    "fEl":0.076965765278186,
    "prevPitch":0.23040281236172,
    "elHMD":0,
    "elHUD":0.069383165127455
  },
  "16782848":{
    "unNormAz":1.0161691337055,
    "beenThreat":0,
    "azHUD":1.0354362273753,
    "phyRange":0,
    "prevEl":-0.30034154653549,
    "fAz":1.0161691337055,
    "obs":[],
    "azHMD":0,
    "prevHdg":1.1699073314667,
    "prevAz":1.025461435318,
    "fEl":-0.069816681317522,
    "prevPitch":0.23040281236172,
    "elHMD":0,
    "elHUD":-0.14817930859024
  }
}'.
2026-01-08 14:49:52 EDIT    Line: '1' Which had the content: '{
  "16777728":{
    "unNormAz":-0.20274134680258,
    "beenThreat":1,
    "azHUD":-0.20488344476347,
    "phyRange":0,
    "prevEl":-0.20978778600693,
    "fAz":6.080443960377,
    "obs":[],
    "azHMD":0,
    "prevHdg":1.1439715623856,
    "prevAz":6.007071018219,
    "fEl":-0.056055364127872,
    "prevPitch":0.22418215870857,
    "elHMD":0,
    "elHUD":-0.25513102607309
  },
  "16783104":{
    "unNormAz":1.75360576875,
    "beenThreat":0,
    "azHUD":1.7551753796828,
    "phyRange":0,
    "prevEl":-0.010937517508864,
    "fAz":1.75360576875,
    "obs":[],
    "azHMD":0,
    "prevHdg":1.1699073314667,
    "prevAz":1.7303321361542,
    "fEl":0.076965765278186,
    "prevPitch":0.23040281236172,
    "elHMD":0,
    "elHUD":0.069383165127455
  },
  "16782848":{
    "unNormAz":1.0161691337055,
    "beenThreat":0,
    "azHUD":1.0354362273753,
    "phyRange":0,
    "prevEl":-0.30034154653549,
    "fAz":1.0161691337055,
    "obs":[],
    "azHMD":0,
    "prevHdg":1.1699073314667,
    "prevAz":1.025461435318,
    "fEl":-0.069816681317522,
    "prevPitch":0.23040281236172,
    "elHMD":0,
    "elHUD":-0.14817930859024
  }
}', and now has the content: '{
  "16777728":{
    "unNormAz":-0.20274134680258,
    "beenThreat":1,
    "azHUD":-0.20488344476347,
    "phyRange":0,
    "prevEl":-0.20978778600693,
    "fAz":6.080443960377,
    "obs":[],
    "azHMD":0,
    "prevHdg":1.1439715623856,
    "prevAz":6.007071018219,
    "fEl":-0.056055364127872,
    "prevPitch":0.22418215870857,
    "elHMD":0,
    "elHUD":-0.25513102607309
  },
  "16783104":{
    "unNormAz":1.75360576875,
    "beenThreat":0,
    "azHUD":1.7551753796828,
    "phyRange":0,
    "prevEl":-0.010937517508864,
    "fAz":1.75360576875,
    "obs":[],
    "azHMD":0,
    "prevHdg":1.1699073314667,
    "prevAz":1.7303321361542,
    "fEl":0.076965765278186,
    "prevPitch":0.23040281236172,
    "elHMD":0,
    "elHUD":0.069383165127455
  },
  "16782848":{
    "unNormAz":1.0161691337055,
    "beenThreat":0,
    "azHUD":1.0354362273753,
    "phyRange":0,
    "prevEl":-0.30034154653549,
    "fAz":1.0161691337055,
    "obs":[],
    "azHMD":0,
    "prevHdg":1.1699073314667,
    "prevAz":1.025461435318,
    "fEl":-0.069816681317522,
    "prevPitch":0.23040281236172,
    "elHMD":0,
    "elHUD":-0.14817930859024
  }
}'.
2026-01-08 14:50:22 EDIT    Line: '1' Which had the content: '{
  "16777728":{
    "unNormAz":-0.20274134680258,
    "beenThreat":1,
    "azHUD":-0.20414840577694,
    "phyRange":0,
    "prevEl":-0.20978778600693,
    "fAz":6.080443960377,
    "obs":[],
    "azHMD":0,
    "prevHdg":1.1439715623856,
    "prevAz":6.007071018219,
    "fEl":-0.056055364127872,
    "prevPitch":0.22418215870857,
    "elHMD":0,
    "elHUD":-0.25663614721394
  },
  "16783104":{
    "unNormAz":1.75360576875,
    "beenThreat":0,
    "azHUD":1.7541069806226,
    "phyRange":0,
    "prevEl":-0.010937517508864,
    "fAz":1.75360576875,
    "obs":[],
    "azHMD":0,
    "prevHdg":1.1699073314667,
    "prevAz":1.7303321361542,
    "fEl":0.076965765278186,
    "prevPitch":0.23040281236172,
    "elHMD":0,
    "elHUD":0.078588996857344
  },
  "16782848":{
    "unNormAz":1.0161691337055,
    "beenThreat":0,
    "azHUD":1.0355680164487,
    "phyRange":0,
    "prevEl":-0.30034154653549,
    "fAz":1.0161691337055,
    "obs":[],
    "azHMD":0,
    "prevHdg":1.1699073314667,
    "prevAz":1.025461435318,
    "fEl":-0.069816681317522,
    "prevPitch":0.23040281236172,
    "elHMD":0,
    "elHUD":-0.14290509854551
  }
}', and now has the content: '{
  "16777728":{
    "unNormAz":-0.20274134680258,
    "beenThreat":1,
    "azHUD":-0.20414840577694,
    "phyRange":0,
    "prevEl":-0.20978778600693,
    "fAz":6.080443960377,
    "obs":[],
    "azHMD":0,
    "prevHdg":1.1439715623856,
    "prevAz":6.007071018219,
    "fEl":-0.056055364127872,
    "prevPitch":0.22418215870857,
    "elHMD":0,
    "elHUD":-0.25663614721394
  },
  "16783104":{
    "unNormAz":1.75360576875,
    "beenThreat":0,
    "azHUD":1.7541069806226,
    "phyRange":0,
    "prevEl":-0.010937517508864,
    "fAz":1.75360576875,
    "obs":[],
    "azHMD":0,
    "prevHdg":1.1699073314667,
    "prevAz":1.7303321361542,
    "fEl":0.076965765278186,
    "prevPitch":0.23040281236172,
    "elHMD":0,
    "elHUD":0.078588996857344
  },
  "16782848":{
    "unNormAz":1.0161691337055,
    "beenThreat":0,
    "azHUD":1.0355680164487,
    "phyRange":0,
    "prevEl":-0.30034154653549,
    "fAz":1.0161691337055,
    "obs":[],
    "azHMD":0,
    "prevHdg":1.1699073314667,
    "prevAz":1.025461435318,
    "fEl":-0.069816681317522,
    "prevPitch":0.23040281236172,
    "elHMD":0,
    "elHUD":-0.14290509854551
  }
}'.
2026-01-08 14:50:22 EDIT    Line: '1' Which had the content: '{
  "16777728":{
    "unNormAz":-0.20274134680258,
    "beenThreat":1,
    "azHUD":-0.20348706938072,
    "phyRange":0,
    "prevEl":-0.20978778600693,
    "fAz":6.080443960377,
    "obs":[],
    "azHMD":0,
    "prevHdg":1.1439715623856,
    "prevAz":6.007071018219,
    "fEl":-0.056055364127872,
    "prevPitch":0.22418215870857,
    "elHMD":0,
    "elHUD":-0.25800013485902
  },
  "16783104":{
    "unNormAz":1.75360576875,
    "beenThreat":0,
    "azHUD":1.7530592101293,
    "phyRange":0,
    "prevEl":-0.010937517508864,
    "fAz":1.75360576875,
    "obs":[],
    "azHMD":0,
    "prevHdg":1.1699073314667,
    "prevAz":1.7303321361542,
    "fEl":0.076965765278186,
    "prevPitch":0.23040281236172,
    "elHMD":0,
    "elHUD":0.087060311607588
  },
  "16782848":{
    "unNormAz":1.0161691337055,
    "beenThreat":0,
    "azHUD":1.0356422452499,
    "phyRange":0,
    "prevEl":-0.30034154653549,
    "fAz":1.0161691337055,
    "obs":[],
    "azHMD":0,
    "prevHdg":1.1699073314667,
    "prevAz":1.025461435318,
    "fEl":-0.069816681317522,
    "prevPitch":0.23040281236172,
    "elHMD":0,
    "elHUD":-0.13804138949126
  }
}', and now has the content: '{
  "16777728":{
    "unNormAz":-0.20274134680258,
    "beenThreat":1,
    "azHUD":-0.20348706938072,
    "phyRange":0,
    "prevEl":-0.20978778600693,
    "fAz":6.080443960377,
    "obs":[],
    "azHMD":0,
    "prevHdg":1.1439715623856,
    "prevAz":6.007071018219,
    "fEl":-0.056055364127872,
    "prevPitch":0.22418215870857,
    "elHMD":0,
    "elHUD":-0.25800013485902
  },
  "16783104":{
    "unNormAz":1.75360576875,
    "beenThreat":0,
    "azHUD":1.7530592101293,
    "phyRange":0,
    "prevEl":-0.010937517508864,
    "fAz":1.75360576875,
    "obs":[],
    "azHMD":0,
    "prevHdg":1.1699073314667,
    "prevAz":1.7303321361542,
    "fEl":0.076965765278186,
    "prevPitch":0.23040281236172,
    "elHMD":0,
    "elHUD":0.087060311607588
  },
  "16782848":{
    "unNormAz":1.0161691337055,
    "beenThreat":0,
    "azHUD":1.0356422452499,
    "phyRange":0,
    "prevEl":-0.30034154653549,
    "fAz":1.0161691337055,
    "obs":[],
    "azHMD":0,
    "prevHdg":1.1699073314667,
    "prevAz":1.025461435318,
    "fEl":-0.069816681317522,
    "prevPitch":0.23040281236172,
    "elHMD":0,
    "elHUD":-0.13804138949126
  }
}'.
2026-01-08 14:50:22 EDIT    Line: '1' Which had the content: '{
  "16777728":{
    "unNormAz":-0.20274134680258,
    "beenThreat":1,
    "azHUD":-0.20289403995926,
    "phyRange":0,
    "prevEl":-0.20978778600693,
    "fAz":6.080443960377,
    "obs":[],
    "azHMD":0,
    "prevHdg":1.1439715623856,
    "prevAz":6.007071018219,
    "fEl":-0.056055364127872,
    "prevPitch":0.22418215870857,
    "elHMD":0,
    "elHUD":-0.25923244387574
  },
  "16783104":{
    "unNormAz":1.75360576875,
    "beenThreat":0,
    "azHUD":1.7520374858446,
    "phyRange":0,
    "prevEl":-0.010937517508864,
    "fAz":1.75360576875,
    "obs":[],
    "azHMD":0,
    "prevHdg":1.1699073314667,
    "prevAz":1.7303321361542,
    "fEl":0.076965765278186,
    "prevPitch":0.23040281236172,
    "elHMD":0,
    "elHUD":0.094861872653473
  },
  "16782848":{
    "unNormAz":1.0161691337055,
    "beenThreat":0,
    "azHUD":1.0356679496862,
    "phyRange":0,
    "prevEl":-0.30034154653549,
    "fAz":1.0161691337055,
    "obs":[],
    "azHMD":0,
    "prevHdg":1.1699073314667,
    "prevAz":1.025461435318,
    "fEl":-0.069816681317522,
    "prevPitch":0.23040281236172,
    "elHMD":0,
    "elHUD":-0.13355127276197
  }
}', and now has the content: '{
  "16777728":{
    "unNormAz":-0.20274134680258,
    "beenThreat":1,
    "azHUD":-0.20289403995926,
    "phyRange":0,
    "prevEl":-0.20978778600693,
    "fAz":6.080443960377,
    "obs":[],
    "azHMD":0,
    "prevHdg":1.1439715623856,
    "prevAz":6.007071018219,
    "fEl":-0.056055364127872,
    "prevPitch":0.22418215870857,
    "elHMD":0,
    "elHUD":-0.25923244387574
  },
  "16783104":{
    "unNormAz":1.75360576875,
    "beenThreat":0,
    "azHUD":1.7520374858446,
    "phyRange":0,
    "prevEl":-0.010937517508864,
    "fAz":1.75360576875,
    "obs":[],
    "azHMD":0,
    "prevHdg":1.1699073314667,
    "prevAz":1.7303321361542,
    "fEl":0.076965765278186,
    "prevPitch":0.23040281236172,
    "elHMD":0,
    "elHUD":0.094861872653473
  },
  "16782848":{
    "unNormAz":1.0161691337055,
    "beenThreat":0,
    "azHUD":1.0356679496862,
    "phyRange":0,
    "prevEl":-0.30034154653549,
    "fAz":1.0161691337055,
    "obs":[],
    "azHMD":0,
    "prevHdg":1.1699073314667,
    "prevAz":1.025461435318,
    "fEl":-0.069816681317522,
    "prevPitch":0.23040281236172,
    "elHMD":0,
    "elHUD":-0.13355127276197
  }
}'.
2026-01-08 14:50:22 EDIT    Line: '1' Which had the content: '{
  "16777728":{
    "unNormAz":-0.20274134680258,
    "beenThreat":1,
    "azHUD":-0.20236461076673,
    "phyRange":0,
    "prevEl":-0.20978778600693,
    "fAz":6.080443960377,
    "obs":[],
    "azHMD":0,
    "prevHdg":1.1439715623856,
    "prevAz":6.007071018219,
    "fEl":-0.056055364127872,
    "prevPitch":0.22418215870857,
    "elHMD":0,
    "elHUD":-0.26034201157065
  },
  "16783104":{
    "unNormAz":1.75360576875,
    "beenThreat":0,
    "azHUD":1.7510452552252,
    "phyRange":0,
    "prevEl":-0.010937517508864,
    "fAz":1.75360576875,
    "obs":[],
    "azHMD":0,
    "prevHdg":1.1699073314667,
    "prevAz":1.7303321361542,
    "fEl":0.076965765278186,
    "prevPitch":0.23040281236172,
    "elHMD":0,
    "elHUD":0.10205273318394
  },
  "16782848":{
    "unNormAz":1.0161691337055,
    "beenThreat":0,
    "azHUD":1.0356523720459,
    "phyRange":0,
    "prevEl":-0.30034154653549,
    "fAz":1.0161691337055,
    "obs":[],
    "azHMD":0,
    "prevHdg":1.1699073314667,
    "prevAz":1.025461435318,
    "fEl":-0.069816681317522,
    "prevPitch":0.23040281236172,
    "elHMD":0,
    "elHUD":-0.12940114997833
  }
}', and now has the content: '{
  "16777728":{
    "unNormAz":-0.20274134680258,
    "beenThreat":1,
    "azHUD":-0.20236461076673,
    "phyRange":0,
    "prevEl":-0.20978778600693,
    "fAz":6.080443960377,
    "obs":[],
    "azHMD":0,
    "prevHdg":1.1439715623856,
    "prevAz":6.007071018219,
    "fEl":-0.056055364127872,
    "prevPitch":0.22418215870857,
    "elHMD":0,
    "elHUD":-0.26034201157065
  },
  "16783104":{
    "unNormAz":1.75360576875,
    "beenThreat":0,
    "azHUD":1.7510452552252,
    "phyRange":0,
    "prevEl":-0.010937517508864,
    "fAz":1.75360576875,
    "obs":[],
    "azHMD":0,
    "prevHdg":1.1699073314667,
    "prevAz":1.7303321361542,
    "fEl":0.076965765278186,
    "prevPitch":0.23040281236172,
    "elHMD":0,
    "elHUD":0.10205273318394
  },
  "16782848":{
    "unNormAz":1.0161691337055,
    "beenThreat":0,
    "azHUD":1.0356523720459,
    "phyRange":0,
    "prevEl":-0.30034154653549,
    "fAz":1.0161691337055,
    "obs":[],
    "azHMD":0,
    "prevHdg":1.1699073314667,
    "prevAz":1.025461435318,
    "fEl":-0.069816681317522,
    "prevPitch":0.23040281236172,
    "elHMD":0,
    "elHUD":-0.12940114997833
  }
}'.
2026-01-08 14:50:22 EDIT    Line: '1' Which had the content: '{
  "16777728":{
    "unNormAz":-0.20274134680258,
    "beenThreat":1,
    "azHUD":-0.20189251492451,
    "phyRange":0,
    "prevEl":-0.20978778600693,
    "fAz":6.080443960377,
    "obs":[],
    "azHMD":0,
    "prevHdg":1.1439715623856,
    "prevAz":6.007071018219,
    "fEl":-0.056055364127872,
    "prevPitch":0.22418215870857,
    "elHMD":0,
    "elHUD":-0.26133723563717
  },
  "16783104":{
    "unNormAz":1.75360576875,
    "beenThreat":0,
    "azHUD":1.7500865877328,
    "phyRange":0,
    "prevEl":-0.010937517508864,
    "fAz":1.75360576875,
    "obs":[],
    "azHMD":0,
    "prevHdg":1.1699073314667,
    "prevAz":1.7303321361542,
    "fEl":0.076965765278186,
    "prevPitch":0.23040281236172,
    "elHMD":0,
    "elHUD":0.10868659922969
  },
  "16782848":{
    "unNormAz":1.0161691337055,
    "beenThreat":0,
    "azHUD":1.0356034410488,
    "phyRange":0,
    "prevEl":-0.30034154653549,
    "fAz":1.0161691337055,
    "obs":[],
    "azHMD":0,
    "prevHdg":1.1699073314667,
    "prevAz":1.025461435318,
    "fEl":-0.069816681317522,
    "prevPitch":0.23040281236172,
    "elHMD":0,
    "elHUD":-0.12556051481656
  }
}', and now has the content: '{
  "16777728":{
    "unNormAz":-0.20274134680258,
    "beenThreat":1,
    "azHUD":-0.20189251492451,
    "phyRange":0,
    "prevEl":-0.20978778600693,
    "fAz":6.080443960377,
    "obs":[],
    "azHMD":0,
    "prevHdg":1.1439715623856,
    "prevAz":6.007071018219,
    "fEl":-0.056055364127872,
    "prevPitch":0.22418215870857,
    "elHMD":0,
    "elHUD":-0.26133723563717
  },
  "16783104":{
    "unNormAz":1.75360576875,
    "beenThreat":0,
    "azHUD":1.7500865877328,
    "phyRange":0,
    "prevEl":-0.010937517508864,
    "fAz":1.75360576875,
    "obs":[],
    "azHMD":0,
    "prevHdg":1.1699073314667,
    "prevAz":1.7303321361542,
    "fEl":0.076965765278186,
    "prevPitch":0.23040281236172,
    "elHMD":0,
    "elHUD":0.10868659922969
  },
  "16782848":{
    "unNormAz":1.0161691337055,
    "beenThreat":0,
    "azHUD":1.0356034410488,
    "phyRange":0,
    "prevEl":-0.30034154653549,
    "fAz":1.0161691337055,
    "obs":[],
    "azHMD":0,
    "prevHdg":1.1699073314667,
    "prevAz":1.025461435318,
    "fEl":-0.069816681317522,
    "prevPitch":0.23040281236172,
    "elHMD":0,
    "elHUD":-0.12556051481656
  }
}'.
2026-01-08 14:50:22 EDIT    Line: '1' Which had the content: '{
  "16777728":{
    "unNormAz":-0.20274134680258,
    "beenThreat":1,
    "azHUD":-0.20189251492451,
    "phyRange":0,
    "prevEl":-0.20978778600693,
    "fAz":6.080443960377,
    "obs":[],
    "azHMD":0,
    "prevHdg":1.1439715623856,
    "prevAz":6.007071018219,
    "fEl":-0.056055364127872,
    "prevPitch":0.22418215870857,
    "elHMD":0,
    "elHUD":-0.26133723563717
  },
  "16783104":{
    "unNormAz":1.75360576875,
    "beenThreat":0,
    "azHUD":1.7500865877328,
    "phyRange":0,
    "prevEl":-0.010937517508864,
    "fAz":1.75360576875,
    "obs":[],
    "azHMD":0,
    "prevHdg":1.1699073314667,
    "prevAz":1.7303321361542,
    "fEl":0.076965765278186,
    "prevPitch":0.23040281236172,
    "elHMD":0,
    "elHUD":0.10868659922969
  },
  "16782848":{
    "unNormAz":1.0161691337055,
    "beenThreat":0,
    "azHUD":1.0356034410488,
    "phyRange":0,
    "prevEl":-0.30034154653549,
    "fAz":1.0161691337055,
    "obs":[],
    "azHMD":0,
    "prevHdg":1.1699073314667,
    "prevAz":1.025461435318,
    "fEl":-0.069816681317522,
    "prevPitch":0.23040281236172,
    "elHMD":0,
    "elHUD":-0.12556051481656
  }
}', and now has the content: '{
  "16777728":{
    "unNormAz":-0.20274134680258,
    "beenThreat":1,
    "azHUD":-0.20189251492451,
    "phyRange":0,
    "prevEl":-0.20978778600693,
    "fAz":6.080443960377,
    "obs":[],
    "azHMD":0,
    "prevHdg":1.1439715623856,
    "prevAz":6.007071018219,
    "fEl":-0.056055364127872,
    "prevPitch":0.22418215870857,
    "elHMD":0,
    "elHUD":-0.26133723563717
  },
  "16783104":{
    "unNormAz":1.75360576875,
    "beenThreat":0,
    "azHUD":1.7500865877328,
    "phyRange":0,
    "prevEl":-0.010937517508864,
    "fAz":1.75360576875,
    "obs":[],
    "azHMD":0,
    "prevHdg":1.1699073314667,
    "prevAz":1.7303321361542,
    "fEl":0.076965765278186,
    "prevPitch":0.23040281236172,
    "elHMD":0,
    "elHUD":0.10868659922969
  },
  "16782848":{
    "unNormAz":1.0161691337055,
    "beenThreat":0,
    "azHUD":1.0356034410488,
    "phyRange":0,
    "prevEl":-0.30034154653549,
    "fAz":1.0161691337055,
    "obs":[],
    "azHMD":0,
    "prevHdg":1.1699073314667,
    "prevAz":1.025461435318,
    "fEl":-0.069816681317522,
    "prevPitch":0.23040281236172,
    "elHMD":0,
    "elHUD":-0.12556051481656
  }
}'.
2026-01-08 14:50:22 EDIT    Line: '1' Which had the content: '{
  "16777728":{
    "unNormAz":-0.20274134680258,
    "beenThreat":1,
    "azHUD":-0.20147678172463,
    "phyRange":0,
    "prevEl":-0.20978778600693,
    "fAz":6.080443960377,
    "obs":[],
    "azHMD":0,
    "prevHdg":1.1439715623856,
    "prevAz":6.007071018219,
    "fEl":-0.056055364127872,
    "prevPitch":0.22418215870857,
    "elHMD":0,
    "elHUD":-0.26221465237747
  },
  "16783104":{
    "unNormAz":1.75360576875,
    "beenThreat":0,
    "azHUD":1.7491596365904,
    "phyRange":0,
    "prevEl":-0.010937517508864,
    "fAz":1.75360576875,
    "obs":[],
    "azHMD":0,
    "prevHdg":1.1699073314667,
    "prevAz":1.7303321361542,
    "fEl":0.076965765278186,
    "prevPitch":0.23040281236172,
    "elHMD":0,
    "elHUD":0.11482330210893
  },
  "16782848":{
    "unNormAz":1.0161691337055,
    "beenThreat":0,
    "azHUD":1.0355231215989,
    "phyRange":0,
    "prevEl":-0.30034154653549,
    "fAz":1.0161691337055,
    "obs":[],
    "azHMD":0,
    "prevHdg":1.1699073314667,
    "prevAz":1.025461435318,
    "fEl":-0.069816681317522,
    "prevPitch":0.23040281236172,
    "elHMD":0,
    "elHUD":-0.12199055264856
  }
}', and now has the content: '{
  "16777728":{
    "unNormAz":-0.20274134680258,
    "beenThreat":1,
    "azHUD":-0.20147678172463,
    "phyRange":0,
    "prevEl":-0.20978778600693,
    "fAz":6.080443960377,
    "obs":[],
    "azHMD":0,
    "prevHdg":1.1439715623856,
    "prevAz":6.007071018219,
    "fEl":-0.056055364127872,
    "prevPitch":0.22418215870857,
    "elHMD":0,
    "elHUD":-0.26221465237747
  },
  "16783104":{
    "unNormAz":1.75360576875,
    "beenThreat":0,
    "azHUD":1.7491596365904,
    "phyRange":0,
    "prevEl":-0.010937517508864,
    "fAz":1.75360576875,
    "obs":[],
    "azHMD":0,
    "prevHdg":1.1699073314667,
    "prevAz":1.7303321361542,
    "fEl":0.076965765278186,
    "prevPitch":0.23040281236172,
    "elHMD":0,
    "elHUD":0.11482330210893
  },
  "16782848":{
    "unNormAz":1.0161691337055,
    "beenThreat":0,
    "azHUD":1.0355231215989,
    "phyRange":0,
    "prevEl":-0.30034154653549,
    "fAz":1.0161691337055,
    "obs":[],
    "azHMD":0,
    "prevHdg":1.1699073314667,
    "prevAz":1.025461435318,
    "fEl":-0.069816681317522,
    "prevPitch":0.23040281236172,
    "elHMD":0,
    "elHUD":-0.12199055264856
  }
}'.
2026-01-08 14:50:22 EDIT    Line: '1' Which had the content: '{
  "16777728":{
    "unNormAz":-0.20274134680258,
    "beenThreat":1,
    "azHUD":-0.20111148368012,
    "phyRange":0,
    "prevEl":-0.20978778600693,
    "fAz":6.080443960377,
    "obs":[],
    "azHMD":0,
    "prevHdg":1.1439715623856,
    "prevAz":6.007071018219,
    "fEl":-0.056055364127872,
    "prevPitch":0.22418215870857,
    "elHMD":0,
    "elHUD":-0.26299600569444
  },
  "16783104":{
    "unNormAz":1.75360576875,
    "beenThreat":0,
    "azHUD":1.748266808998,
    "phyRange":0,
    "prevEl":-0.010937517508864,
    "fAz":1.75360576875,
    "obs":[],
    "azHMD":0,
    "prevHdg":1.1699073314667,
    "prevAz":1.7303321361542,
    "fEl":0.076965765278186,
    "prevPitch":0.23040281236172,
    "elHMD":0,
    "elHUD":0.12049366511255
  },
  "16782848":{
    "unNormAz":1.0161691337055,
    "beenThreat":0,
    "azHUD":1.0354177106327,
    "phyRange":0,
    "prevEl":-0.30034154653549,
    "fAz":1.0161691337055,
    "obs":[],
    "azHMD":0,
    "prevHdg":1.1699073314667,
    "prevAz":1.025461435318,
    "fEl":-0.069816681317522,
    "prevPitch":0.23040281236172,
    "elHMD":0,
    "elHUD":-0.11867999625973
  }
}', and now has the content: '{
  "16777728":{
    "unNormAz":-0.20274134680258,
    "beenThreat":1,
    "azHUD":-0.20111148368012,
    "phyRange":0,
    "prevEl":-0.20978778600693,
    "fAz":6.080443960377,
    "obs":[],
    "azHMD":0,
    "prevHdg":1.1439715623856,
    "prevAz":6.007071018219,
    "fEl":-0.056055364127872,
    "prevPitch":0.22418215870857,
    "elHMD":0,
    "elHUD":-0.26299600569444
  },
  "16783104":{
    "unNormAz":1.75360576875,
    "beenThreat":0,
    "azHUD":1.748266808998,
    "phyRange":0,
    "prevEl":-0.010937517508864,
    "fAz":1.75360576875,
    "obs":[],
    "azHMD":0,
    "prevHdg":1.1699073314667,
    "prevAz":1.7303321361542,
    "fEl":0.076965765278186,
    "prevPitch":0.23040281236172,
    "elHMD":0,
    "elHUD":0.12049366511255
  },
  "16782848":{
    "unNormAz":1.0161691337055,
    "beenThreat":0,
    "azHUD":1.0354177106327,
    "phyRange":0,
    "prevEl":-0.30034154653549,
    "fAz":1.0161691337055,
    "obs":[],
    "azHMD":0,
    "prevHdg":1.1699073314667,
    "prevAz":1.025461435318,
    "fEl":-0.069816681317522,
    "prevPitch":0.23040281236172,
    "elHMD":0,
    "elHUD":-0.11867999625973
  }
}'.
2026-01-08 14:50:22 EDIT    Line: '1' Which had the content: '{
  "16777728":{
    "unNormAz":-0.20274134680258,
    "beenThreat":1,
    "azHUD":-0.20079298785577,
    "phyRange":0,
    "prevEl":-0.20978778600693,
    "fAz":6.080443960377,
    "obs":[],
    "azHMD":0,
    "prevHdg":1.1439715623856,
    "prevAz":6.007071018219,
    "fEl":-0.056055364127872,
    "prevPitch":0.22418215870857,
    "elHMD":0,
    "elHUD":-0.26368843685855
  },
  "16783104":{
    "unNormAz":1.75360576875,
    "beenThreat":0,
    "azHUD":1.7474079658039,
    "phyRange":0,
    "prevEl":-0.010937517508864,
    "fAz":1.75360576875,
    "obs":[],
    "azHMD":0,
    "prevHdg":1.1699073314667,
    "prevAz":1.7303321361542,
    "fEl":0.076965765278186,
    "prevPitch":0.23040281236172,
    "elHMD":0,
    "elHUD":0.12573819261081
  },
  "16782848":{
    "unNormAz":1.0161691337055,
    "beenThreat":0,
    "azHUD":1.0352908127516,
    "phyRange":0,
    "prevEl":-0.30034154653549,
    "fAz":1.0161691337055,
    "obs":[],
    "azHMD":0,
    "prevHdg":1.1699073314667,
    "prevAz":1.025461435318,
    "fEl":-0.069816681317522,
    "prevPitch":0.23040281236172,
    "elHMD":0,
    "elHUD":-0.11560603802902
  }
}', and now has the content: '{
  "16777728":{
    "unNormAz":-0.20274134680258,
    "beenThreat":1,
    "azHUD":-0.20079298785577,
    "phyRange":0,
    "prevEl":-0.20978778600693,
    "fAz":6.080443960377,
    "obs":[],
    "azHMD":0,
    "prevHdg":1.1439715623856,
    "prevAz":6.007071018219,
    "fEl":-0.056055364127872,
    "prevPitch":0.22418215870857,
    "elHMD":0,
    "elHUD":-0.26368843685855
  },
  "16783104":{
    "unNormAz":1.75360576875,
    "beenThreat":0,
    "azHUD":1.7474079658039,
    "phyRange":0,
    "prevEl":-0.010937517508864,
    "fAz":1.75360576875,
    "obs":[],
    "azHMD":0,
    "prevHdg":1.1699073314667,
    "prevAz":1.7303321361542,
    "fEl":0.076965765278186,
    "prevPitch":0.23040281236172,
    "elHMD":0,
    "elHUD":0.12573819261081
  },
  "16782848":{
    "unNormAz":1.0161691337055,
    "beenThreat":0,
    "azHUD":1.0352908127516,
    "phyRange":0,
    "prevEl":-0.30034154653549,
    "fAz":1.0161691337055,
    "obs":[],
    "azHMD":0,
    "prevHdg":1.1699073314667,
    "prevAz":1.025461435318,
    "fEl":-0.069816681317522,
    "prevPitch":0.23040281236172,
    "elHMD":0,
    "elHUD":-0.11560603802902
  }
}'.
2026-01-08 14:50:22 EDIT    Line: '1' Which had the content: '{
  "16777728":{
    "unNormAz":-0.20274134680258,
    "beenThreat":1,
    "azHUD":-0.20051753389312,
    "phyRange":0,
    "prevEl":-0.20978778600693,
    "fAz":6.080443960377,
    "obs":[],
    "azHMD":0,
    "prevHdg":1.1439715623856,
    "prevAz":6.007071018219,
    "fEl":-0.056055364127872,
    "prevPitch":0.22418215870857,
    "elHMD":0,
    "elHUD":-0.26429849094095
  },
  "16783104":{
    "unNormAz":1.75360576875,
    "beenThreat":0,
    "azHUD":1.7465828819259,
    "phyRange":0,
    "prevEl":-0.010937517508864,
    "fAz":1.75360576875,
    "obs":[],
    "azHMD":0,
    "prevHdg":1.1699073314667,
    "prevAz":1.7303321361542,
    "fEl":0.076965765278186,
    "prevPitch":0.23040281236172,
    "elHMD":0,
    "elHUD":0.1305939327615
  },
  "16782848":{
    "unNormAz":1.0161691337055,
    "beenThreat":0,
    "azHUD":1.0351458286828,
    "phyRange":0,
    "prevEl":-0.30034154653549,
    "fAz":1.0161691337055,
    "obs":[],
    "azHMD":0,
    "prevHdg":1.1699073314667,
    "prevAz":1.025461435318,
    "fEl":-0.069816681317522,
    "prevPitch":0.23040281236172,
    "elHMD":0,
    "elHUD":-0.1127477952818
  }
}', and now has the content: '{
  "16777728":{
    "unNormAz":-0.20274134680258,
    "beenThreat":1,
    "azHUD":-0.20051753389312,
    "phyRange":0,
    "prevEl":-0.20978778600693,
    "fAz":6.080443960377,
    "obs":[],
    "azHMD":0,
    "prevHdg":1.1439715623856,
    "prevAz":6.007071018219,
    "fEl":-0.056055364127872,
    "prevPitch":0.22418215870857,
    "elHMD":0,
    "elHUD":-0.26429849094095
  },
  "16783104":{
    "unNormAz":1.75360576875,
    "beenThreat":0,
    "azHUD":1.7465828819259,
    "phyRange":0,
    "prevEl":-0.010937517508864,
    "fAz":1.75360576875,
    "obs":[],
    "azHMD":0,
    "prevHdg":1.1699073314667,
    "prevAz":1.7303321361542,
    "fEl":0.076965765278186,
    "prevPitch":0.23040281236172,
    "elHMD":0,
    "elHUD":0.1305939327615
  },
  "16782848":{
    "unNormAz":1.0161691337055,
    "beenThreat":0,
    "azHUD":1.0351458286828,
    "phyRange":0,
    "prevEl":-0.30034154653549,
    "fAz":1.0161691337055,
    "obs":[],
    "azHMD":0,
    "prevHdg":1.1699073314667,
    "prevAz":1.025461435318,
    "fEl":-0.069816681317522,
    "prevPitch":0.23040281236172,
    "elHMD":0,
    "elHUD":-0.1127477952818
  }
}'.
2026-01-08 14:50:22 EDIT    Line: '1' Which had the content: '{
  "16777728":{
    "unNormAz":-0.20274134680258,
    "beenThreat":1,
    "azHUD":-0.20028205024873,
    "phyRange":0,
    "prevEl":-0.20978778600693,
    "fAz":6.080443960377,
    "obs":[],
    "azHMD":0,
    "prevHdg":1.1439715623856,
    "prevAz":6.007071018219,
    "fEl":-0.056055364127872,
    "prevPitch":0.22418215870857,
    "elHMD":0,
    "elHUD":-0.26483238337398
  },
  "16783104":{
    "unNormAz":1.75360576875,
    "beenThreat":0,
    "azHUD":1.7457905602326,
    "phyRange":0,
    "prevEl":-0.010937517508864,
    "fAz":1.75360576875,
    "obs":[],
    "azHMD":0,
    "prevHdg":1.1699073314667,
    "prevAz":1.7303321361542,
    "fEl":0.076965765278186,
    "prevPitch":0.23040281236172,
    "elHMD":0,
    "elHUD":0.13509442282265
  },
  "16782848":{
    "unNormAz":1.0161691337055,
    "beenThreat":0,
    "azHUD":1.0349852306805,
    "phyRange":0,
    "prevEl":-0.30034154653549,
    "fAz":1.0161691337055,
    "obs":[],
    "azHMD":0,
    "prevHdg":1.1699073314667,
    "prevAz":1.025461435318,
    "fEl":-0.069816681317522,
    "prevPitch":0.23040281236172,
    "elHMD":0,
    "elHUD":-0.11008645084969
  }
}', and now has the content: '{
  "16777728":{
    "unNormAz":-0.20274134680258,
    "beenThreat":1,
    "azHUD":-0.20028205024873,
    "phyRange":0,
    "prevEl":-0.20978778600693,
    "fAz":6.080443960377,
    "obs":[],
    "azHMD":0,
    "prevHdg":1.1439715623856,
    "prevAz":6.007071018219,
    "fEl":-0.056055364127872,
    "prevPitch":0.22418215870857,
    "elHMD":0,
    "elHUD":-0.26483238337398
  },
  "16783104":{
    "unNormAz":1.75360576875,
    "beenThreat":0,
    "azHUD":1.7457905602326,
    "phyRange":0,
    "prevEl":-0.010937517508864,
    "fAz":1.75360576875,
    "obs":[],
    "azHMD":0,
    "prevHdg":1.1699073314667,
    "prevAz":1.7303321361542,
    "fEl":0.076965765278186,
    "prevPitch":0.23040281236172,
    "elHMD":0,
    "elHUD":0.13509442282265
  },
  "16782848":{
    "unNormAz":1.0161691337055,
    "beenThreat":0,
    "azHUD":1.0349852306805,
    "phyRange":0,
    "prevEl":-0.30034154653549,
    "fAz":1.0161691337055,
    "obs":[],
    "azHMD":0,
    "prevHdg":1.1699073314667,
    "prevAz":1.025461435318,
    "fEl":-0.069816681317522,
    "prevPitch":0.23040281236172,
    "elHMD":0,
    "elHUD":-0.11008645084969
  }
}'.
2026-01-08 14:50:22 EDIT    Line: '1' Which had the content: '{
  "16777728":{
    "unNormAz":-0.20274134680258,
    "beenThreat":1,
    "azHUD":-0.20008324973056,
    "phyRange":0,
    "prevEl":-0.20978778600693,
    "fAz":6.080443960377,
    "obs":[],
    "azHMD":0,
    "prevHdg":1.1439715623856,
    "prevAz":6.007071018219,
    "fEl":-0.056055364127872,
    "prevPitch":0.22418215870857,
    "elHMD":0,
    "elHUD":-0.26529606662988
  },
  "16783104":{
    "unNormAz":1.75360576875,
    "beenThreat":0,
    "azHUD":1.7450301438934,
    "phyRange":0,
    "prevEl":-0.010937517508864,
    "fAz":1.75360576875,
    "obs":[],
    "azHMD":0,
    "prevHdg":1.1699073314667,
    "prevAz":1.7303321361542,
    "fEl":0.076965765278186,
    "prevPitch":0.23040281236172,
    "elHMD":0,
    "elHUD":0.13927029569537
  },
  "16782848":{
    "unNormAz":1.0161691337055,
    "beenThreat":0,
    "azHUD":1.0348115048124,
    "phyRange":0,
    "prevEl":-0.30034154653549,
    "fAz":1.0161691337055,
    "obs":[],
    "azHMD":0,
    "prevHdg":1.1699073314667,
    "prevAz":1.025461435318,
    "fEl":-0.069816681317522,
    "prevPitch":0.23040281236172,
    "elHMD":0,
    "elHUD":-0.10760489956829
  }
}', and now has the content: '{
  "16777728":{
    "unNormAz":-0.20274134680258,
    "beenThreat":1,
    "azHUD":-0.20008324973056,
    "phyRange":0,
    "prevEl":-0.20978778600693,
    "fAz":6.080443960377,
    "obs":[],
    "azHMD":0,
    "prevHdg":1.1439715623856,
    "prevAz":6.007071018219,
    "fEl":-0.056055364127872,
    "prevPitch":0.22418215870857,
    "elHMD":0,
    "elHUD":-0.26529606662988
  },
  "16783104":{
    "unNormAz":1.75360576875,
    "beenThreat":0,
    "azHUD":1.7450301438934,
    "phyRange":0,
    "prevEl":-0.010937517508864,
    "fAz":1.75360576875,
    "obs":[],
    "azHMD":0,
    "prevHdg":1.1699073314667,
    "prevAz":1.7303321361542,
    "fEl":0.076965765278186,
    "prevPitch":0.23040281236172,
    "elHMD":0,
    "elHUD":0.13927029569537
  },
  "16782848":{
    "unNormAz":1.0161691337055,
    "beenThreat":0,
    "azHUD":1.0348115048124,
    "phyRange":0,
    "prevEl":-0.30034154653549,
    "fAz":1.0161691337055,
    "obs":[],
    "azHMD":0,
    "prevHdg":1.1699073314667,
    "prevAz":1.025461435318,
    "fEl":-0.069816681317522,
    "prevPitch":0.23040281236172,
    "elHMD":0,
    "elHUD":-0.10760489956829
  }
}'.
2026-01-08 14:50:22 EDIT    Line: '1' Which had the content: '{
  "16777728":{
    "unNormAz":-0.20274134680258,
    "beenThreat":1,
    "azHUD":-0.20008324973056,
    "phyRange":0,
    "prevEl":-0.20978778600693,
    "fAz":6.080443960377,
    "obs":[],
    "azHMD":0,
    "prevHdg":1.1439715623856,
    "prevAz":6.007071018219,
    "fEl":-0.056055364127872,
    "prevPitch":0.22418215870857,
    "elHMD":0,
    "elHUD":-0.26529606662988
  },
  "16783104":{
    "unNormAz":1.75360576875,
    "beenThreat":0,
    "azHUD":1.7450301438934,
    "phyRange":0,
    "prevEl":-0.010937517508864,
    "fAz":1.75360576875,
    "obs":[],
    "azHMD":0,
    "prevHdg":1.1699073314667,
    "prevAz":1.7303321361542,
    "fEl":0.076965765278186,
    "prevPitch":0.23040281236172,
    "elHMD":0,
    "elHUD":0.13927029569537
  },
  "16782848":{
    "unNormAz":1.0161691337055,
    "beenThreat":0,
    "azHUD":1.0348115048124,
    "phyRange":0,
    "prevEl":-0.30034154653549,
    "fAz":1.0161691337055,
    "obs":[],
    "azHMD":0,
    "prevHdg":1.1699073314667,
    "prevAz":1.025461435318,
    "fEl":-0.069816681317522,
    "prevPitch":0.23040281236172,
    "elHMD":0,
    "elHUD":-0.10760489956829
  }
}', and now has the content: '{
  "16777728":{
    "unNormAz":-0.20274134680258,
    "beenThreat":1,
    "azHUD":-0.20008324973056,
    "phyRange":0,
    "prevEl":-0.20978778600693,
    "fAz":6.080443960377,
    "obs":[],
    "azHMD":0,
    "prevHdg":1.1439715623856,
    "prevAz":6.007071018219,
    "fEl":-0.056055364127872,
    "prevPitch":0.22418215870857,
    "elHMD":0,
    "elHUD":-0.26529606662988
  },
  "16783104":{
    "unNormAz":1.75360576875,
    "beenThreat":0,
    "azHUD":1.7450301438934,
    "phyRange":0,
    "prevEl":-0.010937517508864,
    "fAz":1.75360576875,
    "obs":[],
    "azHMD":0,
    "prevHdg":1.1699073314667,
    "prevAz":1.7303321361542,
    "fEl":0.076965765278186,
    "prevPitch":0.23040281236172,
    "elHMD":0,
    "elHUD":0.13927029569537
  },
  "16782848":{
    "unNormAz":1.0161691337055,
    "beenThreat":0,
    "azHUD":1.0348115048124,
    "phyRange":0,
    "prevEl":-0.30034154653549,
    "fAz":1.0161691337055,
    "obs":[],
    "azHMD":0,
    "prevHdg":1.1699073314667,
    "prevAz":1.025461435318,
    "fEl":-0.069816681317522,
    "prevPitch":0.23040281236172,
    "elHMD":0,
    "elHUD":-0.10760489956829
  }
}'.
2026-01-08 14:50:22 EDIT    Line: '1' Which had the content: '{
  "16777728":{
    "unNormAz":-0.20274134680258,
    "beenThreat":1,
    "azHUD":-0.19991839991899,
    "phyRange":0,
    "prevEl":-0.20978778600693,
    "fAz":6.080443960377,
    "obs":[],
    "azHMD":0,
    "prevHdg":1.1439715623856,
    "prevAz":6.007071018219,
    "fEl":-0.056055364127872,
    "prevPitch":0.22418215870857,
    "elHMD":0,
    "elHUD":-0.26569514063021
  },
  "16783104":{
    "unNormAz":1.75360576875,
    "beenThreat":0,
    "azHUD":1.7443002869501,
    "phyRange":0,
    "prevEl":-0.010937517508864,
    "fAz":1.75360576875,
    "obs":[],
    "azHMD":0,
    "prevHdg":1.1699073314667,
    "prevAz":1.7303321361542,
    "fEl":0.076965765278186,
    "prevPitch":0.23040281236172,
    "elHMD":0,
    "elHUD":0.14314927135235
  },
  "16782848":{
    "unNormAz":1.0161691337055,
    "beenThreat":0,
    "azHUD":1.0346264638211,
    "phyRange":0,
    "prevEl":-0.30034154653549,
    "fAz":1.0161691337055,
    "obs":[],
    "azHMD":0,
    "prevHdg":1.1699073314667,
    "prevAz":1.025461435318,
    "fEl":-0.069816681317522,
    "prevPitch":0.23040281236172,
    "elHMD":0,
    "elHUD":-0.10528772689847
  }
}', and now has the content: '{
  "16777728":{
    "unNormAz":-0.20274134680258,
    "beenThreat":1,
    "azHUD":-0.19991839991899,
    "phyRange":0,
    "prevEl":-0.20978778600693,
    "fAz":6.080443960377,
    "obs":[],
    "azHMD":0,
    "prevHdg":1.1439715623856,
    "prevAz":6.007071018219,
    "fEl":-0.056055364127872,
    "prevPitch":0.22418215870857,
    "elHMD":0,
    "elHUD":-0.26569514063021
  },
  "16783104":{
    "unNormAz":1.75360576875,
    "beenThreat":0,
    "azHUD":1.7443002869501,
    "phyRange":0,
    "prevEl":-0.010937517508864,
    "fAz":1.75360576875,
    "obs":[],
    "azHMD":0,
    "prevHdg":1.1699073314667,
    "prevAz":1.7303321361542,
    "fEl":0.076965765278186,
    "prevPitch":0.23040281236172,
    "elHMD":0,
    "elHUD":0.14314927135235
  },
  "16782848":{
    "unNormAz":1.0161691337055,
    "beenThreat":0,
    "azHUD":1.0346264638211,
    "phyRange":0,
    "prevEl":-0.30034154653549,
    "fAz":1.0161691337055,
    "obs":[],
    "azHMD":0,
    "prevHdg":1.1699073314667,
    "prevAz":1.025461435318,
    "fEl":-0.069816681317522,
    "prevPitch":0.23040281236172,
    "elHMD":0,
    "elHUD":-0.10528772689847
  }
}'.
2026-01-08 14:50:22 EDIT    Line: '1' Which had the content: '{
  "16777728":{
    "unNormAz":-0.20274134680258,
    "beenThreat":1,
    "azHUD":-0.19978492937898,
    "phyRange":0,
    "prevEl":-0.20978778600693,
    "fAz":6.080443960377,
    "obs":[],
    "azHMD":0,
    "prevHdg":1.1439715623856,
    "prevAz":6.007071018219,
    "fEl":-0.056055364127872,
    "prevPitch":0.22418215870857,
    "elHMD":0,
    "elHUD":-0.26603482743685
  },
  "16783104":{
    "unNormAz":1.75360576875,
    "beenThreat":0,
    "azHUD":1.7435995518598,
    "phyRange":0,
    "prevEl":-0.010937517508864,
    "fAz":1.75360576875,
    "obs":[],
    "azHMD":0,
    "prevHdg":1.1699073314667,
    "prevAz":1.7303321361542,
    "fEl":0.076965765278186,
    "prevPitch":0.23040281236172,
    "elHMD":0,
    "elHUD":0.14675666188973
  },
  "16782848":{
    "unNormAz":1.0161691337055,
    "beenThreat":0,
    "azHUD":1.0344316666989,
    "phyRange":0,
    "prevEl":-0.30034154653549,
    "fAz":1.0161691337055,
    "obs":[],
    "azHMD":0,
    "prevHdg":1.1699073314667,
    "prevAz":1.025461435318,
    "fEl":-0.069816681317522,
    "prevPitch":0.23040281236172,
    "elHMD":0,
    "elHUD":-0.10312088410204
  }
}', and now has the content: '{
  "16777728":{
    "unNormAz":-0.20274134680258,
    "beenThreat":1,
    "azHUD":-0.19978492937898,
    "phyRange":0,
    "prevEl":-0.20978778600693,
    "fAz":6.080443960377,
    "obs":[],
    "azHMD":0,
    "prevHdg":1.1439715623856,
    "prevAz":6.007071018219,
    "fEl":-0.056055364127872,
    "prevPitch":0.22418215870857,
    "elHMD":0,
    "elHUD":-0.26603482743685
  },
  "16783104":{
    "unNormAz":1.75360576875,
    "beenThreat":0,
    "azHUD":1.7435995518598,
    "phyRange":0,
    "prevEl":-0.010937517508864,
    "fAz":1.75360576875,
    "obs":[],
    "azHMD":0,
    "prevHdg":1.1699073314667,
    "prevAz":1.7303321361542,
    "fEl":0.076965765278186,
    "prevPitch":0.23040281236172,
    "elHMD":0,
    "elHUD":0.14675666188973
  },
  "16782848":{
    "unNormAz":1.0161691337055,
    "beenThreat":0,
    "azHUD":1.0344316666989,
    "phyRange":0,
    "prevEl":-0.30034154653549,
    "fAz":1.0161691337055,
    "obs":[],
    "azHMD":0,
    "prevHdg":1.1699073314667,
    "prevAz":1.025461435318,
    "fEl":-0.069816681317522,
    "prevPitch":0.23040281236172,
    "elHMD":0,
    "elHUD":-0.10312088410204
  }
}'.
2026-01-08 14:50:23 EDIT    Line: '1' Which had the content: '{
  "16777728":{
    "unNormAz":-0.20274134680258,
    "beenThreat":1,
    "azHUD":-0.19968028211648,
    "phyRange":0,
    "prevEl":-0.20978778600693,
    "fAz":6.080443960377,
    "obs":[],
    "azHMD":0,
    "prevHdg":1.1439715623856,
    "prevAz":6.007071018219,
    "fEl":-0.056055364127872,
    "prevPitch":0.22418215870857,
    "elHMD":0,
    "elHUD":-0.26632006879095
  },
  "16783104":{
    "unNormAz":1.75360576875,
    "beenThreat":0,
    "azHUD":1.742926589191,
    "phyRange":0,
    "prevEl":-0.010937517508864,
    "fAz":1.75360576875,
    "obs":[],
    "azHMD":0,
    "prevHdg":1.1699073314667,
    "prevAz":1.7303321361542,
    "fEl":0.076965765278186,
    "prevPitch":0.23040281236172,
    "elHMD":0,
    "elHUD":0.1501155194208
  },
  "16782848":{
    "unNormAz":1.0161691337055,
    "beenThreat":0,
    "azHUD":1.0342285975603,
    "phyRange":0,
    "prevEl":-0.30034154653549,
    "fAz":1.0161691337055,
    "obs":[],
    "azHMD":0,
    "prevHdg":1.1699073314667,
    "prevAz":1.025461435318,
    "fEl":-0.069816681317522,
    "prevPitch":0.23040281236172,
    "elHMD":0,
    "elHUD":-0.10109163412596
  }
}', and now has the content: '{
  "16777728":{
    "unNormAz":-0.20274134680258,
    "beenThreat":1,
    "azHUD":-0.19968028211648,
    "phyRange":0,
    "prevEl":-0.20978778600693,
    "fAz":6.080443960377,
    "obs":[],
    "azHMD":0,
    "prevHdg":1.1439715623856,
    "prevAz":6.007071018219,
    "fEl":-0.056055364127872,
    "prevPitch":0.22418215870857,
    "elHMD":0,
    "elHUD":-0.26632006879095
  },
  "16783104":{
    "unNormAz":1.75360576875,
    "beenThreat":0,
    "azHUD":1.742926589191,
    "phyRange":0,
    "prevEl":-0.010937517508864,
    "fAz":1.75360576875,
    "obs":[],
    "azHMD":0,
    "prevHdg":1.1699073314667,
    "prevAz":1.7303321361542,
    "fEl":0.076965765278186,
    "prevPitch":0.23040281236172,
    "elHMD":0,
    "elHUD":0.1501155194208
  },
  "16782848":{
    "unNormAz":1.0161691337055,
    "beenThreat":0,
    "azHUD":1.0342285975603,
    "phyRange":0,
    "prevEl":-0.30034154653549,
    "fAz":1.0161691337055,
    "obs":[],
    "azHMD":0,
    "prevHdg":1.1699073314667,
    "prevAz":1.025461435318,
    "fEl":-0.069816681317522,
    "prevPitch":0.23040281236172,
    "elHMD":0,
    "elHUD":-0.10109163412596
  }
}'.
2026-01-08 14:50:23 EDIT    Line: '1' Which had the content: '{
  "16777728":{
    "unNormAz":-0.20274134680258,
    "beenThreat":1,
    "azHUD":-0.1996022739877,
    "phyRange":0,
    "prevEl":-0.20978778600693,
    "fAz":6.080443960377,
    "obs":[],
    "azHMD":0,
    "prevHdg":1.1439715623856,
    "prevAz":6.007071018219,
    "fEl":-0.056055364127872,
    "prevPitch":0.22418215870857,
    "elHMD":0,
    "elHUD":-0.26655553477435
  },
  "16783104":{
    "unNormAz":1.75360576875,
    "beenThreat":0,
    "azHUD":1.7422798204288,
    "phyRange":0,
    "prevEl":-0.010937517508864,
    "fAz":1.75360576875,
    "obs":[],
    "azHMD":0,
    "prevHdg":1.1699073314667,
    "prevAz":1.7303321361542,
    "fEl":0.076965765278186,
    "prevPitch":0.23040281236172,
    "elHMD":0,
    "elHUD":0.15324678413896
  },
  "16782848":{
    "unNormAz":1.0161691337055,
    "beenThreat":0,
    "azHUD":1.0340183413876,
    "phyRange":0,
    "prevEl":-0.30034154653549,
    "fAz":1.0161691337055,
    "obs":[],
    "azHMD":0,
    "prevHdg":1.1699073314667,
    "prevAz":1.025461435318,
    "fEl":-0.069816681317522,
    "prevPitch":0.23040281236172,
    "elHMD":0,
    "elHUD":-0.099188464273005
  }
}', and now has the content: '{
  "16777728":{
    "unNormAz":-0.20274134680258,
    "beenThreat":1,
    "azHUD":-0.1996022739877,
    "phyRange":0,
    "prevEl":-0.20978778600693,
    "fAz":6.080443960377,
    "obs":[],
    "azHMD":0,
    "prevHdg":1.1439715623856,
    "prevAz":6.007071018219,
    "fEl":-0.056055364127872,
    "prevPitch":0.22418215870857,
    "elHMD":0,
    "elHUD":-0.26655553477435
  },
  "16783104":{
    "unNormAz":1.75360576875,
    "beenThreat":0,
    "azHUD":1.7422798204288,
    "phyRange":0,
    "prevEl":-0.010937517508864,
    "fAz":1.75360576875,
    "obs":[],
    "azHMD":0,
    "prevHdg":1.1699073314667,
    "prevAz":1.7303321361542,
    "fEl":0.076965765278186,
    "prevPitch":0.23040281236172,
    "elHMD":0,
    "elHUD":0.15324678413896
  },
  "16782848":{
    "unNormAz":1.0161691337055,
    "beenThreat":0,
    "azHUD":1.0340183413876,
    "phyRange":0,
    "prevEl":-0.30034154653549,
    "fAz":1.0161691337055,
    "obs":[],
    "azHMD":0,
    "prevHdg":1.1699073314667,
    "prevAz":1.025461435318,
    "fEl":-0.069816681317522,
    "prevPitch":0.23040281236172,
    "elHMD":0,
    "elHUD":-0.099188464273005
  }
}'.
2026-01-08 14:50:23 EDIT    Line: '1' Which had the content: '{
  "16777728":{
    "unNormAz":-0.20274134680258,
    "beenThreat":1,
    "azHUD":-0.199548741801,
    "phyRange":0,
    "prevEl":-0.20978778600693,
    "fAz":6.080443960377,
    "obs":[],
    "azHMD":0,
    "prevHdg":1.1439715623856,
    "prevAz":6.007071018219,
    "fEl":-0.056055364127872,
    "prevPitch":0.22418215870857,
    "elHMD":0,
    "elHUD":-0.26674551595708
  },
  "16783104":{
    "unNormAz":1.75360576875,
    "beenThreat":0,
    "azHUD":1.741657817225,
    "phyRange":0,
    "prevEl":-0.010937517508864,
    "fAz":1.75360576875,
    "obs":[],
    "azHMD":0,
    "prevHdg":1.1699073314667,
    "prevAz":1.7303321361542,
    "fEl":0.076965765278186,
    "prevPitch":0.23040281236172,
    "elHMD":0,
    "elHUD":0.15616954735316
  },
  "16782848":{
    "unNormAz":1.0161691337055,
    "beenThreat":0,
    "azHUD":1.0338019602237,
    "phyRange":0,
    "prevEl":-0.30034154653549,
    "fAz":1.0161691337055,
    "obs":[],
    "azHMD":0,
    "prevHdg":1.1699073314667,
    "prevAz":1.025461435318,
    "fEl":-0.069816681317522,
    "prevPitch":0.23040281236172,
    "elHMD":0,
    "elHUD":-0.097400882790813
  }
}', and now has the content: '{
  "16777728":{
    "unNormAz":-0.20274134680258,
    "beenThreat":1,
    "azHUD":-0.199548741801,
    "phyRange":0,
    "prevEl":-0.20978778600693,
    "fAz":6.080443960377,
    "obs":[],
    "azHMD":0,
    "prevHdg":1.1439715623856,
    "prevAz":6.007071018219,
    "fEl":-0.056055364127872,
    "prevPitch":0.22418215870857,
    "elHMD":0,
    "elHUD":-0.26674551595708
  },
  "16783104":{
    "unNormAz":1.75360576875,
    "beenThreat":0,
    "azHUD":1.741657817225,
    "phyRange":0,
    "prevEl":-0.010937517508864,
    "fAz":1.75360576875,
    "obs":[],
    "azHMD":0,
    "prevHdg":1.1699073314667,
    "prevAz":1.7303321361542,
    "fEl":0.076965765278186,
    "prevPitch":0.23040281236172,
    "elHMD":0,
    "elHUD":0.15616954735316
  },
  "16782848":{
    "unNormAz":1.0161691337055,
    "beenThreat":0,
    "azHUD":1.0338019602237,
    "phyRange":0,
    "prevEl":-0.30034154653549,
    "fAz":1.0161691337055,
    "obs":[],
    "azHMD":0,
    "prevHdg":1.1699073314667,
    "prevAz":1.025461435318,
    "fEl":-0.069816681317522,
    "prevPitch":0.23040281236172,
    "elHMD":0,
    "elHUD":-0.097400882790813
  }
}'.
2026-01-08 14:50:23 EDIT    Line: '1' Which had the content: '{
  "16777728":{
    "unNormAz":-0.20274134680258,
    "beenThreat":1,
    "azHUD":-0.19951772633426,
    "phyRange":0,
    "prevEl":-0.20978778600693,
    "fAz":6.080443960377,
    "obs":[],
    "azHMD":0,
    "prevHdg":1.1439715623856,
    "prevAz":6.007071018219,
    "fEl":-0.056055364127872,
    "prevPitch":0.22418215870857,
    "elHMD":0,
    "elHUD":-0.2668941243315
  },
  "16783104":{
    "unNormAz":1.75360576875,
    "beenThreat":0,
    "azHUD":1.7410590993126,
    "phyRange":0,
    "prevEl":-0.010937517508864,
    "fAz":1.75360576875,
    "obs":[],
    "azHMD":0,
    "prevHdg":1.1699073314667,
    "prevAz":1.7303321361542,
    "fEl":0.076965765278186,
    "prevPitch":0.23040281236172,
    "elHMD":0,
    "elHUD":0.15890117782957
  },
  "16782848":{
    "unNormAz":1.0161691337055,
    "beenThreat":0,
    "azHUD":1.0335803142346,
    "phyRange":0,
    "prevEl":-0.30034154653549,
    "fAz":1.0161691337055,
    "obs":[],
    "azHMD":0,
    "prevHdg":1.1699073314667,
    "prevAz":1.025461435318,
    "fEl":-0.069816681317522,
    "prevPitch":0.23040281236172,
    "elHMD":0,
    "elHUD":-0.095719414422662
  }
}', and now has the content: '{
  "16777728":{
    "unNormAz":-0.20274134680258,
    "beenThreat":1,
    "azHUD":-0.19951772633426,
    "phyRange":0,
    "prevEl":-0.20978778600693,
    "fAz":6.080443960377,
    "obs":[],
    "azHMD":0,
    "prevHdg":1.1439715623856,
    "prevAz":6.007071018219,
    "fEl":-0.056055364127872,
    "prevPitch":0.22418215870857,
    "elHMD":0,
    "elHUD":-0.2668941243315
  },
  "16783104":{
    "unNormAz":1.75360576875,
    "beenThreat":0,
    "azHUD":1.7410590993126,
    "phyRange":0,
    "prevEl":-0.010937517508864,
    "fAz":1.75360576875,
    "obs":[],
    "azHMD":0,
    "prevHdg":1.1699073314667,
    "prevAz":1.7303321361542,
    "fEl":0.076965765278186,
    "prevPitch":0.23040281236172,
    "elHMD":0,
    "elHUD":0.15890117782957
  },
  "16782848":{
    "unNormAz":1.0161691337055,
    "beenThreat":0,
    "azHUD":1.0335803142346,
    "phyRange":0,
    "prevEl":-0.30034154653549,
    "fAz":1.0161691337055,
    "obs":[],
    "azHMD":0,
    "prevHdg":1.1699073314667,
    "prevAz":1.025461435318,
    "fEl":-0.069816681317522,
    "prevPitch":0.23040281236172,
    "elHMD":0,
    "elHUD":-0.095719414422662
  }
}'.
2026-01-08 14:50:23 EDIT    Line: '1' Which had the content: '{
  "16777728":{
    "unNormAz":-0.20274134680258,
    "beenThreat":1,
    "azHUD":-0.19951772633426,
    "phyRange":0,
    "prevEl":-0.20978778600693,
    "fAz":6.080443960377,
    "obs":[],
    "azHMD":0,
    "prevHdg":1.1439715623856,
    "prevAz":6.007071018219,
    "fEl":-0.056055364127872,
    "prevPitch":0.22418215870857,
    "elHMD":0,
    "elHUD":-0.2668941243315
  },
  "16783104":{
    "unNormAz":1.75360576875,
    "beenThreat":0,
    "azHUD":1.7410590993126,
    "phyRange":0,
    "prevEl":-0.010937517508864,
    "fAz":1.75360576875,
    "obs":[],
    "azHMD":0,
    "prevHdg":1.1699073314667,
    "prevAz":1.7303321361542,
    "fEl":0.076965765278186,
    "prevPitch":0.23040281236172,
    "elHMD":0,
    "elHUD":0.15890117782957
  },
  "16782848":{
    "unNormAz":1.0161691337055,
    "beenThreat":0,
    "azHUD":1.0335803142346,
    "phyRange":0,
    "prevEl":-0.30034154653549,
    "fAz":1.0161691337055,
    "obs":[],
    "azHMD":0,
    "prevHdg":1.1699073314667,
    "prevAz":1.025461435318,
    "fEl":-0.069816681317522,
    "prevPitch":0.23040281236172,
    "elHMD":0,
    "elHUD":-0.095719414422662
  }
}', and now has the content: '{
  "16777728":{
    "unNormAz":-0.20274134680258,
    "beenThreat":1,
    "azHUD":-0.19951772633426,
    "phyRange":0,
    "prevEl":-0.20978778600693,
    "fAz":6.080443960377,
    "obs":[],
    "azHMD":0,
    "prevHdg":1.1439715623856,
    "prevAz":6.007071018219,
    "fEl":-0.056055364127872,
    "prevPitch":0.22418215870857,
    "elHMD":0,
    "elHUD":-0.2668941243315
  },
  "16783104":{
    "unNormAz":1.75360576875,
    "beenThreat":0,
    "azHUD":1.7410590993126,
    "phyRange":0,
    "prevEl":-0.010937517508864,
    "fAz":1.75360576875,
    "obs":[],
    "azHMD":0,
    "prevHdg":1.1699073314667,
    "prevAz":1.7303321361542,
    "fEl":0.076965765278186,
    "prevPitch":0.23040281236172,
    "elHMD":0,
    "elHUD":0.15890117782957
  },
  "16782848":{
    "unNormAz":1.0161691337055,
    "beenThreat":0,
    "azHUD":1.0335803142346,
    "phyRange":0,
    "prevEl":-0.30034154653549,
    "fAz":1.0161691337055,
    "obs":[],
    "azHMD":0,
    "prevHdg":1.1699073314667,
    "prevAz":1.025461435318,
    "fEl":-0.069816681317522,
    "prevPitch":0.23040281236172,
    "elHMD":0,
    "elHUD":-0.095719414422662
  }
}'.
2026-01-08 14:50:23 EDIT    Line: '1' Which had the content: '{
  "16777728":{
    "unNormAz":-0.20274134680258,
    "beenThreat":1,
    "azHUD":-0.19950749113459,
    "phyRange":0,
    "prevEl":-0.20978778600693,
    "fAz":6.080443960377,
    "obs":[],
    "azHMD":0,
    "prevHdg":1.1439715623856,
    "prevAz":6.007071018219,
    "fEl":-0.056055364127872,
    "prevPitch":0.22418215870857,
    "elHMD":0,
    "elHUD":-0.26700513002335
  },
  "16783104":{
    "unNormAz":1.75360576875,
    "beenThreat":0,
    "azHUD":1.7404821318666,
    "phyRange":0,
    "prevEl":-0.010937517508864,
    "fAz":1.75360576875,
    "obs":[],
    "azHMD":0,
    "prevHdg":1.1699073314667,
    "prevAz":1.7303321361542,
    "fEl":0.076965765278186,
    "prevPitch":0.23040281236172,
    "elHMD":0,
    "elHUD":0.16145760841241
  },
  "16782848":{
    "unNormAz":1.0161691337055,
    "beenThreat":0,
    "azHUD":1.0333540590312,
    "phyRange":0,
    "prevEl":-0.30034154653549,
    "fAz":1.0161691337055,
    "obs":[],
    "azHMD":0,
    "prevHdg":1.1699073314667,
    "prevAz":1.025461435318,
    "fEl":-0.069816681317522,
    "prevPitch":0.23040281236172,
    "elHMD":0,
    "elHUD":-0.094135360861882
  }
}', and now has the content: '{
  "16777728":{
    "unNormAz":-0.20274134680258,
    "beenThreat":1,
    "azHUD":-0.19950749113459,
    "phyRange":0,
    "prevEl":-0.20978778600693,
    "fAz":6.080443960377,
    "obs":[],
    "azHMD":0,
    "prevHdg":1.1439715623856,
    "prevAz":6.007071018219,
    "fEl":-0.056055364127872,
    "prevPitch":0.22418215870857,
    "elHMD":0,
    "elHUD":-0.26700513002335
  },
  "16783104":{
    "unNormAz":1.75360576875,
    "beenThreat":0,
    "azHUD":1.7404821318666,
    "phyRange":0,
    "prevEl":-0.010937517508864,
    "fAz":1.75360576875,
    "obs":[],
    "azHMD":0,
    "prevHdg":1.1699073314667,
    "prevAz":1.7303321361542,
    "fEl":0.076965765278186,
    "prevPitch":0.23040281236172,
    "elHMD":0,
    "elHUD":0.16145760841241
  },
  "16782848":{
    "unNormAz":1.0161691337055,
    "beenThreat":0,
    "azHUD":1.0333540590312,
    "phyRange":0,
    "prevEl":-0.30034154653549,
    "fAz":1.0161691337055,
    "obs":[],
    "azHMD":0,
    "prevHdg":1.1699073314667,
    "prevAz":1.025461435318,
    "fEl":-0.069816681317522,
    "prevPitch":0.23040281236172,
    "elHMD":0,
    "elHUD":-0.094135360861882
  }
}'.
2026-01-08 14:50:23 EDIT    Line: '1' Which had the content: '{
  "16777728":{
    "unNormAz":-0.20274134680258,
    "beenThreat":1,
    "azHUD":-0.19951640195766,
    "phyRange":0,
    "prevEl":-0.20978778600693,
    "fAz":6.080443960377,
    "obs":[],
    "azHMD":0,
    "prevHdg":1.1439715623856,
    "prevAz":6.007071018219,
    "fEl":-0.056055364127872,
    "prevPitch":0.22418215870857,
    "elHMD":0,
    "elHUD":-0.26708208307875
  },
  "16783104":{
    "unNormAz":1.75360576875,
    "beenThreat":0,
    "azHUD":1.7399255007716,
    "phyRange":0,
    "prevEl":-0.010937517508864,
    "fAz":1.75360576875,
    "obs":[],
    "azHMD":0,
    "prevHdg":1.1699073314667,
    "prevAz":1.7303321361542,
    "fEl":0.076965765278186,
    "prevPitch":0.23040281236172,
    "elHMD":0,
    "elHUD":0.16385313423159
  },
  "16782848":{
    "unNormAz":1.0161691337055,
    "beenThreat":0,
    "azHUD":1.033123796497,
    "phyRange":0,
    "prevEl":-0.30034154653549,
    "fAz":1.0161691337055,
    "obs":[],
    "azHMD":0,
    "prevHdg":1.1699073314667,
    "prevAz":1.025461435318,
    "fEl":-0.069816681317522,
    "prevPitch":0.23040281236172,
    "elHMD":0,
    "elHUD":-0.092640975191936
  }
}', and now has the content: '{
  "16777728":{
    "unNormAz":-0.20274134680258,
    "beenThreat":1,
    "azHUD":-0.19951640195766,
    "phyRange":0,
    "prevEl":-0.20978778600693,
    "fAz":6.080443960377,
    "obs":[],
    "azHMD":0,
    "prevHdg":1.1439715623856,
    "prevAz":6.007071018219,
    "fEl":-0.056055364127872,
    "prevPitch":0.22418215870857,
    "elHMD":0,
    "elHUD":-0.26708208307875
  },
  "16783104":{
    "unNormAz":1.75360576875,
    "beenThreat":0,
    "azHUD":1.7399255007716,
    "phyRange":0,
    "prevEl":-0.010937517508864,
    "fAz":1.75360576875,
    "obs":[],
    "azHMD":0,
    "prevHdg":1.1699073314667,
    "prevAz":1.7303321361542,
    "fEl":0.076965765278186,
    "prevPitch":0.23040281236172,
    "elHMD":0,
    "elHUD":0.16385313423159
  },
  "16782848":{
    "unNormAz":1.0161691337055,
    "beenThreat":0,
    "azHUD":1.033123796497,
    "phyRange":0,
    "prevEl":-0.30034154653549,
    "fAz":1.0161691337055,
    "obs":[],
    "azHMD":0,
    "prevHdg":1.1699073314667,
    "prevAz":1.025461435318,
    "fEl":-0.069816681317522,
    "prevPitch":0.23040281236172,
    "elHMD":0,
    "elHUD":-0.092640975191936
  }
}'.
2026-01-08 14:50:23 EDIT    Line: '1' Which had the content: '{
  "16777728":{
    "unNormAz":-0.20274134680258,
    "beenThreat":1,
    "azHUD":-0.19954288135679,
    "phyRange":0,
    "prevEl":-0.20978778600693,
    "fAz":6.080443960377,
    "obs":[],
    "azHMD":0,
    "prevHdg":1.1439715623856,
    "prevAz":6.007071018219,
    "fEl":-0.056055364127872,
    "prevPitch":0.22418215870857,
    "elHMD":0,
    "elHUD":-0.26712823466202
  },
  "16783104":{
    "unNormAz":1.75360576875,
    "beenThreat":0,
    "azHUD":1.7393878730905,
    "phyRange":0,
    "prevEl":-0.010937517508864,
    "fAz":1.75360576875,
    "obs":[],
    "azHMD":0,
    "prevHdg":1.1699073314667,
    "prevAz":1.7303321361542,
    "fEl":0.076965765278186,
    "prevPitch":0.23040281236172,
    "elHMD":0,
    "elHUD":0.16610101762698
  },
  "16782848":{
    "unNormAz":1.0161691337055,
    "beenThreat":0,
    "azHUD":1.0328900928427,
    "phyRange":0,
    "prevEl":-0.30034154653549,
    "fAz":1.0161691337055,
    "obs":[],
    "azHMD":0,
    "prevHdg":1.1699073314667,
    "prevAz":1.025461435318,
    "fEl":-0.069816681317522,
    "prevPitch":0.23040281236172,
    "elHMD":0,
    "elHUD":-0.091229050261443
  }
}', and now has the content: '{
  "16777728":{
    "unNormAz":-0.20274134680258,
    "beenThreat":1,
    "azHUD":-0.19954288135679,
    "phyRange":0,
    "prevEl":-0.20978778600693,
    "fAz":6.080443960377,
    "obs":[],
    "azHMD":0,
    "prevHdg":1.1439715623856,
    "prevAz":6.007071018219,
    "fEl":-0.056055364127872,
    "prevPitch":0.22418215870857,
    "elHMD":0,
    "elHUD":-0.26712823466202
  },
  "16783104":{
    "unNormAz":1.75360576875,
    "beenThreat":0,
    "azHUD":1.7393878730905,
    "phyRange":0,
    "prevEl":-0.010937517508864,
    "fAz":1.75360576875,
    "obs":[],
    "azHMD":0,
    "prevHdg":1.1699073314667,
    "prevAz":1.7303321361542,
    "fEl":0.076965765278186,
    "prevPitch":0.23040281236172,
    "elHMD":0,
    "elHUD":0.16610101762698
  },
  "16782848":{
    "unNormAz":1.0161691337055,
    "beenThreat":0,
    "azHUD":1.0328900928427,
    "phyRange":0,
    "prevEl":-0.30034154653549,
    "fAz":1.0161691337055,
    "obs":[],
    "azHMD":0,
    "prevHdg":1.1699073314667,
    "prevAz":1.025461435318,
    "fEl":-0.069816681317522,
    "prevPitch":0.23040281236172,
    "elHMD":0,
    "elHUD":-0.091229050261443
  }
}'.
2026-01-08 14:50:23 EDIT    Line: '1' Which had the content: '{
  "16777728":{
    "unNormAz":-0.20274134680258,
    "beenThreat":1,
    "azHUD":-0.19958551258852,
    "phyRange":0,
    "prevEl":-0.20978778600693,
    "fAz":6.080443960377,
    "obs":[],
    "azHMD":0,
    "prevHdg":1.1439715623856,
    "prevAz":6.007071018219,
    "fEl":-0.056055364127872,
    "prevPitch":0.22418215870857,
    "elHMD":0,
    "elHUD":-0.26714672633192
  },
  "16783104":{
    "unNormAz":1.75360576875,
    "beenThreat":0,
    "azHUD":1.7388679302976,
    "phyRange":0,
    "prevEl":-0.010937517508864,
    "fAz":1.75360576875,
    "obs":[],
    "azHMD":0,
    "prevHdg":1.1699073314667,
    "prevAz":1.7303321361542,
    "fEl":0.076965765278186,
    "prevPitch":0.23040281236172,
    "elHMD":0,
    "elHUD":0.16821324580986
  },
  "16782848":{
    "unNormAz":1.0161691337055,
    "beenThreat":0,
    "azHUD":1.0326533953088,
    "phyRange":0,
    "prevEl":-0.30034154653549,
    "fAz":1.0161691337055,
    "obs":[],
    "azHMD":0,
    "prevHdg":1.1699073314667,
    "prevAz":1.025461435318,
    "fEl":-0.069816681317522,
    "prevPitch":0.23040281236172,
    "elHMD":0,
    "elHUD":-0.089893142923533
  }
}', and now has the content: '{
  "16777728":{
    "unNormAz":-0.20274134680258,
    "beenThreat":1,
    "azHUD":-0.19958551258852,
    "phyRange":0,
    "prevEl":-0.20978778600693,
    "fAz":6.080443960377,
    "obs":[],
    "azHMD":0,
    "prevHdg":1.1439715623856,
    "prevAz":6.007071018219,
    "fEl":-0.056055364127872,
    "prevPitch":0.22418215870857,
    "elHMD":0,
    "elHUD":-0.26714672633192
  },
  "16783104":{
    "unNormAz":1.75360576875,
    "beenThreat":0,
    "azHUD":1.7388679302976,
    "phyRange":0,
    "prevEl":-0.010937517508864,
    "fAz":1.75360576875,
    "obs":[],
    "azHMD":0,
    "prevHdg":1.1699073314667,
    "prevAz":1.7303321361542,
    "fEl":0.076965765278186,
    "prevPitch":0.23040281236172,
    "elHMD":0,
    "elHUD":0.16821324580986
  },
  "16782848":{
    "unNormAz":1.0161691337055,
    "beenThreat":0,
    "azHUD":1.0326533953088,
    "phyRange":0,
    "prevEl":-0.30034154653549,
    "fAz":1.0161691337055,
    "obs":[],
    "azHMD":0,
    "prevHdg":1.1699073314667,
    "prevAz":1.025461435318,
    "fEl":-0.069816681317522,
    "prevPitch":0.23040281236172,
    "elHMD":0,
    "elHUD":-0.089893142923533
  }
}'.
2026-01-08 14:50:23 EDIT    Line: '1' Which had the content: '{
  "16777728":{
    "unNormAz":-0.20274134680258,
    "beenThreat":1,
    "azHUD":-0.19964309492227,
    "phyRange":0,
    "prevEl":-0.20978778600693,
    "fAz":6.080443960377,
    "obs":[],
    "azHMD":0,
    "prevHdg":1.1439715623856,
    "prevAz":6.007071018219,
    "fEl":-0.056055364127872,
    "prevPitch":0.22418215870857,
    "elHMD":0,
    "elHUD":-0.26714030496296
  },
  "16783104":{
    "unNormAz":1.75360576875,
    "beenThreat":0,
    "azHUD":1.7383643473609,
    "phyRange":0,
    "prevEl":-0.010937517508864,
    "fAz":1.75360576875,
    "obs":[],
    "azHMD":0,
    "prevHdg":1.1699073314667,
    "prevAz":1.7303321361542,
    "fEl":0.076965765278186,
    "prevPitch":0.23040281236172,
    "elHMD":0,
    "elHUD":0.17020076243805
  },
  "16782848":{
    "unNormAz":1.0161691337055,
    "beenThreat":0,
    "azHUD":1.0324139957261,
    "phyRange":0,
    "prevEl":-0.30034154653549,
    "fAz":1.0161691337055,
    "obs":[],
    "azHMD":0,
    "prevHdg":1.1699073314667,
    "prevAz":1.025461435318,
    "fEl":-0.069816681317522,
    "prevPitch":0.23040281236172,
    "elHMD":0,
    "elHUD":-0.088627324061691
  }
}', and now has the content: '{
  "16777728":{
    "unNormAz":-0.20274134680258,
    "beenThreat":1,
    "azHUD":-0.19964309492227,
    "phyRange":0,
    "prevEl":-0.20978778600693,
    "fAz":6.080443960377,
    "obs":[],
    "azHMD":0,
    "prevHdg":1.1439715623856,
    "prevAz":6.007071018219,
    "fEl":-0.056055364127872,
    "prevPitch":0.22418215870857,
    "elHMD":0,
    "elHUD":-0.26714030496296
  },
  "16783104":{
    "unNormAz":1.75360576875,
    "beenThreat":0,
    "azHUD":1.7383643473609,
    "phyRange":0,
    "prevEl":-0.010937517508864,
    "fAz":1.75360576875,
    "obs":[],
    "azHMD":0,
    "prevHdg":1.1699073314667,
    "prevAz":1.7303321361542,
    "fEl":0.076965765278186,
    "prevPitch":0.23040281236172,
    "elHMD":0,
    "elHUD":0.17020076243805
  },
  "16782848":{
    "unNormAz":1.0161691337055,
    "beenThreat":0,
    "azHUD":1.0324139957261,
    "phyRange":0,
    "prevEl":-0.30034154653549,
    "fAz":1.0161691337055,
    "obs":[],
    "azHMD":0,
    "prevHdg":1.1699073314667,
    "prevAz":1.025461435318,
    "fEl":-0.069816681317522,
    "prevPitch":0.23040281236172,
    "elHMD":0,
    "elHUD":-0.088627324061691
  }
}'.
2026-01-08 14:50:23 EDIT    Line: '1' Which had the content: '{
  "16777728":{
    "unNormAz":-0.20274134680258,
    "beenThreat":1,
    "azHUD":-0.19964309492227,
    "phyRange":0,
    "prevEl":-0.20978778600693,
    "fAz":6.080443960377,
    "obs":[],
    "azHMD":0,
    "prevHdg":1.1439715623856,
    "prevAz":6.007071018219,
    "fEl":-0.056055364127872,
    "prevPitch":0.22418215870857,
    "elHMD":0,
    "elHUD":-0.26714030496296
  },
  "16783104":{
    "unNormAz":1.75360576875,
    "beenThreat":0,
    "azHUD":1.7383643473609,
    "phyRange":0,
    "prevEl":-0.010937517508864,
    "fAz":1.75360576875,
    "obs":[],
    "azHMD":0,
    "prevHdg":1.1699073314667,
    "prevAz":1.7303321361542,
    "fEl":0.076965765278186,
    "prevPitch":0.23040281236172,
    "elHMD":0,
    "elHUD":0.17020076243805
  },
  "16782848":{
    "unNormAz":1.0161691337055,
    "beenThreat":0,
    "azHUD":1.0324139957261,
    "phyRange":0,
    "prevEl":-0.30034154653549,
    "fAz":1.0161691337055,
    "obs":[],
    "azHMD":0,
    "prevHdg":1.1699073314667,
    "prevAz":1.025461435318,
    "fEl":-0.069816681317522,
    "prevPitch":0.23040281236172,
    "elHMD":0,
    "elHUD":-0.088627324061691
  }
}', and now has the content: '{
  "16777728":{
    "unNormAz":-0.20274134680258,
    "beenThreat":1,
    "azHUD":-0.19964309492227,
    "phyRange":0,
    "prevEl":-0.20978778600693,
    "fAz":6.080443960377,
    "obs":[],
    "azHMD":0,
    "prevHdg":1.1439715623856,
    "prevAz":6.007071018219,
    "fEl":-0.056055364127872,
    "prevPitch":0.22418215870857,
    "elHMD":0,
    "elHUD":-0.26714030496296
  },
  "16783104":{
    "unNormAz":1.75360576875,
    "beenThreat":0,
    "azHUD":1.7383643473609,
    "phyRange":0,
    "prevEl":-0.010937517508864,
    "fAz":1.75360576875,
    "obs":[],
    "azHMD":0,
    "prevHdg":1.1699073314667,
    "prevAz":1.7303321361542,
    "fEl":0.076965765278186,
    "prevPitch":0.23040281236172,
    "elHMD":0,
    "elHUD":0.17020076243805
  },
  "16782848":{
    "unNormAz":1.0161691337055,
    "beenThreat":0,
    "azHUD":1.0324139957261,
    "phyRange":0,
    "prevEl":-0.30034154653549,
    "fAz":1.0161691337055,
    "obs":[],
    "azHMD":0,
    "prevHdg":1.1699073314667,
    "prevAz":1.025461435318,
    "fEl":-0.069816681317522,
    "prevPitch":0.23040281236172,
    "elHMD":0,
    "elHUD":-0.088627324061691
  }
}'.
2026-01-08 14:50:23 EDIT    Line: '1' Which had the content: '{
  "16777728":{
    "unNormAz":-0.20274134680258,
    "beenThreat":1,
    "azHUD":-0.19971430716819,
    "phyRange":0,
    "prevEl":-0.20978778600693,
    "fAz":6.080443960377,
    "obs":[],
    "azHMD":0,
    "prevHdg":1.1439715623856,
    "prevAz":6.007071018219,
    "fEl":-0.056055364127872,
    "prevPitch":0.22418215870857,
    "elHMD":0,
    "elHUD":-0.26711159890869
  },
  "16783104":{
    "unNormAz":1.75360576875,
    "beenThreat":0,
    "azHUD":1.737876043336,
    "phyRange":0,
    "prevEl":-0.010937517508864,
    "fAz":1.75360576875,
    "obs":[],
    "azHMD":0,
    "prevHdg":1.1699073314667,
    "prevAz":1.7303321361542,
    "fEl":0.076965765278186,
    "prevPitch":0.23040281236172,
    "elHMD":0,
    "elHUD":0.17207365723403
  },
  "16782848":{
    "unNormAz":1.0161691337055,
    "beenThreat":0,
    "azHUD":1.0321723360991,
    "phyRange":0,
    "prevEl":-0.30034154653549,
    "fAz":1.0161691337055,
    "obs":[],
    "azHMD":0,
    "prevHdg":1.1699073314667,
    "prevAz":1.025461435318,
    "fEl":-0.069816681317522,
    "prevPitch":0.23040281236172,
    "elHMD":0,
    "elHUD":-0.087426159579779
  }
}', and now has the content: '{
  "16777728":{
    "unNormAz":-0.20274134680258,
    "beenThreat":1,
    "azHUD":-0.19971430716819,
    "phyRange":0,
    "prevEl":-0.20978778600693,
    "fAz":6.080443960377,
    "obs":[],
    "azHMD":0,
    "prevHdg":1.1439715623856,
    "prevAz":6.007071018219,
    "fEl":-0.056055364127872,
    "prevPitch":0.22418215870857,
    "elHMD":0,
    "elHUD":-0.26711159890869
  },
  "16783104":{
    "unNormAz":1.75360576875,
    "beenThreat":0,
    "azHUD":1.737876043336,
    "phyRange":0,
    "prevEl":-0.010937517508864,
    "fAz":1.75360576875,
    "obs":[],
    "azHMD":0,
    "prevHdg":1.1699073314667,
    "prevAz":1.7303321361542,
    "fEl":0.076965765278186,
    "prevPitch":0.23040281236172,
    "elHMD":0,
    "elHUD":0.17207365723403
  },
  "16782848":{
    "unNormAz":1.0161691337055,
    "beenThreat":0,
    "azHUD":1.0321723360991,
    "phyRange":0,
    "prevEl":-0.30034154653549,
    "fAz":1.0161691337055,
    "obs":[],
    "azHMD":0,
    "prevHdg":1.1699073314667,
    "prevAz":1.025461435318,
    "fEl":-0.069816681317522,
    "prevPitch":0.23040281236172,
    "elHMD":0,
    "elHUD":-0.087426159579779
  }
}'.
2026-01-08 14:50:23 EDIT    Line: '1' Which had the content: '{
  "16777728":{
    "unNormAz":-0.20274134680258,
    "beenThreat":1,
    "azHUD":-0.1997981133139,
    "phyRange":0,
    "prevEl":-0.20978778600693,
    "fAz":6.080443960377,
    "obs":[],
    "azHMD":0,
    "prevHdg":1.1439715623856,
    "prevAz":6.007071018219,
    "fEl":-0.056055364127872,
    "prevPitch":0.22418215870857,
    "elHMD":0,
    "elHUD":-0.26706305798197
  },
  "16783104":{
    "unNormAz":1.75360576875,
    "beenThreat":0,
    "azHUD":1.7374018491262,
    "phyRange":0,
    "prevEl":-0.010937517508864,
    "fAz":1.75360576875,
    "obs":[],
    "azHMD":0,
    "prevHdg":1.1699073314667,
    "prevAz":1.7303321361542,
    "fEl":0.076965765278186,
    "prevPitch":0.23040281236172,
    "elHMD":0,
    "elHUD":0.17384096910583
  },
  "16782848":{
    "unNormAz":1.0161691337055,
    "beenThreat":0,
    "azHUD":1.0319286362676,
    "phyRange":0,
    "prevEl":-0.30034154653549,
    "fAz":1.0161691337055,
    "obs":[],
    "azHMD":0,
    "prevHdg":1.1699073314667,
    "prevAz":1.025461435318,
    "fEl":-0.069816681317522,
    "prevPitch":0.23040281236172,
    "elHMD":0,
    "elHUD":-0.086284814455267
  }
}', and now has the content: '{
  "16777728":{
    "unNormAz":-0.20274134680258,
    "beenThreat":1,
    "azHUD":-0.1997981133139,
    "phyRange":0,
    "prevEl":-0.20978778600693,
    "fAz":6.080443960377,
    "obs":[],
    "azHMD":0,
    "prevHdg":1.1439715623856,
    "prevAz":6.007071018219,
    "fEl":-0.056055364127872,
    "prevPitch":0.22418215870857,
    "elHMD":0,
    "elHUD":-0.26706305798197
  },
  "16783104":{
    "unNormAz":1.75360576875,
    "beenThreat":0,
    "azHUD":1.7374018491262,
    "phyRange":0,
    "prevEl":-0.010937517508864,
    "fAz":1.75360576875,
    "obs":[],
    "azHMD":0,
    "prevHdg":1.1699073314667,
    "prevAz":1.7303321361542,
    "fEl":0.076965765278186,
    "prevPitch":0.23040281236172,
    "elHMD":0,
    "elHUD":0.17384096910583
  },
  "16782848":{
    "unNormAz":1.0161691337055,
    "beenThreat":0,
    "azHUD":1.0319286362676,
    "phyRange":0,
    "prevEl":-0.30034154653549,
    "fAz":1.0161691337055,
    "obs":[],
    "azHMD":0,
    "prevHdg":1.1699073314667,
    "prevAz":1.025461435318,
    "fEl":-0.069816681317522,
    "prevPitch":0.23040281236172,
    "elHMD":0,
    "elHUD":-0.086284814455267
  }
}'.
2026-01-08 14:50:23 EDIT    Line: '1' Which had the content: '{
  "16777728":{
    "unNormAz":-0.20274134680258,
    "beenThreat":1,
    "azHUD":-0.19989349399336,
    "phyRange":0,
    "prevEl":-0.20978778600693,
    "fAz":6.080443960377,
    "obs":[],
    "azHMD":0,
    "prevHdg":1.1439715623856,
    "prevAz":6.007071018219,
    "fEl":-0.056055364127872,
    "prevPitch":0.22418215870857,
    "elHMD":0,
    "elHUD":-0.26699685253578
  },
  "16783104":{
    "unNormAz":1.75360576875,
    "beenThreat":0,
    "azHUD":1.7369407038472,
    "phyRange":0,
    "prevEl":-0.010937517508864,
    "fAz":1.75360576875,
    "obs":[],
    "azHMD":0,
    "prevHdg":1.1699073314667,
    "prevAz":1.7303321361542,
    "fEl":0.076965765278186,
    "prevPitch":0.23040281236172,
    "elHMD":0,
    "elHUD":0.17551116508167
  },
  "16782848":{
    "unNormAz":1.0161691337055,
    "beenThreat":0,
    "azHUD":1.0316831358261,
    "phyRange":0,
    "prevEl":-0.30034154653549,
    "fAz":1.0161691337055,
    "obs":[],
    "azHMD":0,
    "prevHdg":1.1699073314667,
    "prevAz":1.025461435318,
    "fEl":-0.069816681317522,
    "prevPitch":0.23040281236172,
    "elHMD":0,
    "elHUD":-0.085198712144792
  }
}', and now has the content: '{
  "16777728":{
    "unNormAz":-0.20274134680258,
    "beenThreat":1,
    "azHUD":-0.19989349399336,
    "phyRange":0,
    "prevEl":-0.20978778600693,
    "fAz":6.080443960377,
    "obs":[],
    "azHMD":0,
    "prevHdg":1.1439715623856,
    "prevAz":6.007071018219,
    "fEl":-0.056055364127872,
    "prevPitch":0.22418215870857,
    "elHMD":0,
    "elHUD":-0.26699685253578
  },
  "16783104":{
    "unNormAz":1.75360576875,
    "beenThreat":0,
    "azHUD":1.7369407038472,
    "phyRange":0,
    "prevEl":-0.010937517508864,
    "fAz":1.75360576875,
    "obs":[],
    "azHMD":0,
    "prevHdg":1.1699073314667,
    "prevAz":1.7303321361542,
    "fEl":0.076965765278186,
    "prevPitch":0.23040281236172,
    "elHMD":0,
    "elHUD":0.17551116508167
  },
  "16782848":{
    "unNormAz":1.0161691337055,
    "beenThreat":0,
    "azHUD":1.0316831358261,
    "phyRange":0,
    "prevEl":-0.30034154653549,
    "fAz":1.0161691337055,
    "obs":[],
    "azHMD":0,
    "prevHdg":1.1699073314667,
    "prevAz":1.025461435318,
    "fEl":-0.069816681317522,
    "prevPitch":0.23040281236172,
    "elHMD":0,
    "elHUD":-0.085198712144792
  }
}'.
2026-01-08 14:50:23 EDIT    Line: '1' Which had the content: '{
  "16777728":{
    "unNormAz":-0.20274134680258,
    "beenThreat":1,
    "azHUD":-0.19999955762755,
    "phyRange":0,
    "prevEl":-0.20978778600693,
    "fAz":6.080443960377,
    "obs":[],
    "azHMD":0,
    "prevHdg":1.1439715623856,
    "prevAz":6.007071018219,
    "fEl":-0.056055364127872,
    "prevPitch":0.22418215870857,
    "elHMD":0,
    "elHUD":-0.2669150801857
  },
  "16783104":{
    "unNormAz":1.75360576875,
    "beenThreat":0,
    "azHUD":1.7364915936923,
    "phyRange":0,
    "prevEl":-0.010937517508864,
    "fAz":1.75360576875,
    "obs":[],
    "azHMD":0,
    "prevHdg":1.1699073314667,
    "prevAz":1.7303321361542,
    "fEl":0.076965765278186,
    "prevPitch":0.23040281236172,
    "elHMD":0,
    "elHUD":0.17709176259961
  },
  "16782848":{
    "unNormAz":1.0161691337055,
    "beenThreat":0,
    "azHUD":1.0314360058674,
    "phyRange":0,
    "prevEl":-0.30034154653549,
    "fAz":1.0161691337055,
    "obs":[],
    "azHMD":0,
    "prevHdg":1.1699073314667,
    "prevAz":1.025461435318,
    "fEl":-0.069816681317522,
    "prevPitch":0.23040281236172,
    "elHMD":0,
    "elHUD":-0.084163850567417
  }
}', and now has the content: '{
  "16777728":{
    "unNormAz":-0.20274134680258,
    "beenThreat":1,
    "azHUD":-0.19999955762755,
    "phyRange":0,
    "prevEl":-0.20978778600693,
    "fAz":6.080443960377,
    "obs":[],
    "azHMD":0,
    "prevHdg":1.1439715623856,
    "prevAz":6.007071018219,
    "fEl":-0.056055364127872,
    "prevPitch":0.22418215870857,
    "elHMD":0,
    "elHUD":-0.2669150801857
  },
  "16783104":{
    "unNormAz":1.75360576875,
    "beenThreat":0,
    "azHUD":1.7364915936923,
    "phyRange":0,
    "prevEl":-0.010937517508864,
    "fAz":1.75360576875,
    "obs":[],
    "azHMD":0,
    "prevHdg":1.1699073314667,
    "prevAz":1.7303321361542,
    "fEl":0.076965765278186,
    "prevPitch":0.23040281236172,
    "elHMD":0,
    "elHUD":0.17709176259961
  },
  "16782848":{
    "unNormAz":1.0161691337055,
    "beenThreat":0,
    "azHUD":1.0314360058674,
    "phyRange":0,
    "prevEl":-0.30034154653549,
    "fAz":1.0161691337055,
    "obs":[],
    "azHMD":0,
    "prevHdg":1.1699073314667,
    "prevAz":1.025461435318,
    "fEl":-0.069816681317522,
    "prevPitch":0.23040281236172,
    "elHMD":0,
    "elHUD":-0.084163850567417
  }
}'.
2026-01-08 14:50:23 EDIT    Line: '1' Which had the content: '{
  "16777728":{
    "unNormAz":-0.20274134680258,
    "beenThreat":1,
    "azHUD":-0.200115417052,
    "phyRange":0,
    "prevEl":-0.20978778600693,
    "fAz":6.080443960377,
    "obs":[],
    "azHMD":0,
    "prevHdg":1.1439715623856,
    "prevAz":6.007071018219,
    "fEl":-0.056055364127872,
    "prevPitch":0.22418215870857,
    "elHMD":0,
    "elHUD":-0.26681950617318
  },
  "16783104":{
    "unNormAz":1.75360576875,
    "beenThreat":0,
    "azHUD":1.7360535986718,
    "phyRange":0,
    "prevEl":-0.010937517508864,
    "fAz":1.75360576875,
    "obs":[],
    "azHMD":0,
    "prevHdg":1.1699073314667,
    "prevAz":1.7303321361542,
    "fEl":0.076965765278186,
    "prevPitch":0.23040281236172,
    "elHMD":0,
    "elHUD":0.17858996625783
  },
  "16782848":{
    "unNormAz":1.0161691337055,
    "beenThreat":0,
    "azHUD":1.0311874429081,
    "phyRange":0,
    "prevEl":-0.30034154653549,
    "fAz":1.0161691337055,
    "obs":[],
    "azHMD":0,
    "prevHdg":1.1699073314667,
    "prevAz":1.025461435318,
    "fEl":-0.069816681317522,
    "prevPitch":0.23040281236172,
    "elHMD":0,
    "elHUD":-0.083176303137828
  }
}', and now has the content: '{
  "16777728":{
    "unNormAz":-0.20274134680258,
    "beenThreat":1,
    "azHUD":-0.200115417052,
    "phyRange":0,
    "prevEl":-0.20978778600693,
    "fAz":6.080443960377,
    "obs":[],
    "azHMD":0,
    "prevHdg":1.1439715623856,
    "prevAz":6.007071018219,
    "fEl":-0.056055364127872,
    "prevPitch":0.22418215870857,
    "elHMD":0,
    "elHUD":-0.26681950617318
  },
  "16783104":{
    "unNormAz":1.75360576875,
    "beenThreat":0,
    "azHUD":1.7360535986718,
    "phyRange":0,
    "prevEl":-0.010937517508864,
    "fAz":1.75360576875,
    "obs":[],
    "azHMD":0,
    "prevHdg":1.1699073314667,
    "prevAz":1.7303321361542,
    "fEl":0.076965765278186,
    "prevPitch":0.23040281236172,
    "elHMD":0,
    "elHUD":0.17858996625783
  },
  "16782848":{
    "unNormAz":1.0161691337055,
    "beenThreat":0,
    "azHUD":1.0311874429081,
    "phyRange":0,
    "prevEl":-0.30034154653549,
    "fAz":1.0161691337055,
    "obs":[],
    "azHMD":0,
    "prevHdg":1.1699073314667,
    "prevAz":1.025461435318,
    "fEl":-0.069816681317522,
    "prevPitch":0.23040281236172,
    "elHMD":0,
    "elHUD":-0.083176303137828
  }
}'.
2026-01-08 14:50:23 EDIT    Line: '1' Which had the content: '{
  "16777728":{
    "unNormAz":-0.20274134680258,
    "beenThreat":1,
    "azHUD":-0.20024016323469,
    "phyRange":0,
    "prevEl":-0.20978778600693,
    "fAz":6.080443960377,
    "obs":[],
    "azHMD":0,
    "prevHdg":1.1439715623856,
    "prevAz":6.007071018219,
    "fEl":-0.056055364127872,
    "prevPitch":0.22418215870857,
    "elHMD":0,
    "elHUD":-0.26671186892197
  },
  "16783104":{
    "unNormAz":1.75360576875,
    "beenThreat":0,
    "azHUD":1.7356259659558,
    "phyRange":0,
    "prevEl":-0.010937517508864,
    "fAz":1.75360576875,
    "obs":[],
    "azHMD":0,
    "prevHdg":1.1699073314667,
    "prevAz":1.7303321361542,
    "fEl":0.076965765278186,
    "prevPitch":0.23040281236172,
    "elHMD":0,
    "elHUD":0.18001219068685
  },
  "16782848":{
    "unNormAz":1.0161691337055,
    "beenThreat":0,
    "azHUD":1.030937716187,
    "phyRange":0,
    "prevEl":-0.30034154653549,
    "fAz":1.0161691337055,
    "obs":[],
    "azHMD":0,
    "prevHdg":1.1699073314667,
    "prevAz":1.025461435318,
    "fEl":-0.069816681317522,
    "prevPitch":0.23040281236172,
    "elHMD":0,
    "elHUD":-0.082232633804155
  }
}', and now has the content: '{
  "16777728":{
    "unNormAz":-0.20274134680258,
    "beenThreat":1,
    "azHUD":-0.20024016323469,
    "phyRange":0,
    "prevEl":-0.20978778600693,
    "fAz":6.080443960377,
    "obs":[],
    "azHMD":0,
    "prevHdg":1.1439715623856,
    "prevAz":6.007071018219,
    "fEl":-0.056055364127872,
    "prevPitch":0.22418215870857,
    "elHMD":0,
    "elHUD":-0.26671186892197
  },
  "16783104":{
    "unNormAz":1.75360576875,
    "beenThreat":0,
    "azHUD":1.7356259659558,
    "phyRange":0,
    "prevEl":-0.010937517508864,
    "fAz":1.75360576875,
    "obs":[],
    "azHMD":0,
    "prevHdg":1.1699073314667,
    "prevAz":1.7303321361542,
    "fEl":0.076965765278186,
    "prevPitch":0.23040281236172,
    "elHMD":0,
    "elHUD":0.18001219068685
  },
  "16782848":{
    "unNormAz":1.0161691337055,
    "beenThreat":0,
    "azHUD":1.030937716187,
    "phyRange":0,
    "prevEl":-0.30034154653549,
    "fAz":1.0161691337055,
    "obs":[],
    "azHMD":0,
    "prevHdg":1.1699073314667,
    "prevAz":1.025461435318,
    "fEl":-0.069816681317522,
    "prevPitch":0.23040281236172,
    "elHMD":0,
    "elHUD":-0.082232633804155
  }
}'.
2026-01-08 14:50:23 EDIT    Line: '1' Which had the content: '{
  "16777728":{
    "unNormAz":-0.20274134680258,
    "beenThreat":1,
    "azHUD":-0.20024016323469,
    "phyRange":0,
    "prevEl":-0.20978778600693,
    "fAz":6.080443960377,
    "obs":[],
    "azHMD":0,
    "prevHdg":1.1439715623856,
    "prevAz":6.007071018219,
    "fEl":-0.056055364127872,
    "prevPitch":0.22418215870857,
    "elHMD":0,
    "elHUD":-0.26671186892197
  },
  "16783104":{
    "unNormAz":1.75360576875,
    "beenThreat":0,
    "azHUD":1.7356259659558,
    "phyRange":0,
    "prevEl":-0.010937517508864,
    "fAz":1.75360576875,
    "obs":[],
    "azHMD":0,
    "prevHdg":1.1699073314667,
    "prevAz":1.7303321361542,
    "fEl":0.076965765278186,
    "prevPitch":0.23040281236172,
    "elHMD":0,
    "elHUD":0.18001219068685
  },
  "16782848":{
    "unNormAz":1.0161691337055,
    "beenThreat":0,
    "azHUD":1.030937716187,
    "phyRange":0,
    "prevEl":-0.30034154653549,
    "fAz":1.0161691337055,
    "obs":[],
    "azHMD":0,
    "prevHdg":1.1699073314667,
    "prevAz":1.025461435318,
    "fEl":-0.069816681317522,
    "prevPitch":0.23040281236172,
    "elHMD":0,
    "elHUD":-0.082232633804155
  }
}', and now has the content: '{
  "16777728":{
    "unNormAz":-0.20274134680258,
    "beenThreat":1,
    "azHUD":-0.20024016323469,
    "phyRange":0,
    "prevEl":-0.20978778600693,
    "fAz":6.080443960377,
    "obs":[],
    "azHMD":0,
    "prevHdg":1.1439715623856,
    "prevAz":6.007071018219,
    "fEl":-0.056055364127872,
    "prevPitch":0.22418215870857,
    "elHMD":0,
    "elHUD":-0.26671186892197
  },
  "16783104":{
    "unNormAz":1.75360576875,
    "beenThreat":0,
    "azHUD":1.7356259659558,
    "phyRange":0,
    "prevEl":-0.010937517508864,
    "fAz":1.75360576875,
    "obs":[],
    "azHMD":0,
    "prevHdg":1.1699073314667,
    "prevAz":1.7303321361542,
    "fEl":0.076965765278186,
    "prevPitch":0.23040281236172,
    "elHMD":0,
    "elHUD":0.18001219068685
  },
  "16782848":{
    "unNormAz":1.0161691337055,
    "beenThreat":0,
    "azHUD":1.030937716187,
    "phyRange":0,
    "prevEl":-0.30034154653549,
    "fAz":1.0161691337055,
    "obs":[],
    "azHMD":0,
    "prevHdg":1.1699073314667,
    "prevAz":1.025461435318,
    "fEl":-0.069816681317522,
    "prevPitch":0.23040281236172,
    "elHMD":0,
    "elHUD":-0.082232633804155
  }
}'.
2026-01-08 14:50:23 EDIT    Line: '1' Which had the content: '{
  "16777728":{
    "unNormAz":-0.20274134680258,
    "beenThreat":1,
    "azHUD":-0.20037337783595,
    "phyRange":0,
    "prevEl":-0.20978778600693,
    "fAz":6.080443960377,
    "obs":[],
    "azHMD":0,
    "prevHdg":1.1439715623856,
    "prevAz":6.007071018219,
    "fEl":-0.056055364127872,
    "prevPitch":0.22418215870857,
    "elHMD":0,
    "elHUD":-0.26659374387038
  },
  "16783104":{
    "unNormAz":1.75360576875,
    "beenThreat":0,
    "azHUD":1.7352076174753,
    "phyRange":0,
    "prevEl":-0.010937517508864,
    "fAz":1.75360576875,
    "obs":[],
    "azHMD":0,
    "prevHdg":1.1699073314667,
    "prevAz":1.7303321361542,
    "fEl":0.076965765278186,
    "prevPitch":0.23040281236172,
    "elHMD":0,
    "elHUD":0.18136414050083
  },
  "16782848":{
    "unNormAz":1.0161691337055,
    "beenThreat":0,
    "azHUD":1.0306866649529,
    "phyRange":0,
    "prevEl":-0.30034154653549,
    "fAz":1.0161691337055,
    "obs":[],
    "azHMD":0,
    "prevHdg":1.1699073314667,
    "prevAz":1.025461435318,
    "fEl":-0.069816681317522,
    "prevPitch":0.23040281236172,
    "elHMD":0,
    "elHUD":-0.081329796984168
  }
}', and now has the content: '{
  "16777728":{
    "unNormAz":-0.20274134680258,
    "beenThreat":1,
    "azHUD":-0.20037337783595,
    "phyRange":0,
    "prevEl":-0.20978778600693,
    "fAz":6.080443960377,
    "obs":[],
    "azHMD":0,
    "prevHdg":1.1439715623856,
    "prevAz":6.007071018219,
    "fEl":-0.056055364127872,
    "prevPitch":0.22418215870857,
    "elHMD":0,
    "elHUD":-0.26659374387038
  },
  "16783104":{
    "unNormAz":1.75360576875,
    "beenThreat":0,
    "azHUD":1.7352076174753,
    "phyRange":0,
    "prevEl":-0.010937517508864,
    "fAz":1.75360576875,
    "obs":[],
    "azHMD":0,
    "prevHdg":1.1699073314667,
    "prevAz":1.7303321361542,
    "fEl":0.076965765278186,
    "prevPitch":0.23040281236172,
    "elHMD":0,
    "elHUD":0.18136414050083
  },
  "16782848":{
    "unNormAz":1.0161691337055,
    "beenThreat":0,
    "azHUD":1.0306866649529,
    "phyRange":0,
    "prevEl":-0.30034154653549,
    "fAz":1.0161691337055,
    "obs":[],
    "azHMD":0,
    "prevHdg":1.1699073314667,
    "prevAz":1.025461435318,
    "fEl":-0.069816681317522,
    "prevPitch":0.23040281236172,
    "elHMD":0,
    "elHUD":-0.081329796984168
  }
}'.
2026-01-08 14:50:23 EDIT    Line: '1' Which had the content: '{
  "16777728":{
    "unNormAz":-0.20274134680258,
    "beenThreat":1,
    "azHUD":-0.20051411245371,
    "phyRange":0,
    "prevEl":-0.20978778600693,
    "fAz":6.080443960377,
    "obs":[],
    "azHMD":0,
    "prevHdg":1.1439715623856,
    "prevAz":6.007071018219,
    "fEl":-0.056055364127872,
    "prevPitch":0.22418215870857,
    "elHMD":0,
    "elHUD":-0.26646647782226
  },
  "16783104":{
    "unNormAz":1.75360576875,
    "beenThreat":0,
    "azHUD":1.734798049642,
    "phyRange":0,
    "prevEl":-0.010937517508864,
    "fAz":1.75360576875,
    "obs":[],
    "azHMD":0,
    "prevHdg":1.1699073314667,
    "prevAz":1.7303321361542,
    "fEl":0.076965765278186,
    "prevPitch":0.23040281236172,
    "elHMD":0,
    "elHUD":0.18265142521085
  },
  "16782848":{
    "unNormAz":1.0161691337055,
    "beenThreat":0,
    "azHUD":1.0304346704462,
    "phyRange":0,
    "prevEl":-0.30034154653549,
    "fAz":1.0161691337055,
    "obs":[],
    "azHMD":0,
    "prevHdg":1.1699073314667,
    "prevAz":1.025461435318,
    "fEl":-0.069816681317522,
    "prevPitch":0.23040281236172,
    "elHMD":0,
    "elHUD":-0.080464722872784
  }
}', and now has the content: '{
  "16777728":{
    "unNormAz":-0.20274134680258,
    "beenThreat":1,
    "azHUD":-0.20051411245371,
    "phyRange":0,
    "prevEl":-0.20978778600693,
    "fAz":6.080443960377,
    "obs":[],
    "azHMD":0,
    "prevHdg":1.1439715623856,
    "prevAz":6.007071018219,
    "fEl":-0.056055364127872,
    "prevPitch":0.22418215870857,
    "elHMD":0,
    "elHUD":-0.26646647782226
  },
  "16783104":{
    "unNormAz":1.75360576875,
    "beenThreat":0,
    "azHUD":1.734798049642,
    "phyRange":0,
    "prevEl":-0.010937517508864,
    "fAz":1.75360576875,
    "obs":[],
    "azHMD":0,
    "prevHdg":1.1699073314667,
    "prevAz":1.7303321361542,
    "fEl":0.076965765278186,
    "prevPitch":0.23040281236172,
    "elHMD":0,
    "elHUD":0.18265142521085
  },
  "16782848":{
    "unNormAz":1.0161691337055,
    "beenThreat":0,
    "azHUD":1.0304346704462,
    "phyRange":0,
    "prevEl":-0.30034154653549,
    "fAz":1.0161691337055,
    "obs":[],
    "azHMD":0,
    "prevHdg":1.1699073314667,
    "prevAz":1.025461435318,
    "fEl":-0.069816681317522,
    "prevPitch":0.23040281236172,
    "elHMD":0,
    "elHUD":-0.080464722872784
  }
}'.
2026-01-08 14:50:23 EDIT    Line: '1' Which had the content: '{
  "16777728":{
    "unNormAz":-0.20274134680258,
    "beenThreat":1,
    "azHUD":-0.2006618785608,
    "phyRange":0,
    "prevEl":-0.20978778600693,
    "fAz":6.080443960377,
    "obs":[],
    "azHMD":0,
    "prevHdg":1.1439715623856,
    "prevAz":6.007071018219,
    "fEl":-0.056055364127872,
    "prevPitch":0.22418215870857,
    "elHMD":0,
    "elHUD":-0.26633136940145
  },
  "16783104":{
    "unNormAz":1.75360576875,
    "beenThreat":0,
    "azHUD":1.7343964478281,
    "phyRange":0,
    "prevEl":-0.010937517508864,
    "fAz":1.75360576875,
    "obs":[],
    "azHMD":0,
    "prevHdg":1.1699073314667,
    "prevAz":1.7303321361542,
    "fEl":0.076965765278186,
    "prevPitch":0.23040281236172,
    "elHMD":0,
    "elHUD":0.18387894706536
  },
  "16782848":{
    "unNormAz":1.0161691337055,
    "beenThreat":0,
    "azHUD":1.0301817100981,
    "phyRange":0,
    "prevEl":-0.30034154653549,
    "fAz":1.0161691337055,
    "obs":[],
    "azHMD":0,
    "prevHdg":1.1699073314667,
    "prevAz":1.025461435318,
    "fEl":-0.069816681317522,
    "prevPitch":0.23040281236172,
    "elHMD":0,
    "elHUD":-0.079634772687942
  }
}', and now has the content: '{
  "16777728":{
    "unNormAz":-0.20274134680258,
    "beenThreat":1,
    "azHUD":-0.2006618785608,
    "phyRange":0,
    "prevEl":-0.20978778600693,
    "fAz":6.080443960377,
    "obs":[],
    "azHMD":0,
    "prevHdg":1.1439715623856,
    "prevAz":6.007071018219,
    "fEl":-0.056055364127872,
    "prevPitch":0.22418215870857,
    "elHMD":0,
    "elHUD":-0.26633136940145
  },
  "16783104":{
    "unNormAz":1.75360576875,
    "beenThreat":0,
    "azHUD":1.7343964478281,
    "phyRange":0,
    "prevEl":-0.010937517508864,
    "fAz":1.75360576875,
    "obs":[],
    "azHMD":0,
    "prevHdg":1.1699073314667,
    "prevAz":1.7303321361542,
    "fEl":0.076965765278186,
    "prevPitch":0.23040281236172,
    "elHMD":0,
    "elHUD":0.18387894706536
  },
  "16782848":{
    "unNormAz":1.0161691337055,
    "beenThreat":0,
    "azHUD":1.0301817100981,
    "phyRange":0,
    "prevEl":-0.30034154653549,
    "fAz":1.0161691337055,
    "obs":[],
    "azHMD":0,
    "prevHdg":1.1699073314667,
    "prevAz":1.025461435318,
    "fEl":-0.069816681317522,
    "prevPitch":0.23040281236172,
    "elHMD":0,
    "elHUD":-0.079634772687942
  }
}'.
2026-01-08 14:50:23 EDIT    Line: '1' Which had the content: '{
  "16777728":{
    "unNormAz":-0.20274134680258,
    "beenThreat":1,
    "azHUD":-0.20081604131444,
    "phyRange":0,
    "prevEl":-0.20978778600693,
    "fAz":6.080443960377,
    "obs":[],
    "azHMD":0,
    "prevHdg":1.1439715623856,
    "prevAz":6.007071018219,
    "fEl":-0.056055364127872,
    "prevPitch":0.22418215870857,
    "elHMD":0,
    "elHUD":-0.26618953586809
  },
  "16783104":{
    "unNormAz":1.75360576875,
    "beenThreat":0,
    "azHUD":1.7340022500081,
    "phyRange":0,
    "prevEl":-0.010937517508864,
    "fAz":1.75360576875,
    "obs":[],
    "azHMD":0,
    "prevHdg":1.1699073314667,
    "prevAz":1.7303321361542,
    "fEl":0.076965765278186,
    "prevPitch":0.23040281236172,
    "elHMD":0,
    "elHUD":0.18505123705012
  },
  "16782848":{
    "unNormAz":1.0161691337055,
    "beenThreat":0,
    "azHUD":1.02992794705,
    "phyRange":0,
    "prevEl":-0.30034154653549,
    "fAz":1.0161691337055,
    "obs":[],
    "azHMD":0,
    "prevHdg":1.1699073314667,
    "prevAz":1.025461435318,
    "fEl":-0.069816681317522,
    "prevPitch":0.23040281236172,
    "elHMD":0,
    "elHUD":-0.078837476707069
  }
}', and now has the content: '{
  "16777728":{
    "unNormAz":-0.20274134680258,
    "beenThreat":1,
    "azHUD":-0.20081604131444,
    "phyRange":0,
    "prevEl":-0.20978778600693,
    "fAz":6.080443960377,
    "obs":[],
    "azHMD":0,
    "prevHdg":1.1439715623856,
    "prevAz":6.007071018219,
    "fEl":-0.056055364127872,
    "prevPitch":0.22418215870857,
    "elHMD":0,
    "elHUD":-0.26618953586809
  },
  "16783104":{
    "unNormAz":1.75360576875,
    "beenThreat":0,
    "azHUD":1.7340022500081,
    "phyRange":0,
    "prevEl":-0.010937517508864,
    "fAz":1.75360576875,
    "obs":[],
    "azHMD":0,
    "prevHdg":1.1699073314667,
    "prevAz":1.7303321361542,
    "fEl":0.076965765278186,
    "prevPitch":0.23040281236172,
    "elHMD":0,
    "elHUD":0.18505123705012
  },
  "16782848":{
    "unNormAz":1.0161691337055,
    "beenThreat":0,
    "azHUD":1.02992794705,
    "phyRange":0,
    "prevEl":-0.30034154653549,
    "fAz":1.0161691337055,
    "obs":[],
    "azHMD":0,
    "prevHdg":1.1699073314667,
    "prevAz":1.025461435318,
    "fEl":-0.069816681317522,
    "prevPitch":0.23040281236172,
    "elHMD":0,
    "elHUD":-0.078837476707069
  }
}'.
2026-01-08 14:50:23 EDIT    Line: '1' Which had the content: '{
  "16777728":{
    "unNormAz":-0.20274134680258,
    "beenThreat":1,
    "azHUD":-0.20097626291289,
    "phyRange":0,
    "prevEl":-0.20978778600693,
    "fAz":6.080443960377,
    "obs":[],
    "azHMD":0,
    "prevHdg":1.1439715623856,
    "prevAz":6.007071018219,
    "fEl":-0.056055364127872,
    "prevPitch":0.22418215870857,
    "elHMD":0,
    "elHUD":-0.26604201059538
  },
  "16783104":{
    "unNormAz":1.75360576875,
    "beenThreat":0,
    "azHUD":1.7336146596732,
    "phyRange":0,
    "prevEl":-0.010937517508864,
    "fAz":1.75360576875,
    "obs":[],
    "azHMD":0,
    "prevHdg":1.1699073314667,
    "prevAz":1.7303321361542,
    "fEl":0.076965765278186,
    "prevPitch":0.23040281236172,
    "elHMD":0,
    "elHUD":0.18617255996592
  },
  "16782848":{
    "unNormAz":1.0161691337055,
    "beenThreat":0,
    "azHUD":1.0296732693771,
    "phyRange":0,
    "prevEl":-0.30034154653549,
    "fAz":1.0161691337055,
    "obs":[],
    "azHMD":0,
    "prevHdg":1.1699073314667,
    "prevAz":1.025461435318,
    "fEl":-0.069816681317522,
    "prevPitch":0.23040281236172,
    "elHMD":0,
    "elHUD":-0.078070503069859
  }
}', and now has the content: '{
  "16777728":{
    "unNormAz":-0.20274134680258,
    "beenThreat":1,
    "azHUD":-0.20097626291289,
    "phyRange":0,
    "prevEl":-0.20978778600693,
    "fAz":6.080443960377,
    "obs":[],
    "azHMD":0,
    "prevHdg":1.1439715623856,
    "prevAz":6.007071018219,
    "fEl":-0.056055364127872,
    "prevPitch":0.22418215870857,
    "elHMD":0,
    "elHUD":-0.26604201059538
  },
  "16783104":{
    "unNormAz":1.75360576875,
    "beenThreat":0,
    "azHUD":1.7336146596732,
    "phyRange":0,
    "prevEl":-0.010937517508864,
    "fAz":1.75360576875,
    "obs":[],
    "azHMD":0,
    "prevHdg":1.1699073314667,
    "prevAz":1.7303321361542,
    "fEl":0.076965765278186,
    "prevPitch":0.23040281236172,
    "elHMD":0,
    "elHUD":0.18617255996592
  },
  "16782848":{
    "unNormAz":1.0161691337055,
    "beenThreat":0,
    "azHUD":1.0296732693771,
    "phyRange":0,
    "prevEl":-0.30034154653549,
    "fAz":1.0161691337055,
    "obs":[],
    "azHMD":0,
    "prevHdg":1.1699073314667,
    "prevAz":1.025461435318,
    "fEl":-0.069816681317522,
    "prevPitch":0.23040281236172,
    "elHMD":0,
    "elHUD":-0.078070503069859
  }
}'.
2026-01-08 14:50:23 EDIT    Line: '1' Which had the content: '{
  "16777728":{
    "unNormAz":-0.20274134680258,
    "beenThreat":1,
    "azHUD":-0.20114194648242,
    "phyRange":0,
    "prevEl":-0.20978778600693,
    "fAz":6.080443960377,
    "obs":[],
    "azHMD":0,
    "prevHdg":1.1439715623856,
    "prevAz":6.007071018219,
    "fEl":-0.056055364127872,
    "prevPitch":0.22418215870857,
    "elHMD":0,
    "elHUD":-0.26588962288465
  },
  "16783104":{
    "unNormAz":1.75360576875,
    "beenThreat":0,
    "azHUD":1.7332332585088,
    "phyRange":0,
    "prevEl":-0.010937517508864,
    "fAz":1.75360576875,
    "obs":[],
    "azHMD":0,
    "prevHdg":1.1699073314667,
    "prevAz":1.7303321361542,
    "fEl":0.076965765278186,
    "prevPitch":0.23040281236172,
    "elHMD":0,
    "elHUD":0.18724680457994
  },
  "16782848":{
    "unNormAz":1.0161691337055,
    "beenThreat":0,
    "azHUD":1.0294178702976,
    "phyRange":0,
    "prevEl":-0.30034154653549,
    "fAz":1.0161691337055,
    "obs":[],
    "azHMD":0,
    "prevHdg":1.1699073314667,
    "prevAz":1.025461435318,
    "fEl":-0.069816681317522,
    "prevPitch":0.23040281236172,
    "elHMD":0,
    "elHUD":-0.077331684060928
  }
}', and now has the content: '{
  "16777728":{
    "unNormAz":-0.20274134680258,
    "beenThreat":1,
    "azHUD":-0.20114194648242,
    "phyRange":0,
    "prevEl":-0.20978778600693,
    "fAz":6.080443960377,
    "obs":[],
    "azHMD":0,
    "prevHdg":1.1439715623856,
    "prevAz":6.007071018219,
    "fEl":-0.056055364127872,
    "prevPitch":0.22418215870857,
    "elHMD":0,
    "elHUD":-0.26588962288465
  },
  "16783104":{
    "unNormAz":1.75360576875,
    "beenThreat":0,
    "azHUD":1.7332332585088,
    "phyRange":0,
    "prevEl":-0.010937517508864,
    "fAz":1.75360576875,
    "obs":[],
    "azHMD":0,
    "prevHdg":1.1699073314667,
    "prevAz":1.7303321361542,
    "fEl":0.076965765278186,
    "prevPitch":0.23040281236172,
    "elHMD":0,
    "elHUD":0.18724680457994
  },
  "16782848":{
    "unNormAz":1.0161691337055,
    "beenThreat":0,
    "azHUD":1.0294178702976,
    "phyRange":0,
    "prevEl":-0.30034154653549,
    "fAz":1.0161691337055,
    "obs":[],
    "azHMD":0,
    "prevHdg":1.1699073314667,
    "prevAz":1.025461435318,
    "fEl":-0.069816681317522,
    "prevPitch":0.23040281236172,
    "elHMD":0,
    "elHUD":-0.077331684060928
  }
}'.
2026-01-08 14:55:47 EDIT    Line: '1' Which had the content: '{
  "16777728":{
    "unNormAz":-0.20274134680258,
    "beenThreat":1,
    "azHUD":-0.20114194648242,
    "phyRange":0,
    "prevEl":-0.20978778600693,
    "fAz":6.080443960377,
    "obs":[],
    "azHMD":0,
    "prevHdg":1.1439715623856,
    "prevAz":6.007071018219,
    "fEl":-0.056055364127872,
    "prevPitch":0.22418215870857,
    "elHMD":0,
    "elHUD":-0.26588962288465
  },
  "16783104":{
    "unNormAz":1.75360576875,
    "beenThreat":0,
    "azHUD":1.7332332585088,
    "phyRange":0,
    "prevEl":-0.010937517508864,
    "fAz":1.75360576875,
    "obs":[],
    "azHMD":0,
    "prevHdg":1.1699073314667,
    "prevAz":1.7303321361542,
    "fEl":0.076965765278186,
    "prevPitch":0.23040281236172,
    "elHMD":0,
    "elHUD":0.18724680457994
  },
  "16782848":{
    "unNormAz":1.0161691337055,
    "beenThreat":0,
    "azHUD":1.0294178702976,
    "phyRange":0,
    "prevEl":-0.30034154653549,
    "fAz":1.0161691337055,
    "obs":[],
    "azHMD":0,
    "prevHdg":1.1699073314667,
    "prevAz":1.025461435318,
    "fEl":-0.069816681317522,
    "prevPitch":0.23040281236172,
    "elHMD":0,
    "elHUD":-0.077331684060928
  }
}', and now has the content: '{
  "16777728":{
    "unNormAz":-0.20274134680258,
    "beenThreat":1,
    "azHUD":-0.20114194648242,
    "phyRange":0,
    "prevEl":-0.20978778600693,
    "fAz":6.080443960377,
    "obs":[],
    "azHMD":0,
    "prevHdg":1.1439715623856,
    "prevAz":6.007071018219,
    "fEl":-0.056055364127872,
    "prevPitch":0.22418215870857,
    "elHMD":0,
    "elHUD":-0.26588962288465
  },
  "16783104":{
    "unNormAz":1.75360576875,
    "beenThreat":0,
    "azHUD":1.7332332585088,
    "phyRange":0,
    "prevEl":-0.010937517508864,
    "fAz":1.75360576875,
    "obs":[],
    "azHMD":0,
    "prevHdg":1.1699073314667,
    "prevAz":1.7303321361542,
    "fEl":0.076965765278186,
    "prevPitch":0.23040281236172,
    "elHMD":0,
    "elHUD":0.18724680457994
  },
  "16782848":{
    "unNormAz":1.0161691337055,
    "beenThreat":0,
    "azHUD":1.0294178702976,
    "phyRange":0,
    "prevEl":-0.30034154653549,
    "fAz":1.0161691337055,
    "obs":[],
    "azHMD":0,
    "prevHdg":1.1699073314667,
    "prevAz":1.025461435318,
    "fEl":-0.069816681317522,
    "prevPitch":0.23040281236172,
    "elHMD":0,
    "elHUD":-0.077331684060928
  }
}'.
2026-01-08 14:55:47 EDIT    Line: '1' Which had the content: '{
  "16777728":{
    "unNormAz":-0.20274134680258,
    "beenThreat":1,
    "azHUD":-0.2013125163842,
    "phyRange":0,
    "prevEl":-0.20978778600693,
    "fAz":6.080443960377,
    "obs":[],
    "azHMD":0,
    "prevHdg":1.1439715623856,
    "prevAz":6.007071018219,
    "fEl":-0.056055364127872,
    "prevPitch":0.22418215870857,
    "elHMD":0,
    "elHUD":-0.26573332916313
  },
  "16783104":{
    "unNormAz":1.75360576875,
    "beenThreat":0,
    "azHUD":1.7328576747457,
    "phyRange":0,
    "prevEl":-0.010937517508864,
    "fAz":1.75360576875,
    "obs":[],
    "azHMD":0,
    "prevHdg":1.1699073314667,
    "prevAz":1.7303321361542,
    "fEl":0.076965765278186,
    "prevPitch":0.23040281236172,
    "elHMD":0,
    "elHUD":0.18827738362313
  },
  "16782848":{
    "unNormAz":1.0161691337055,
    "beenThreat":0,
    "azHUD":1.0291619470882,
    "phyRange":0,
    "prevEl":-0.30034154653549,
    "fAz":1.0161691337055,
    "obs":[],
    "azHMD":0,
    "prevHdg":1.1699073314667,
    "prevAz":1.025461435318,
    "fEl":-0.069816681317522,
    "prevPitch":0.23040281236172,
    "elHMD":0,
    "elHUD":-0.076619200369525
  }
}', and now has the content: '{
  "16777728":{
    "unNormAz":-0.20274134680258,
    "beenThreat":1,
    "azHUD":-0.2013125163842,
    "phyRange":0,
    "prevEl":-0.20978778600693,
    "fAz":6.080443960377,
    "obs":[],
    "azHMD":0,
    "prevHdg":1.1439715623856,
    "prevAz":6.007071018219,
    "fEl":-0.056055364127872,
    "prevPitch":0.22418215870857,
    "elHMD":0,
    "elHUD":-0.26573332916313
  },
  "16783104":{
    "unNormAz":1.75360576875,
    "beenThreat":0,
    "azHUD":1.7328576747457,
    "phyRange":0,
    "prevEl":-0.010937517508864,
    "fAz":1.75360576875,
    "obs":[],
    "azHMD":0,
    "prevHdg":1.1699073314667,
    "prevAz":1.7303321361542,
    "fEl":0.076965765278186,
    "prevPitch":0.23040281236172,
    "elHMD":0,
    "elHUD":0.18827738362313
  },
  "16782848":{
    "unNormAz":1.0161691337055,
    "beenThreat":0,
    "azHUD":1.0291619470882,
    "phyRange":0,
    "prevEl":-0.30034154653549,
    "fAz":1.0161691337055,
    "obs":[],
    "azHMD":0,
    "prevHdg":1.1699073314667,
    "prevAz":1.025461435318,
    "fEl":-0.069816681317522,
    "prevPitch":0.23040281236172,
    "elHMD":0,
    "elHUD":-0.076619200369525
  }
}'.
2026-01-08 14:55:47 EDIT    Line: '1' Which had the content: '{
  "16777728":{
    "unNormAz":-0.20274134680258,
    "beenThreat":1,
    "azHUD":-0.20148784402025,
    "phyRange":0,
    "prevEl":-0.20978778600693,
    "fAz":6.080443960377,
    "obs":[],
    "azHMD":0,
    "prevHdg":1.1439715623856,
    "prevAz":6.007071018219,
    "fEl":-0.056055364127872,
    "prevPitch":0.22418215870857,
    "elHMD":0,
    "elHUD":-0.26557376572585
  },
  "16783104":{
    "unNormAz":1.75360576875,
    "beenThreat":0,
    "azHUD":1.7324871389702,
    "phyRange":0,
    "prevEl":-0.010937517508864,
    "fAz":1.75360576875,
    "obs":[],
    "azHMD":0,
    "prevHdg":1.1699073314667,
    "prevAz":1.7303321361542,
    "fEl":0.076965765278186,
    "prevPitch":0.23040281236172,
    "elHMD":0,
    "elHUD":0.1892677679397
  },
  "16782848":{
    "unNormAz":1.0161691337055,
    "beenThreat":0,
    "azHUD":1.0289052680404,
    "phyRange":0,
    "prevEl":-0.30034154653549,
    "fAz":1.0161691337055,
    "obs":[],
    "azHMD":0,
    "prevHdg":1.1699073314667,
    "prevAz":1.025461435318,
    "fEl":-0.069816681317522,
    "prevPitch":0.23040281236172,
    "elHMD":0,
    "elHUD":-0.075931078651498
  }
}', and now has the content: '{
  "16777728":{
    "unNormAz":-0.20274134680258,
    "beenThreat":1,
    "azHUD":-0.20148784402025,
    "phyRange":0,
    "prevEl":-0.20978778600693,
    "fAz":6.080443960377,
    "obs":[],
    "azHMD":0,
    "prevHdg":1.1439715623856,
    "prevAz":6.007071018219,
    "fEl":-0.056055364127872,
    "prevPitch":0.22418215870857,
    "elHMD":0,
    "elHUD":-0.26557376572585
  },
  "16783104":{
    "unNormAz":1.75360576875,
    "beenThreat":0,
    "azHUD":1.7324871389702,
    "phyRange":0,
    "prevEl":-0.010937517508864,
    "fAz":1.75360576875,
    "obs":[],
    "azHMD":0,
    "prevHdg":1.1699073314667,
    "prevAz":1.7303321361542,
    "fEl":0.076965765278186,
    "prevPitch":0.23040281236172,
    "elHMD":0,
    "elHUD":0.1892677679397
  },
  "16782848":{
    "unNormAz":1.0161691337055,
    "beenThreat":0,
    "azHUD":1.0289052680404,
    "phyRange":0,
    "prevEl":-0.30034154653549,
    "fAz":1.0161691337055,
    "obs":[],
    "azHMD":0,
    "prevHdg":1.1699073314667,
    "prevAz":1.025461435318,
    "fEl":-0.069816681317522,
    "prevPitch":0.23040281236172,
    "elHMD":0,
    "elHUD":-0.075931078651498
  }
}'.
2026-01-08 14:55:47 EDIT    Line: '1' Which had the content: '{
  "16777728":{
    "unNormAz":-0.20274134680258,
    "beenThreat":1,
    "azHUD":-0.2016673877455,
    "phyRange":0,
    "prevEl":-0.20978778600693,
    "fAz":6.080443960377,
    "obs":[],
    "azHMD":0,
    "prevHdg":1.1439715623856,
    "prevAz":6.007071018219,
    "fEl":-0.056055364127872,
    "prevPitch":0.22418215870857,
    "elHMD":0,
    "elHUD":-0.2654115269532
  },
  "16783104":{
    "unNormAz":1.75360576875,
    "beenThreat":0,
    "azHUD":1.7321214068713,
    "phyRange":0,
    "prevEl":-0.010937517508864,
    "fAz":1.75360576875,
    "obs":[],
    "azHMD":0,
    "prevHdg":1.1699073314667,
    "prevAz":1.7303321361542,
    "fEl":0.076965765278186,
    "prevPitch":0.23040281236172,
    "elHMD":0,
    "elHUD":0.1902209492761
  },
  "16782848":{
    "unNormAz":1.0161691337055,
    "beenThreat":0,
    "azHUD":1.0286480590362,
    "phyRange":0,
    "prevEl":-0.30034154653549,
    "fAz":1.0161691337055,
    "obs":[],
    "azHMD":0,
    "prevHdg":1.1699073314667,
    "prevAz":1.025461435318,
    "fEl":-0.069816681317522,
    "prevPitch":0.23040281236172,
    "elHMD":0,
    "elHUD":-0.075265634603634
  }
}', and now has the content: '{
  "16777728":{
    "unNormAz":-0.20274134680258,
    "beenThreat":1,
    "azHUD":-0.2016673877455,
    "phyRange":0,
    "prevEl":-0.20978778600693,
    "fAz":6.080443960377,
    "obs":[],
    "azHMD":0,
    "prevHdg":1.1439715623856,
    "prevAz":6.007071018219,
    "fEl":-0.056055364127872,
    "prevPitch":0.22418215870857,
    "elHMD":0,
    "elHUD":-0.2654115269532
  },
  "16783104":{
    "unNormAz":1.75360576875,
    "beenThreat":0,
    "azHUD":1.7321214068713,
    "phyRange":0,
    "prevEl":-0.010937517508864,
    "fAz":1.75360576875,
    "obs":[],
    "azHMD":0,
    "prevHdg":1.1699073314667,
    "prevAz":1.7303321361542,
    "fEl":0.076965765278186,
    "prevPitch":0.23040281236172,
    "elHMD":0,
    "elHUD":0.1902209492761
  },
  "16782848":{
    "unNormAz":1.0161691337055,
    "beenThreat":0,
    "azHUD":1.0286480590362,
    "phyRange":0,
    "prevEl":-0.30034154653549,
    "fAz":1.0161691337055,
    "obs":[],
    "azHMD":0,
    "prevHdg":1.1699073314667,
    "prevAz":1.025461435318,
    "fEl":-0.069816681317522,
    "prevPitch":0.23040281236172,
    "elHMD":0,
    "elHUD":-0.075265634603634
  }
}'.
2026-01-08 14:55:47 EDIT    Line: '1' Which had the content: '{
  "16777728":{
    "unNormAz":-0.20274134680258,
    "beenThreat":1,
    "azHUD":-0.20185098370558,
    "phyRange":0,
    "prevEl":-0.20978778600693,
    "fAz":6.080443960377,
    "obs":[],
    "azHMD":0,
    "prevHdg":1.1439715623856,
    "prevAz":6.007071018219,
    "fEl":-0.056055364127872,
    "prevPitch":0.22418215870857,
    "elHMD":0,
    "elHUD":-0.26524728698566
  },
  "16783104":{
    "unNormAz":1.75360576875,
    "beenThreat":0,
    "azHUD":1.7317599022861,
    "phyRange":0,
    "prevEl":-0.010937517508864,
    "fAz":1.75360576875,
    "obs":[],
    "azHMD":0,
    "prevHdg":1.1699073314667,
    "prevAz":1.7303321361542,
    "fEl":0.076965765278186,
    "prevPitch":0.23040281236172,
    "elHMD":0,
    "elHUD":0.19113960716764
  },
  "16782848":{
    "unNormAz":1.0161691337055,
    "beenThreat":0,
    "azHUD":1.0283901855071,
    "phyRange":0,
    "prevEl":-0.30034154653549,
    "fAz":1.0161691337055,
    "obs":[],
    "azHMD":0,
    "prevHdg":1.1699073314667,
    "prevAz":1.025461435318,
    "fEl":-0.069816681317522,
    "prevPitch":0.23040281236172,
    "elHMD":0,
    "elHUD":-0.074621411141386
  }
}', and now has the content: '{
  "16777728":{
    "unNormAz":-0.20274134680258,
    "beenThreat":1,
    "azHUD":-0.20185098370558,
    "phyRange":0,
    "prevEl":-0.20978778600693,
    "fAz":6.080443960377,
    "obs":[],
    "azHMD":0,
    "prevHdg":1.1439715623856,
    "prevAz":6.007071018219,
    "fEl":-0.056055364127872,
    "prevPitch":0.22418215870857,
    "elHMD":0,
    "elHUD":-0.26524728698566
  },
  "16783104":{
    "unNormAz":1.75360576875,
    "beenThreat":0,
    "azHUD":1.7317599022861,
    "phyRange":0,
    "prevEl":-0.010937517508864,
    "fAz":1.75360576875,
    "obs":[],
    "azHMD":0,
    "prevHdg":1.1699073314667,
    "prevAz":1.7303321361542,
    "fEl":0.076965765278186,
    "prevPitch":0.23040281236172,
    "elHMD":0,
    "elHUD":0.19113960716764
  },
  "16782848":{
    "unNormAz":1.0161691337055,
    "beenThreat":0,
    "azHUD":1.0283901855071,
    "phyRange":0,
    "prevEl":-0.30034154653549,
    "fAz":1.0161691337055,
    "obs":[],
    "azHMD":0,
    "prevHdg":1.1699073314667,
    "prevAz":1.025461435318,
    "fEl":-0.069816681317522,
    "prevPitch":0.23040281236172,
    "elHMD":0,
    "elHUD":-0.074621411141386
  }
}'.
2026-01-08 14:55:47 EDIT    Line: '1' Which had the content: '{
  "16777728":{
    "unNormAz":-0.20274134680258,
    "beenThreat":1,
    "azHUD":-0.20203818420871,
    "phyRange":0,
    "prevEl":-0.20978778600693,
    "fAz":6.080443960377,
    "obs":[],
    "azHMD":0,
    "prevHdg":1.1439715623856,
    "prevAz":6.007071018219,
    "fEl":-0.056055364127872,
    "prevPitch":0.22418215870857,
    "elHMD":0,
    "elHUD":-0.26508141817559
  },
  "16783104":{
    "unNormAz":1.75360576875,
    "beenThreat":0,
    "azHUD":1.7314023799629,
    "phyRange":0,
    "prevEl":-0.010937517508864,
    "fAz":1.75360576875,
    "obs":[],
    "azHMD":0,
    "prevHdg":1.1699073314667,
    "prevAz":1.7303321361542,
    "fEl":0.076965765278186,
    "prevPitch":0.23040281236172,
    "elHMD":0,
    "elHUD":0.19202649074307
  },
  "16782848":{
    "unNormAz":1.0161691337055,
    "beenThreat":0,
    "azHUD":1.0281318147834,
    "phyRange":0,
    "prevEl":-0.30034154653549,
    "fAz":1.0161691337055,
    "obs":[],
    "azHMD":0,
    "prevHdg":1.1699073314667,
    "prevAz":1.025461435318,
    "fEl":-0.069816681317522,
    "prevPitch":0.23040281236172,
    "elHMD":0,
    "elHUD":-0.073996796745958
  }
}', and now has the content: '{
  "16777728":{
    "unNormAz":-0.20274134680258,
    "beenThreat":1,
    "azHUD":-0.20203818420871,
    "phyRange":0,
    "prevEl":-0.20978778600693,
    "fAz":6.080443960377,
    "obs":[],
    "azHMD":0,
    "prevHdg":1.1439715623856,
    "prevAz":6.007071018219,
    "fEl":-0.056055364127872,
    "prevPitch":0.22418215870857,
    "elHMD":0,
    "elHUD":-0.26508141817559
  },
  "16783104":{
    "unNormAz":1.75360576875,
    "beenThreat":0,
    "azHUD":1.7314023799629,
    "phyRange":0,
    "prevEl":-0.010937517508864,
    "fAz":1.75360576875,
    "obs":[],
    "azHMD":0,
    "prevHdg":1.1699073314667,
    "prevAz":1.7303321361542,
    "fEl":0.076965765278186,
    "prevPitch":0.23040281236172,
    "elHMD":0,
    "elHUD":0.19202649074307
  },
  "16782848":{
    "unNormAz":1.0161691337055,
    "beenThreat":0,
    "azHUD":1.0281318147834,
    "phyRange":0,
    "prevEl":-0.30034154653549,
    "fAz":1.0161691337055,
    "obs":[],
    "azHMD":0,
    "prevHdg":1.1699073314667,
    "prevAz":1.025461435318,
    "fEl":-0.069816681317522,
    "prevPitch":0.23040281236172,
    "elHMD":0,
    "elHUD":-0.073996796745958
  }
}'.
2026-01-08 14:55:47 EDIT    Line: '1' Which had the content: '{
  "16777728":{
    "unNormAz":-0.20274134680258,
    "beenThreat":1,
    "azHUD":-0.20203818420871,
    "phyRange":0,
    "prevEl":-0.20978778600693,
    "fAz":6.080443960377,
    "obs":[],
    "azHMD":0,
    "prevHdg":1.1439715623856,
    "prevAz":6.007071018219,
    "fEl":-0.056055364127872,
    "prevPitch":0.22418215870857,
    "elHMD":0,
    "elHUD":-0.26508141817559
  },
  "16783104":{
    "unNormAz":1.75360576875,
    "beenThreat":0,
    "azHUD":1.7314023799629,
    "phyRange":0,
    "prevEl":-0.010937517508864,
    "fAz":1.75360576875,
    "obs":[],
    "azHMD":0,
    "prevHdg":1.1699073314667,
    "prevAz":1.7303321361542,
    "fEl":0.076965765278186,
    "prevPitch":0.23040281236172,
    "elHMD":0,
    "elHUD":0.19202649074307
  },
  "16782848":{
    "unNormAz":1.0161691337055,
    "beenThreat":0,
    "azHUD":1.0281318147834,
    "phyRange":0,
    "prevEl":-0.30034154653549,
    "fAz":1.0161691337055,
    "obs":[],
    "azHMD":0,
    "prevHdg":1.1699073314667,
    "prevAz":1.025461435318,
    "fEl":-0.069816681317522,
    "prevPitch":0.23040281236172,
    "elHMD":0,
    "elHUD":-0.073996796745958
  }
}', and now has the content: '{
  "16777728":{
    "unNormAz":-0.20274134680258,
    "beenThreat":1,
    "azHUD":-0.20203818420871,
    "phyRange":0,
    "prevEl":-0.20978778600693,
    "fAz":6.080443960377,
    "obs":[],
    "azHMD":0,
    "prevHdg":1.1439715623856,
    "prevAz":6.007071018219,
    "fEl":-0.056055364127872,
    "prevPitch":0.22418215870857,
    "elHMD":0,
    "elHUD":-0.26508141817559
  },
  "16783104":{
    "unNormAz":1.75360576875,
    "beenThreat":0,
    "azHUD":1.7314023799629,
    "phyRange":0,
    "prevEl":-0.010937517508864,
    "fAz":1.75360576875,
    "obs":[],
    "azHMD":0,
    "prevHdg":1.1699073314667,
    "prevAz":1.7303321361542,
    "fEl":0.076965765278186,
    "prevPitch":0.23040281236172,
    "elHMD":0,
    "elHUD":0.19202649074307
  },
  "16782848":{
    "unNormAz":1.0161691337055,
    "beenThreat":0,
    "azHUD":1.0281318147834,
    "phyRange":0,
    "prevEl":-0.30034154653549,
    "fAz":1.0161691337055,
    "obs":[],
    "azHMD":0,
    "prevHdg":1.1699073314667,
    "prevAz":1.025461435318,
    "fEl":-0.069816681317522,
    "prevPitch":0.23040281236172,
    "elHMD":0,
    "elHUD":-0.073996796745958
  }
}'.
2026-01-08 14:55:47 EDIT    Line: '1' Which had the content: '{
  "16777728":{
    "unNormAz":-0.20274134680258,
    "beenThreat":1,
    "azHUD":-0.20222869917034,
    "phyRange":0,
    "prevEl":-0.20978778600693,
    "fAz":6.080443960377,
    "obs":[],
    "azHMD":0,
    "prevHdg":1.1439715623856,
    "prevAz":6.007071018219,
    "fEl":-0.056055364127872,
    "prevPitch":0.22418215870857,
    "elHMD":0,
    "elHUD":-0.26491434786877
  },
  "16783104":{
    "unNormAz":1.75360576875,
    "beenThreat":0,
    "azHUD":1.7310485192404,
    "phyRange":0,
    "prevEl":-0.010937517508864,
    "fAz":1.75360576875,
    "obs":[],
    "azHMD":0,
    "prevHdg":1.1699073314667,
    "prevAz":1.7303321361542,
    "fEl":0.076965765278186,
    "prevPitch":0.23040281236172,
    "elHMD":0,
    "elHUD":0.19288391813304
  },
  "16782848":{
    "unNormAz":1.0161691337055,
    "beenThreat":0,
    "azHUD":1.0278729895649,
    "phyRange":0,
    "prevEl":-0.30034154653549,
    "fAz":1.0161691337055,
    "obs":[],
    "azHMD":0,
    "prevHdg":1.1699073314667,
    "prevAz":1.025461435318,
    "fEl":-0.069816681317522,
    "prevPitch":0.23040281236172,
    "elHMD":0,
    "elHUD":-0.073390473801214
  }
}', and now has the content: '{
  "16777728":{
    "unNormAz":-0.20274134680258,
    "beenThreat":1,
    "azHUD":-0.20222869917034,
    "phyRange":0,
    "prevEl":-0.20978778600693,
    "fAz":6.080443960377,
    "obs":[],
    "azHMD":0,
    "prevHdg":1.1439715623856,
    "prevAz":6.007071018219,
    "fEl":-0.056055364127872,
    "prevPitch":0.22418215870857,
    "elHMD":0,
    "elHUD":-0.26491434786877
  },
  "16783104":{
    "unNormAz":1.75360576875,
    "beenThreat":0,
    "azHUD":1.7310485192404,
    "phyRange":0,
    "prevEl":-0.010937517508864,
    "fAz":1.75360576875,
    "obs":[],
    "azHMD":0,
    "prevHdg":1.1699073314667,
    "prevAz":1.7303321361542,
    "fEl":0.076965765278186,
    "prevPitch":0.23040281236172,
    "elHMD":0,
    "elHUD":0.19288391813304
  },
  "16782848":{
    "unNormAz":1.0161691337055,
    "beenThreat":0,
    "azHUD":1.0278729895649,
    "phyRange":0,
    "prevEl":-0.30034154653549,
    "fAz":1.0161691337055,
    "obs":[],
    "azHMD":0,
    "prevHdg":1.1699073314667,
    "prevAz":1.025461435318,
    "fEl":-0.069816681317522,
    "prevPitch":0.23040281236172,
    "elHMD":0,
    "elHUD":-0.073390473801214
  }
}'.
2026-01-08 14:55:47 EDIT    Line: '1' Which had the content: '{
  "16777728":{
    "unNormAz":-0.20274134680258,
    "beenThreat":1,
    "azHUD":-0.2024223711332,
    "phyRange":0,
    "prevEl":-0.20978778600693,
    "fAz":6.080443960377,
    "obs":[],
    "azHMD":0,
    "prevHdg":1.1439715623856,
    "prevAz":6.007071018219,
    "fEl":-0.056055364127872,
    "prevPitch":0.22418215870857,
    "elHMD":0,
    "elHUD":-0.26474650043766
  },
  "16783104":{
    "unNormAz":1.75360576875,
    "beenThreat":0,
    "azHUD":1.7306978818665,
    "phyRange":0,
    "prevEl":-0.010937517508864,
    "fAz":1.75360576875,
    "obs":[],
    "azHMD":0,
    "prevHdg":1.1699073314667,
    "prevAz":1.7303321361542,
    "fEl":0.076965765278186,
    "prevPitch":0.23040281236172,
    "elHMD":0,
    "elHUD":0.19371412275984
  },
  "16782848":{
    "unNormAz":1.0161691337055,
    "beenThreat":0,
    "azHUD":1.0276136250332,
    "phyRange":0,
    "prevEl":-0.30034154653549,
    "fAz":1.0161691337055,
    "obs":[],
    "azHMD":0,
    "prevHdg":1.1699073314667,
    "prevAz":1.025461435318,
    "fEl":-0.069816681317522,
    "prevPitch":0.23040281236172,
    "elHMD":0,
    "elHUD":-0.072801177227839
  }
}', and now has the content: '{
  "16777728":{
    "unNormAz":-0.20274134680258,
    "beenThreat":1,
    "azHUD":-0.2024223711332,
    "phyRange":0,
    "prevEl":-0.20978778600693,
    "fAz":6.080443960377,
    "obs":[],
    "azHMD":0,
    "prevHdg":1.1439715623856,
    "prevAz":6.007071018219,
    "fEl":-0.056055364127872,
    "prevPitch":0.22418215870857,
    "elHMD":0,
    "elHUD":-0.26474650043766
  },
  "16783104":{
    "unNormAz":1.75360576875,
    "beenThreat":0,
    "azHUD":1.7306978818665,
    "phyRange":0,
    "prevEl":-0.010937517508864,
    "fAz":1.75360576875,
    "obs":[],
    "azHMD":0,
    "prevHdg":1.1699073314667,
    "prevAz":1.7303321361542,
    "fEl":0.076965765278186,
    "prevPitch":0.23040281236172,
    "elHMD":0,
    "elHUD":0.19371412275984
  },
  "16782848":{
    "unNormAz":1.0161691337055,
    "beenThreat":0,
    "azHUD":1.0276136250332,
    "phyRange":0,
    "prevEl":-0.30034154653549,
    "fAz":1.0161691337055,
    "obs":[],
    "azHMD":0,
    "prevHdg":1.1699073314667,
    "prevAz":1.025461435318,
    "fEl":-0.069816681317522,
    "prevPitch":0.23040281236172,
    "elHMD":0,
    "elHUD":-0.072801177227839
  }
}'.
2026-01-08 14:55:47 EDIT    Line: '1' Which had the content: '{
  "16777728":{
    "unNormAz":-0.20274134680258,
    "beenThreat":1,
    "azHUD":-0.20261889057366,
    "phyRange":0,
    "prevEl":-0.20978778600693,
    "fAz":6.080443960377,
    "obs":[],
    "azHMD":0,
    "prevHdg":1.1439715623856,
    "prevAz":6.007071018219,
    "fEl":-0.056055364127872,
    "prevPitch":0.22418215870857,
    "elHMD":0,
    "elHUD":-0.26457805813717
  },
  "16783104":{
    "unNormAz":1.75360576875,
    "beenThreat":0,
    "azHUD":1.7303502725016,
    "phyRange":0,
    "prevEl":-0.010937517508864,
    "fAz":1.75360576875,
    "obs":[],
    "azHMD":0,
    "prevHdg":1.1699073314667,
    "prevAz":1.7303321361542,
    "fEl":0.076965765278186,
    "prevPitch":0.23040281236172,
    "elHMD":0,
    "elHUD":0.19451917576913
  },
  "16782848":{
    "unNormAz":1.0161691337055,
    "beenThreat":0,
    "azHUD":1.0273538254284,
    "phyRange":0,
    "prevEl":-0.30034154653549,
    "fAz":1.0161691337055,
    "obs":[],
    "azHMD":0,
    "prevHdg":1.1699073314667,
    "prevAz":1.025461435318,
    "fEl":-0.069816681317522,
    "prevPitch":0.23040281236172,
    "elHMD":0,
    "elHUD":-0.072227656895942
  }
}', and now has the content: '{
  "16777728":{
    "unNormAz":-0.20274134680258,
    "beenThreat":1,
    "azHUD":-0.20261889057366,
    "phyRange":0,
    "prevEl":-0.20978778600693,
    "fAz":6.080443960377,
    "obs":[],
    "azHMD":0,
    "prevHdg":1.1439715623856,
    "prevAz":6.007071018219,
    "fEl":-0.056055364127872,
    "prevPitch":0.22418215870857,
    "elHMD":0,
    "elHUD":-0.26457805813717
  },
  "16783104":{
    "unNormAz":1.75360576875,
    "beenThreat":0,
    "azHUD":1.7303502725016,
    "phyRange":0,
    "prevEl":-0.010937517508864,
    "fAz":1.75360576875,
    "obs":[],
    "azHMD":0,
    "prevHdg":1.1699073314667,
    "prevAz":1.7303321361542,
    "fEl":0.076965765278186,
    "prevPitch":0.23040281236172,
    "elHMD":0,
    "elHUD":0.19451917576913
  },
  "16782848":{
    "unNormAz":1.0161691337055,
    "beenThreat":0,
    "azHUD":1.0273538254284,
    "phyRange":0,
    "prevEl":-0.30034154653549,
    "fAz":1.0161691337055,
    "obs":[],
    "azHMD":0,
    "prevHdg":1.1699073314667,
    "prevAz":1.025461435318,
    "fEl":-0.069816681317522,
    "prevPitch":0.23040281236172,
    "elHMD":0,
    "elHUD":-0.072227656895942
  }
}'.
2026-01-08 14:55:47 EDIT    Line: '1' Which had the content: '{
  "16777728":{
    "unNormAz":-0.20274134680258,
    "beenThreat":1,
    "azHUD":-0.20281802544593,
    "phyRange":0,
    "prevEl":-0.20978778600693,
    "fAz":6.080443960377,
    "obs":[],
    "azHMD":0,
    "prevHdg":1.1439715623856,
    "prevAz":6.007071018219,
    "fEl":-0.056055364127872,
    "prevPitch":0.22418215870857,
    "elHMD":0,
    "elHUD":-0.26440944725611
  },
  "16783104":{
    "unNormAz":1.75360576875,
    "beenThreat":0,
    "azHUD":1.7300054074272,
    "phyRange":0,
    "prevEl":-0.010937517508864,
    "fAz":1.75360576875,
    "obs":[],
    "azHMD":0,
    "prevHdg":1.1699073314667,
    "prevAz":1.7303321361542,
    "fEl":0.076965765278186,
    "prevPitch":0.23040281236172,
    "elHMD":0,
    "elHUD":0.19530093213179
  },
  "16782848":{
    "unNormAz":1.0161691337055,
    "beenThreat":0,
    "azHUD":1.0270936120642,
    "phyRange":0,
    "prevEl":-0.30034154653549,
    "fAz":1.0161691337055,
    "obs":[],
    "azHMD":0,
    "prevHdg":1.1699073314667,
    "prevAz":1.025461435318,
    "fEl":-0.069816681317522,
    "prevPitch":0.23040281236172,
    "elHMD":0,
    "elHUD":-0.071668888773085
  }
}', and now has the content: '{
  "16777728":{
    "unNormAz":-0.20274134680258,
    "beenThreat":1,
    "azHUD":-0.20281802544593,
    "phyRange":0,
    "prevEl":-0.20978778600693,
    "fAz":6.080443960377,
    "obs":[],
    "azHMD":0,
    "prevHdg":1.1439715623856,
    "prevAz":6.007071018219,
    "fEl":-0.056055364127872,
    "prevPitch":0.22418215870857,
    "elHMD":0,
    "elHUD":-0.26440944725611
  },
  "16783104":{
    "unNormAz":1.75360576875,
    "beenThreat":0,
    "azHUD":1.7300054074272,
    "phyRange":0,
    "prevEl":-0.010937517508864,
    "fAz":1.75360576875,
    "obs":[],
    "azHMD":0,
    "prevHdg":1.1699073314667,
    "prevAz":1.7303321361542,
    "fEl":0.076965765278186,
    "prevPitch":0.23040281236172,
    "elHMD":0,
    "elHUD":0.19530093213179
  },
  "16782848":{
    "unNormAz":1.0161691337055,
    "beenThreat":0,
    "azHUD":1.0270936120642,
    "phyRange":0,
    "prevEl":-0.30034154653549,
    "fAz":1.0161691337055,
    "obs":[],
    "azHMD":0,
    "prevHdg":1.1699073314667,
    "prevAz":1.025461435318,
    "fEl":-0.069816681317522,
    "prevPitch":0.23040281236172,
    "elHMD":0,
    "elHUD":-0.071668888773085
  }
}'.
2026-01-08 14:55:47 EDIT    Line: '1' Which had the content: '{
  "16777728":{
    "unNormAz":-0.20274134680258,
    "beenThreat":1,
    "azHUD":-0.20301977143081,
    "phyRange":0,
    "prevEl":-0.20978778600693,
    "fAz":6.080443960377,
    "obs":[],
    "azHMD":0,
    "prevHdg":1.1439715623856,
    "prevAz":6.007071018219,
    "fEl":-0.056055364127872,
    "prevPitch":0.22418215870857,
    "elHMD":0,
    "elHUD":-0.26424074921775
  },
  "16783104":{
    "unNormAz":1.75360576875,
    "beenThreat":0,
    "azHUD":1.7296628674249,
    "phyRange":0,
    "prevEl":-0.010937517508864,
    "fAz":1.75360576875,
    "obs":[],
    "azHMD":0,
    "prevHdg":1.1699073314667,
    "prevAz":1.7303321361542,
    "fEl":0.076965765278186,
    "prevPitch":0.23040281236172,
    "elHMD":0,
    "elHUD":0.19606118760832
  },
  "16782848":{
    "unNormAz":1.0161691337055,
    "beenThreat":0,
    "azHUD":1.0268328163979,
    "phyRange":0,
    "prevEl":-0.30034154653549,
    "fAz":1.0161691337055,
    "obs":[],
    "azHMD":0,
    "prevHdg":1.1699073314667,
    "prevAz":1.025461435318,
    "fEl":-0.069816681317522,
    "prevPitch":0.23040281236172,
    "elHMD":0,
    "elHUD":-0.071123760896911
  }
}', and now has the content: '{
  "16777728":{
    "unNormAz":-0.20274134680258,
    "beenThreat":1,
    "azHUD":-0.20301977143081,
    "phyRange":0,
    "prevEl":-0.20978778600693,
    "fAz":6.080443960377,
    "obs":[],
    "azHMD":0,
    "prevHdg":1.1439715623856,
    "prevAz":6.007071018219,
    "fEl":-0.056055364127872,
    "prevPitch":0.22418215870857,
    "elHMD":0,
    "elHUD":-0.26424074921775
  },
  "16783104":{
    "unNormAz":1.75360576875,
    "beenThreat":0,
    "azHUD":1.7296628674249,
    "phyRange":0,
    "prevEl":-0.010937517508864,
    "fAz":1.75360576875,
    "obs":[],
    "azHMD":0,
    "prevHdg":1.1699073314667,
    "prevAz":1.7303321361542,
    "fEl":0.076965765278186,
    "prevPitch":0.23040281236172,
    "elHMD":0,
    "elHUD":0.19606118760832
  },
  "16782848":{
    "unNormAz":1.0161691337055,
    "beenThreat":0,
    "azHUD":1.0268328163979,
    "phyRange":0,
    "prevEl":-0.30034154653549,
    "fAz":1.0161691337055,
    "obs":[],
    "azHMD":0,
    "prevHdg":1.1699073314667,
    "prevAz":1.025461435318,
    "fEl":-0.069816681317522,
    "prevPitch":0.23040281236172,
    "elHMD":0,
    "elHUD":-0.071123760896911
  }
}'.
2026-01-08 14:55:47 EDIT    Line: '1' Which had the content: '{
  "16777728":{
    "unNormAz":-0.20274134680258,
    "beenThreat":1,
    "azHUD":-0.20322363795675,
    "phyRange":0,
    "prevEl":-0.20978778600693,
    "fAz":6.080443960377,
    "obs":[],
    "azHMD":0,
    "prevHdg":1.1439715623856,
    "prevAz":6.007071018219,
    "fEl":-0.056055364127872,
    "prevPitch":0.22418215870857,
    "elHMD":0,
    "elHUD":-0.26407210803773
  },
  "16783104":{
    "unNormAz":1.75360576875,
    "beenThreat":0,
    "azHUD":1.7293227302053,
    "phyRange":0,
    "prevEl":-0.010937517508864,
    "fAz":1.75360576875,
    "obs":[],
    "azHMD":0,
    "prevHdg":1.1699073314667,
    "prevAz":1.7303321361542,
    "fEl":0.076965765278186,
    "prevPitch":0.23040281236172,
    "elHMD":0,
    "elHUD":0.19680161705832
  },
  "16782848":{
    "unNormAz":1.0161691337055,
    "beenThreat":0,
    "azHUD":1.0265717599598,
    "phyRange":0,
    "prevEl":-0.30034154653549,
    "fAz":1.0161691337055,
    "obs":[],
    "azHMD":0,
    "prevHdg":1.1699073314667,
    "prevAz":1.025461435318,
    "fEl":-0.069816681317522,
    "prevPitch":0.23040281236172,
    "elHMD":0,
    "elHUD":-0.070591260844884
  }
}', and now has the content: '{
  "16777728":{
    "unNormAz":-0.20274134680258,
    "beenThreat":1,
    "azHUD":-0.20322363795675,
    "phyRange":0,
    "prevEl":-0.20978778600693,
    "fAz":6.080443960377,
    "obs":[],
    "azHMD":0,
    "prevHdg":1.1439715623856,
    "prevAz":6.007071018219,
    "fEl":-0.056055364127872,
    "prevPitch":0.22418215870857,
    "elHMD":0,
    "elHUD":-0.26407210803773
  },
  "16783104":{
    "unNormAz":1.75360576875,
    "beenThreat":0,
    "azHUD":1.7293227302053,
    "phyRange":0,
    "prevEl":-0.010937517508864,
    "fAz":1.75360576875,
    "obs":[],
    "azHMD":0,
    "prevHdg":1.1699073314667,
    "prevAz":1.7303321361542,
    "fEl":0.076965765278186,
    "prevPitch":0.23040281236172,
    "elHMD":0,
    "elHUD":0.19680161705832
  },
  "16782848":{
    "unNormAz":1.0161691337055,
    "beenThreat":0,
    "azHUD":1.0265717599598,
    "phyRange":0,
    "prevEl":-0.30034154653549,
    "fAz":1.0161691337055,
    "obs":[],
    "azHMD":0,
    "prevHdg":1.1699073314667,
    "prevAz":1.025461435318,
    "fEl":-0.069816681317522,
    "prevPitch":0.23040281236172,
    "elHMD":0,
    "elHUD":-0.070591260844884
  }
}'.
2026-01-08 14:55:47 EDIT    Line: '1' Which had the content: '{
  "16777728":{
    "unNormAz":-0.20274134680258,
    "beenThreat":1,
    "azHUD":-0.20322363795675,
    "phyRange":0,
    "prevEl":-0.20978778600693,
    "fAz":6.080443960377,
    "obs":[],
    "azHMD":0,
    "prevHdg":1.1439715623856,
    "prevAz":6.007071018219,
    "fEl":-0.056055364127872,
    "prevPitch":0.22418215870857,
    "elHMD":0,
    "elHUD":-0.26407210803773
  },
  "16783104":{
    "unNormAz":1.75360576875,
    "beenThreat":0,
    "azHUD":1.7293227302053,
    "phyRange":0,
    "prevEl":-0.010937517508864,
    "fAz":1.75360576875,
    "obs":[],
    "azHMD":0,
    "prevHdg":1.1699073314667,
    "prevAz":1.7303321361542,
    "fEl":0.076965765278186,
    "prevPitch":0.23040281236172,
    "elHMD":0,
    "elHUD":0.19680161705832
  },
  "16782848":{
    "unNormAz":1.0161691337055,
    "beenThreat":0,
    "azHUD":1.0265717599598,
    "phyRange":0,
    "prevEl":-0.30034154653549,
    "fAz":1.0161691337055,
    "obs":[],
    "azHMD":0,
    "prevHdg":1.1699073314667,
    "prevAz":1.025461435318,
    "fEl":-0.069816681317522,
    "prevPitch":0.23040281236172,
    "elHMD":0,
    "elHUD":-0.070591260844884
  }
}', and now has the content: '{
  "16777728":{
    "unNormAz":-0.20274134680258,
    "beenThreat":1,
    "azHUD":-0.20322363795675,
    "phyRange":0,
    "prevEl":-0.20978778600693,
    "fAz":6.080443960377,
    "obs":[],
    "azHMD":0,
    "prevHdg":1.1439715623856,
    "prevAz":6.007071018219,
    "fEl":-0.056055364127872,
    "prevPitch":0.22418215870857,
    "elHMD":0,
    "elHUD":-0.26407210803773
  },
  "16783104":{
    "unNormAz":1.75360576875,
    "beenThreat":0,
    "azHUD":1.7293227302053,
    "phyRange":0,
    "prevEl":-0.010937517508864,
    "fAz":1.75360576875,
    "obs":[],
    "azHMD":0,
    "prevHdg":1.1699073314667,
    "prevAz":1.7303321361542,
    "fEl":0.076965765278186,
    "prevPitch":0.23040281236172,
    "elHMD":0,
    "elHUD":0.19680161705832
  },
  "16782848":{
    "unNormAz":1.0161691337055,
    "beenThreat":0,
    "azHUD":1.0265717599598,
    "phyRange":0,
    "prevEl":-0.30034154653549,
    "fAz":1.0161691337055,
    "obs":[],
    "azHMD":0,
    "prevHdg":1.1699073314667,
    "prevAz":1.025461435318,
    "fEl":-0.069816681317522,
    "prevPitch":0.23040281236172,
    "elHMD":0,
    "elHUD":-0.070591260844884
  }
}'.
2026-01-08 14:55:47 EDIT    Line: '1' Which had the content: '{
  "16777728":{
    "unNormAz":-0.20274134680258,
    "beenThreat":1,
    "azHUD":-0.20342974257835,
    "phyRange":0,
    "prevEl":-0.20978778600693,
    "fAz":6.080443960377,
    "obs":[],
    "azHMD":0,
    "prevHdg":1.1439715623856,
    "prevAz":6.007071018219,
    "fEl":-0.056055364127872,
    "prevPitch":0.22418215870857,
    "elHMD":0,
    "elHUD":-0.26390375231098
  },
  "16783104":{
    "unNormAz":1.75360576875,
    "beenThreat":0,
    "azHUD":1.7289844969389,
    "phyRange":0,
    "prevEl":-0.010937517508864,
    "fAz":1.75360576875,
    "obs":[],
    "azHMD":0,
    "prevHdg":1.1699073314667,
    "prevAz":1.7303321361542,
    "fEl":0.076965765278186,
    "prevPitch":0.23040281236172,
    "elHMD":0,
    "elHUD":0.1975236661323
  },
  "16782848":{
    "unNormAz":1.0161691337055,
    "beenThreat":0,
    "azHUD":1.0263101688189,
    "phyRange":0,
    "prevEl":-0.30034154653549,
    "fAz":1.0161691337055,
    "obs":[],
    "azHMD":0,
    "prevHdg":1.1699073314667,
    "prevAz":1.025461435318,
    "fEl":-0.069816681317522,
    "prevPitch":0.23040281236172,
    "elHMD":0,
    "elHUD":-0.070070552668456
  }
}', and now has the content: '{
  "16777728":{
    "unNormAz":-0.20274134680258,
    "beenThreat":1,
    "azHUD":-0.20342974257835,
    "phyRange":0,
    "prevEl":-0.20978778600693,
    "fAz":6.080443960377,
    "obs":[],
    "azHMD":0,
    "prevHdg":1.1439715623856,
    "prevAz":6.007071018219,
    "fEl":-0.056055364127872,
    "prevPitch":0.22418215870857,
    "elHMD":0,
    "elHUD":-0.26390375231098
  },
  "16783104":{
    "unNormAz":1.75360576875,
    "beenThreat":0,
    "azHUD":1.7289844969389,
    "phyRange":0,
    "prevEl":-0.010937517508864,
    "fAz":1.75360576875,
    "obs":[],
    "azHMD":0,
    "prevHdg":1.1699073314667,
    "prevAz":1.7303321361542,
    "fEl":0.076965765278186,
    "prevPitch":0.23040281236172,
    "elHMD":0,
    "elHUD":0.1975236661323
  },
  "16782848":{
    "unNormAz":1.0161691337055,
    "beenThreat":0,
    "azHUD":1.0263101688189,
    "phyRange":0,
    "prevEl":-0.30034154653549,
    "fAz":1.0161691337055,
    "obs":[],
    "azHMD":0,
    "prevHdg":1.1699073314667,
    "prevAz":1.025461435318,
    "fEl":-0.069816681317522,
    "prevPitch":0.23040281236172,
    "elHMD":0,
    "elHUD":-0.070070552668456
  }
}'.
2026-01-08 14:55:47 EDIT    Line: '1' Which had the content: '{
  "16777728":{
    "unNormAz":-0.20274134680258,
    "beenThreat":1,
    "azHUD":-0.20363788578982,
    "phyRange":0,
    "prevEl":-0.20978778600693,
    "fAz":6.080443960377,
    "obs":[],
    "azHMD":0,
    "prevHdg":1.1439715623856,
    "prevAz":6.007071018219,
    "fEl":-0.056055364127872,
    "prevPitch":0.22418215870857,
    "elHMD":0,
    "elHUD":-0.26373578669524
  },
  "16783104":{
    "unNormAz":1.75360576875,
    "beenThreat":0,
    "azHUD":1.7286480315883,
    "phyRange":0,
    "prevEl":-0.010937517508864,
    "fAz":1.75360576875,
    "obs":[],
    "azHMD":0,
    "prevHdg":1.1699073314667,
    "prevAz":1.7303321361542,
    "fEl":0.076965765278186,
    "prevPitch":0.23040281236172,
    "elHMD":0,
    "elHUD":0.19822870228905
  },
  "16782848":{
    "unNormAz":1.0161691337055,
    "beenThreat":0,
    "azHUD":1.0260481047972,
    "phyRange":0,
    "prevEl":-0.30034154653549,
    "fAz":1.0161691337055,
    "obs":[],
    "azHMD":0,
    "prevHdg":1.1699073314667,
    "prevAz":1.025461435318,
    "fEl":-0.069816681317522,
    "prevPitch":0.23040281236172,
    "elHMD":0,
    "elHUD":-0.069560804987831
  }
}', and now has the content: '{
  "16777728":{
    "unNormAz":-0.20274134680258,
    "beenThreat":1,
    "azHUD":-0.20363788578982,
    "phyRange":0,
    "prevEl":-0.20978778600693,
    "fAz":6.080443960377,
    "obs":[],
    "azHMD":0,
    "prevHdg":1.1439715623856,
    "prevAz":6.007071018219,
    "fEl":-0.056055364127872,
    "prevPitch":0.22418215870857,
    "elHMD":0,
    "elHUD":-0.26373578669524
  },
  "16783104":{
    "unNormAz":1.75360576875,
    "beenThreat":0,
    "azHUD":1.7286480315883,
    "phyRange":0,
    "prevEl":-0.010937517508864,
    "fAz":1.75360576875,
    "obs":[],
    "azHMD":0,
    "prevHdg":1.1699073314667,
    "prevAz":1.7303321361542,
    "fEl":0.076965765278186,
    "prevPitch":0.23040281236172,
    "elHMD":0,
    "elHUD":0.19822870228905
  },
  "16782848":{
    "unNormAz":1.0161691337055,
    "beenThreat":0,
    "azHUD":1.0260481047972,
    "phyRange":0,
    "prevEl":-0.30034154653549,
    "fAz":1.0161691337055,
    "obs":[],
    "azHMD":0,
    "prevHdg":1.1699073314667,
    "prevAz":1.025461435318,
    "fEl":-0.069816681317522,
    "prevPitch":0.23040281236172,
    "elHMD":0,
    "elHUD":-0.069560804987831
  }
}'.
2026-01-08 14:55:47 EDIT    Line: '1' Which had the content: '{
  "16777728":{
    "unNormAz":-0.20274134680258,
    "beenThreat":1,
    "azHUD":-0.20384777608643,
    "phyRange":0,
    "prevEl":-0.20978778600693,
    "fAz":6.080443960377,
    "obs":[],
    "azHMD":0,
    "prevHdg":1.1439715623856,
    "prevAz":6.007071018219,
    "fEl":-0.056055364127872,
    "prevPitch":0.22418215870857,
    "elHMD":0,
    "elHUD":-0.26356814959749
  },
  "16783104":{
    "unNormAz":1.75360576875,
    "beenThreat":0,
    "azHUD":1.728313288027,
    "phyRange":0,
    "prevEl":-0.010937517508864,
    "fAz":1.75360576875,
    "obs":[],
    "azHMD":0,
    "prevHdg":1.1699073314667,
    "prevAz":1.7303321361542,
    "fEl":0.076965765278186,
    "prevPitch":0.23040281236172,
    "elHMD":0,
    "elHUD":0.198918258748
  },
  "16782848":{
    "unNormAz":1.0161691337055,
    "beenThreat":0,
    "azHUD":1.0257857203869,
    "phyRange":0,
    "prevEl":-0.30034154653549,
    "fAz":1.0161691337055,
    "obs":[],
    "azHMD":0,
    "prevHdg":1.1699073314667,
    "prevAz":1.025461435318,
    "fEl":-0.069816681317522,
    "prevPitch":0.23040281236172,
    "elHMD":0,
    "elHUD":-0.069061020376656
  }
}', and now has the content: '{
  "16777728":{
    "unNormAz":-0.20274134680258,
    "beenThreat":1,
    "azHUD":-0.20384777608643,
    "phyRange":0,
    "prevEl":-0.20978778600693,
    "fAz":6.080443960377,
    "obs":[],
    "azHMD":0,
    "prevHdg":1.1439715623856,
    "prevAz":6.007071018219,
    "fEl":-0.056055364127872,
    "prevPitch":0.22418215870857,
    "elHMD":0,
    "elHUD":-0.26356814959749
  },
  "16783104":{
    "unNormAz":1.75360576875,
    "beenThreat":0,
    "azHUD":1.728313288027,
    "phyRange":0,
    "prevEl":-0.010937517508864,
    "fAz":1.75360576875,
    "obs":[],
    "azHMD":0,
    "prevHdg":1.1699073314667,
    "prevAz":1.7303321361542,
    "fEl":0.076965765278186,
    "prevPitch":0.23040281236172,
    "elHMD":0,
    "elHUD":0.198918258748
  },
  "16782848":{
    "unNormAz":1.0161691337055,
    "beenThreat":0,
    "azHUD":1.0257857203869,
    "phyRange":0,
    "prevEl":-0.30034154653549,
    "fAz":1.0161691337055,
    "obs":[],
    "azHMD":0,
    "prevHdg":1.1699073314667,
    "prevAz":1.025461435318,
    "fEl":-0.069816681317522,
    "prevPitch":0.23040281236172,
    "elHMD":0,
    "elHUD":-0.069061020376656
  }
}'.
2026-01-08 14:55:47 EDIT    Line: '1' Which had the content: '{
  "16777728":{
    "unNormAz":-0.20274134680258,
    "beenThreat":1,
    "azHUD":-0.20405935608418,
    "phyRange":0,
    "prevEl":-0.20978778600693,
    "fAz":6.080443960377,
    "obs":[],
    "azHMD":0,
    "prevHdg":1.1439715623856,
    "prevAz":6.007071018219,
    "fEl":-0.056055364127872,
    "prevPitch":0.22418215870857,
    "elHMD":0,
    "elHUD":-0.26340105083301
  },
  "16783104":{
    "unNormAz":1.75360576875,
    "beenThreat":0,
    "azHUD":1.7279800599315,
    "phyRange":0,
    "prevEl":-0.010937517508864,
    "fAz":1.75360576875,
    "obs":[],
    "azHMD":0,
    "prevHdg":1.1699073314667,
    "prevAz":1.7303321361542,
    "fEl":0.076965765278186,
    "prevPitch":0.23040281236172,
    "elHMD":0,
    "elHUD":0.19959328017127
  },
  "16782848":{
    "unNormAz":1.0161691337055,
    "beenThreat":0,
    "azHUD":1.0255229646435,
    "phyRange":0,
    "prevEl":-0.30034154653549,
    "fAz":1.0161691337055,
    "obs":[],
    "azHMD":0,
    "prevHdg":1.1699073314667,
    "prevAz":1.025461435318,
    "fEl":-0.069816681317522,
    "prevPitch":0.23040281236172,
    "elHMD":0,
    "elHUD":-0.068570674554258
  }
}', and now has the content: '{
  "16777728":{
    "unNormAz":-0.20274134680258,
    "beenThreat":1,
    "azHUD":-0.20405935608418,
    "phyRange":0,
    "prevEl":-0.20978778600693,
    "fAz":6.080443960377,
    "obs":[],
    "azHMD":0,
    "prevHdg":1.1439715623856,
    "prevAz":6.007071018219,
    "fEl":-0.056055364127872,
    "prevPitch":0.22418215870857,
    "elHMD":0,
    "elHUD":-0.26340105083301
  },
  "16783104":{
    "unNormAz":1.75360576875,
    "beenThreat":0,
    "azHUD":1.7279800599315,
    "phyRange":0,
    "prevEl":-0.010937517508864,
    "fAz":1.75360576875,
    "obs":[],
    "azHMD":0,
    "prevHdg":1.1699073314667,
    "prevAz":1.7303321361542,
    "fEl":0.076965765278186,
    "prevPitch":0.23040281236172,
    "elHMD":0,
    "elHUD":0.19959328017127
  },
  "16782848":{
    "unNormAz":1.0161691337055,
    "beenThreat":0,
    "azHUD":1.0255229646435,
    "phyRange":0,
    "prevEl":-0.30034154653549,
    "fAz":1.0161691337055,
    "obs":[],
    "azHMD":0,
    "prevHdg":1.1699073314667,
    "prevAz":1.025461435318,
    "fEl":-0.069816681317522,
    "prevPitch":0.23040281236172,
    "elHMD":0,
    "elHUD":-0.068570674554258
  }
}'.
2026-01-08 14:55:47 EDIT    Line: '1' Which had the content: '{
  "16777728":{
    "unNormAz":-0.20274134680258,
    "beenThreat":1,
    "azHUD":-0.20427271305743,
    "phyRange":0,
    "prevEl":-0.20978778600693,
    "fAz":6.080443960377,
    "obs":[],
    "azHMD":0,
    "prevHdg":1.1439715623856,
    "prevAz":6.007071018219,
    "fEl":-0.056055364127872,
    "prevPitch":0.22418215870857,
    "elHMD":0,
    "elHUD":-0.26323448322716
  },
  "16783104":{
    "unNormAz":1.75360576875,
    "beenThreat":0,
    "azHUD":1.7276479671612,
    "phyRange":0,
    "prevEl":-0.010937517508864,
    "fAz":1.75360576875,
    "obs":[],
    "azHMD":0,
    "prevHdg":1.1699073314667,
    "prevAz":1.7303321361542,
    "fEl":0.076965765278186,
    "prevPitch":0.23040281236172,
    "elHMD":0,
    "elHUD":0.20025504300185
  },
  "16782848":{
    "unNormAz":1.0161691337055,
    "beenThreat":0,
    "azHUD":1.0252596293574,
    "phyRange":0,
    "prevEl":-0.30034154653549,
    "fAz":1.0161691337055,
    "obs":[],
    "azHMD":0,
    "prevHdg":1.1699073314667,
    "prevAz":1.025461435318,
    "fEl":-0.069816681317522,
    "prevPitch":0.23040281236172,
    "elHMD":0,
    "elHUD":-0.068088953114543
  }
}', and now has the content: '{
  "16777728":{
    "unNormAz":-0.20274134680258,
    "beenThreat":1,
    "azHUD":-0.20427271305743,
    "phyRange":0,
    "prevEl":-0.20978778600693,
    "fAz":6.080443960377,
    "obs":[],
    "azHMD":0,
    "prevHdg":1.1439715623856,
    "prevAz":6.007071018219,
    "fEl":-0.056055364127872,
    "prevPitch":0.22418215870857,
    "elHMD":0,
    "elHUD":-0.26323448322716
  },
  "16783104":{
    "unNormAz":1.75360576875,
    "beenThreat":0,
    "azHUD":1.7276479671612,
    "phyRange":0,
    "prevEl":-0.010937517508864,
    "fAz":1.75360576875,
    "obs":[],
    "azHMD":0,
    "prevHdg":1.1699073314667,
    "prevAz":1.7303321361542,
    "fEl":0.076965765278186,
    "prevPitch":0.23040281236172,
    "elHMD":0,
    "elHUD":0.20025504300185
  },
  "16782848":{
    "unNormAz":1.0161691337055,
    "beenThreat":0,
    "azHUD":1.0252596293574,
    "phyRange":0,
    "prevEl":-0.30034154653549,
    "fAz":1.0161691337055,
    "obs":[],
    "azHMD":0,
    "prevHdg":1.1699073314667,
    "prevAz":1.025461435318,
    "fEl":-0.069816681317522,
    "prevPitch":0.23040281236172,
    "elHMD":0,
    "elHUD":-0.068088953114543
  }
}'.
2026-01-08 14:55:47 EDIT    Line: '1' Which had the content: '{
  "16777728":{
    "unNormAz":-0.20274134680258,
    "beenThreat":1,
    "azHUD":-0.2044873815192,
    "phyRange":0,
    "prevEl":-0.20978778600693,
    "fAz":6.080443960377,
    "obs":[],
    "azHMD":0,
    "prevHdg":1.1439715623856,
    "prevAz":6.007071018219,
    "fEl":-0.056055364127872,
    "prevPitch":0.22418215870857,
    "elHMD":0,
    "elHUD":-0.26306833922865
  },
  "16783104":{
    "unNormAz":1.75360576875,
    "beenThreat":0,
    "azHUD":1.7273172499064,
    "phyRange":0,
    "prevEl":-0.010937517508864,
    "fAz":1.75360576875,
    "obs":[],
    "azHMD":0,
    "prevHdg":1.1699073314667,
    "prevAz":1.7303321361542,
    "fEl":0.076965765278186,
    "prevPitch":0.23040281236172,
    "elHMD":0,
    "elHUD":0.20090463582779
  },
  "16782848":{
    "unNormAz":1.0161691337055,
    "beenThreat":0,
    "azHUD":1.0249960872077,
    "phyRange":0,
    "prevEl":-0.30034154653549,
    "fAz":1.0161691337055,
    "obs":[],
    "azHMD":0,
    "prevHdg":1.1699073314667,
    "prevAz":1.025461435318,
    "fEl":-0.069816681317522,
    "prevPitch":0.23040281236172,
    "elHMD":0,
    "elHUD":-0.067615124636763
  }
}', and now has the content: '{
  "16777728":{
    "unNormAz":-0.20274134680258,
    "beenThreat":1,
    "azHUD":-0.2044873815192,
    "phyRange":0,
    "prevEl":-0.20978778600693,
    "fAz":6.080443960377,
    "obs":[],
    "azHMD":0,
    "prevHdg":1.1439715623856,
    "prevAz":6.007071018219,
    "fEl":-0.056055364127872,
    "prevPitch":0.22418215870857,
    "elHMD":0,
    "elHUD":-0.26306833922865
  },
  "16783104":{
    "unNormAz":1.75360576875,
    "beenThreat":0,
    "azHUD":1.7273172499064,
    "phyRange":0,
    "prevEl":-0.010937517508864,
    "fAz":1.75360576875,
    "obs":[],
    "azHMD":0,
    "prevHdg":1.1699073314667,
    "prevAz":1.7303321361542,
    "fEl":0.076965765278186,
    "prevPitch":0.23040281236172,
    "elHMD":0,
    "elHUD":0.20090463582779
  },
  "16782848":{
    "unNormAz":1.0161691337055,
    "beenThreat":0,
    "azHUD":1.0249960872077,
    "phyRange":0,
    "prevEl":-0.30034154653549,
    "fAz":1.0161691337055,
    "obs":[],
    "azHMD":0,
    "prevHdg":1.1699073314667,
    "prevAz":1.025461435318,
    "fEl":-0.069816681317522,
    "prevPitch":0.23040281236172,
    "elHMD":0,
    "elHUD":-0.067615124636763
  }
}'.
2026-01-08 14:55:47 EDIT    Line: '1' Which had the content: '{
  "16777728":{
    "unNormAz":-0.20274134680258,
    "beenThreat":1,
    "azHUD":-0.2044873815192,
    "phyRange":0,
    "prevEl":-0.20978778600693,
    "fAz":6.080443960377,
    "obs":[],
    "azHMD":0,
    "prevHdg":1.1439715623856,
    "prevAz":6.007071018219,
    "fEl":-0.056055364127872,
    "prevPitch":0.22418215870857,
    "elHMD":0,
    "elHUD":-0.26306833922865
  },
  "16783104":{
    "unNormAz":1.75360576875,
    "beenThreat":0,
    "azHUD":1.7273172499064,
    "phyRange":0,
    "prevEl":-0.010937517508864,
    "fAz":1.75360576875,
    "obs":[],
    "azHMD":0,
    "prevHdg":1.1699073314667,
    "prevAz":1.7303321361542,
    "fEl":0.076965765278186,
    "prevPitch":0.23040281236172,
    "elHMD":0,
    "elHUD":0.20090463582779
  },
  "16782848":{
    "unNormAz":1.0161691337055,
    "beenThreat":0,
    "azHUD":1.0249960872077,
    "phyRange":0,
    "prevEl":-0.30034154653549,
    "fAz":1.0161691337055,
    "obs":[],
    "azHMD":0,
    "prevHdg":1.1699073314667,
    "prevAz":1.025461435318,
    "fEl":-0.069816681317522,
    "prevPitch":0.23040281236172,
    "elHMD":0,
    "elHUD":-0.067615124636763
  }
}', and now has the content: '{
  "16777728":{
    "unNormAz":-0.20274134680258,
    "beenThreat":1,
    "azHUD":-0.2044873815192,
    "phyRange":0,
    "prevEl":-0.20978778600693,
    "fAz":6.080443960377,
    "obs":[],
    "azHMD":0,
    "prevHdg":1.1439715623856,
    "prevAz":6.007071018219,
    "fEl":-0.056055364127872,
    "prevPitch":0.22418215870857,
    "elHMD":0,
    "elHUD":-0.26306833922865
  },
  "16783104":{
    "unNormAz":1.75360576875,
    "beenThreat":0,
    "azHUD":1.7273172499064,
    "phyRange":0,
    "prevEl":-0.010937517508864,
    "fAz":1.75360576875,
    "obs":[],
    "azHMD":0,
    "prevHdg":1.1699073314667,
    "prevAz":1.7303321361542,
    "fEl":0.076965765278186,
    "prevPitch":0.23040281236172,
    "elHMD":0,
    "elHUD":0.20090463582779
  },
  "16782848":{
    "unNormAz":1.0161691337055,
    "beenThreat":0,
    "azHUD":1.0249960872077,
    "phyRange":0,
    "prevEl":-0.30034154653549,
    "fAz":1.0161691337055,
    "obs":[],
    "azHMD":0,
    "prevHdg":1.1699073314667,
    "prevAz":1.025461435318,
    "fEl":-0.069816681317522,
    "prevPitch":0.23040281236172,
    "elHMD":0,
    "elHUD":-0.067615124636763
  }
}'.
2026-01-08 14:55:47 EDIT    Line: '1' Which had the content: '{
  "16777728":{
    "unNormAz":-0.20274134680258,
    "beenThreat":1,
    "azHUD":-0.20470357799491,
    "phyRange":0,
    "prevEl":-0.20978778600693,
    "fAz":6.080443960377,
    "obs":[],
    "azHMD":0,
    "prevHdg":1.1439715623856,
    "prevAz":6.007071018219,
    "fEl":-0.056055364127872,
    "prevPitch":0.22418215870857,
    "elHMD":0,
    "elHUD":-0.26290279016631
  },
  "16783104":{
    "unNormAz":1.75360576875,
    "beenThreat":0,
    "azHUD":1.7269874720597,
    "phyRange":0,
    "prevEl":-0.010937517508864,
    "fAz":1.75360576875,
    "obs":[],
    "azHMD":0,
    "prevHdg":1.1699073314667,
    "prevAz":1.7303321361542,
    "fEl":0.076965765278186,
    "prevPitch":0.23040281236172,
    "elHMD":0,
    "elHUD":0.20154283928797
  },
  "16782848":{
    "unNormAz":1.0161691337055,
    "beenThreat":0,
    "azHUD":1.0247320310106,
    "phyRange":0,
    "prevEl":-0.30034154653549,
    "fAz":1.0161691337055,
    "obs":[],
    "azHMD":0,
    "prevHdg":1.1699073314667,
    "prevAz":1.025461435318,
    "fEl":-0.069816681317522,
    "prevPitch":0.23040281236172,
    "elHMD":0,
    "elHUD":-0.0671487550192
  }
}', and now has the content: '{
  "16777728":{
    "unNormAz":-0.20274134680258,
    "beenThreat":1,
    "azHUD":-0.20470357799491,
    "phyRange":0,
    "prevEl":-0.20978778600693,
    "fAz":6.080443960377,
    "obs":[],
    "azHMD":0,
    "prevHdg":1.1439715623856,
    "prevAz":6.007071018219,
    "fEl":-0.056055364127872,
    "prevPitch":0.22418215870857,
    "elHMD":0,
    "elHUD":-0.26290279016631
  },
  "16783104":{
    "unNormAz":1.75360576875,
    "beenThreat":0,
    "azHUD":1.7269874720597,
    "phyRange":0,
    "prevEl":-0.010937517508864,
    "fAz":1.75360576875,
    "obs":[],
    "azHMD":0,
    "prevHdg":1.1699073314667,
    "prevAz":1.7303321361542,
    "fEl":0.076965765278186,
    "prevPitch":0.23040281236172,
    "elHMD":0,
    "elHUD":0.20154283928797
  },
  "16782848":{
    "unNormAz":1.0161691337055,
    "beenThreat":0,
    "azHUD":1.0247320310106,
    "phyRange":0,
    "prevEl":-0.30034154653549,
    "fAz":1.0161691337055,
    "obs":[],
    "azHMD":0,
    "prevHdg":1.1699073314667,
    "prevAz":1.025461435318,
    "fEl":-0.069816681317522,
    "prevPitch":0.23040281236172,
    "elHMD":0,
    "elHUD":-0.0671487550192
  }
}'.
2026-01-08 14:55:47 EDIT    Line: '1' Which had the content: '{
  "16777728":{
    "unNormAz":-0.20274134680258,
    "beenThreat":1,
    "azHUD":-0.20492108690949,
    "phyRange":0,
    "prevEl":-0.20978778600693,
    "fAz":6.080443960377,
    "obs":[],
    "azHMD":0,
    "prevHdg":1.1439715623856,
    "prevAz":6.007071018219,
    "fEl":-0.056055364127872,
    "prevPitch":0.22418215870857,
    "elHMD":0,
    "elHUD":-0.26273770749422
  },
  "16783104":{
    "unNormAz":1.75360576875,
    "beenThreat":0,
    "azHUD":1.7266586284921,
    "phyRange":0,
    "prevEl":-0.010937517508864,
    "fAz":1.75360576875,
    "obs":[],
    "azHMD":0,
    "prevHdg":1.1699073314667,
    "prevAz":1.7303321361542,
    "fEl":0.076965765278186,
    "prevPitch":0.23040281236172,
    "elHMD":0,
    "elHUD":0.20217073363077
  },
  "16782848":{
    "unNormAz":1.0161691337055,
    "beenThreat":0,
    "azHUD":1.0244675849689,
    "phyRange":0,
    "prevEl":-0.30034154653549,
    "fAz":1.0161691337055,
    "obs":[],
    "azHMD":0,
    "prevHdg":1.1699073314667,
    "prevAz":1.025461435318,
    "fEl":-0.069816681317522,
    "prevPitch":0.23040281236172,
    "elHMD":0,
    "elHUD":-0.066689110396239
  }
}', and now has the content: '{
  "16777728":{
    "unNormAz":-0.20274134680258,
    "beenThreat":1,
    "azHUD":-0.20492108690949,
    "phyRange":0,
    "prevEl":-0.20978778600693,
    "fAz":6.080443960377,
    "obs":[],
    "azHMD":0,
    "prevHdg":1.1439715623856,
    "prevAz":6.007071018219,
    "fEl":-0.056055364127872,
    "prevPitch":0.22418215870857,
    "elHMD":0,
    "elHUD":-0.26273770749422
  },
  "16783104":{
    "unNormAz":1.75360576875,
    "beenThreat":0,
    "azHUD":1.7266586284921,
    "phyRange":0,
    "prevEl":-0.010937517508864,
    "fAz":1.75360576875,
    "obs":[],
    "azHMD":0,
    "prevHdg":1.1699073314667,
    "prevAz":1.7303321361542,
    "fEl":0.076965765278186,
    "prevPitch":0.23040281236172,
    "elHMD":0,
    "elHUD":0.20217073363077
  },
  "16782848":{
    "unNormAz":1.0161691337055,
    "beenThreat":0,
    "azHUD":1.0244675849689,
    "phyRange":0,
    "prevEl":-0.30034154653549,
    "fAz":1.0161691337055,
    "obs":[],
    "azHMD":0,
    "prevHdg":1.1699073314667,
    "prevAz":1.025461435318,
    "fEl":-0.069816681317522,
    "prevPitch":0.23040281236172,
    "elHMD":0,
    "elHUD":-0.066689110396239
  }
}'.
2026-01-08 14:55:47 EDIT    Line: '1' Which had the content: '{
  "16777728":{
    "unNormAz":-0.20274134680258,
    "beenThreat":1,
    "azHUD":-0.20513981022688,
    "phyRange":0,
    "prevEl":-0.20978778600693,
    "fAz":6.080443960377,
    "obs":[],
    "azHMD":0,
    "prevHdg":1.1439715623856,
    "prevAz":6.007071018219,
    "fEl":-0.056055364127872,
    "prevPitch":0.22418215870857,
    "elHMD":0,
    "elHUD":-0.26257308531184
  },
  "16783104":{
    "unNormAz":1.75360576875,
    "beenThreat":0,
    "azHUD":1.7263306301371,
    "phyRange":0,
    "prevEl":-0.010937517508864,
    "fAz":1.75360576875,
    "obs":[],
    "azHMD":0,
    "prevHdg":1.1699073314667,
    "prevAz":1.7303321361542,
    "fEl":0.076965765278186,
    "prevPitch":0.23040281236172,
    "elHMD":0,
    "elHUD":0.20278913229964
  },
  "16782848":{
    "unNormAz":1.0161691337055,
    "beenThreat":0,
    "azHUD":1.0242027696936,
    "phyRange":0,
    "prevEl":-0.30034154653549,
    "fAz":1.0161691337055,
    "obs":[],
    "azHMD":0,
    "prevHdg":1.1699073314667,
    "prevAz":1.025461435318,
    "fEl":-0.069816681317522,
    "prevPitch":0.23040281236172,
    "elHMD":0,
    "elHUD":-0.066235671247035
  }
}', and now has the content: '{
  "16777728":{
    "unNormAz":-0.20274134680258,
    "beenThreat":1,
    "azHUD":-0.20513981022688,
    "phyRange":0,
    "prevEl":-0.20978778600693,
    "fAz":6.080443960377,
    "obs":[],
    "azHMD":0,
    "prevHdg":1.1439715623856,
    "prevAz":6.007071018219,
    "fEl":-0.056055364127872,
    "prevPitch":0.22418215870857,
    "elHMD":0,
    "elHUD":-0.26257308531184
  },
  "16783104":{
    "unNormAz":1.75360576875,
    "beenThreat":0,
    "azHUD":1.7263306301371,
    "phyRange":0,
    "prevEl":-0.010937517508864,
    "fAz":1.75360576875,
    "obs":[],
    "azHMD":0,
    "prevHdg":1.1699073314667,
    "prevAz":1.7303321361542,
    "fEl":0.076965765278186,
    "prevPitch":0.23040281236172,
    "elHMD":0,
    "elHUD":0.20278913229964
  },
  "16782848":{
    "unNormAz":1.0161691337055,
    "beenThreat":0,
    "azHUD":1.0242027696936,
    "phyRange":0,
    "prevEl":-0.30034154653549,
    "fAz":1.0161691337055,
    "obs":[],
    "azHMD":0,
    "prevHdg":1.1699073314667,
    "prevAz":1.025461435318,
    "fEl":-0.069816681317522,
    "prevPitch":0.23040281236172,
    "elHMD":0,
    "elHUD":-0.066235671247035
  }
}'.
2026-01-08 14:55:47 EDIT    Line: '1' Which had the content: '{
  "16777728":{
    "unNormAz":-0.20274134680258,
    "beenThreat":1,
    "azHUD":-0.20535965951071,
    "phyRange":0,
    "prevEl":-0.20978778600693,
    "fAz":6.080443960377,
    "obs":[],
    "azHMD":0,
    "prevHdg":1.1439715623856,
    "prevAz":6.007071018219,
    "fEl":-0.056055364127872,
    "prevPitch":0.22418215870857,
    "elHMD":0,
    "elHUD":-0.26240892358651
  },
  "16783104":{
    "unNormAz":1.75360576875,
    "beenThreat":0,
    "azHUD":1.7260033982597,
    "phyRange":0,
    "prevEl":-0.010937517508864,
    "fAz":1.75360576875,
    "obs":[],
    "azHMD":0,
    "prevHdg":1.1699073314667,
    "prevAz":1.7303321361542,
    "fEl":0.076965765278186,
    "prevPitch":0.23040281236172,
    "elHMD":0,
    "elHUD":0.20339875632
  },
  "16782848":{
    "unNormAz":1.0161691337055,
    "beenThreat":0,
    "azHUD":1.0239376044176,
    "phyRange":0,
    "prevEl":-0.30034154653549,
    "fAz":1.0161691337055,
    "obs":[],
    "azHMD":0,
    "prevHdg":1.1699073314667,
    "prevAz":1.025461435318,
    "fEl":-0.069816681317522,
    "prevPitch":0.23040281236172,
    "elHMD":0,
    "elHUD":-0.06578797896104
  }
}', and now has the content: '{
  "16777728":{
    "unNormAz":-0.20274134680258,
    "beenThreat":1,
    "azHUD":-0.20535965951071,
    "phyRange":0,
    "prevEl":-0.20978778600693,
    "fAz":6.080443960377,
    "obs":[],
    "azHMD":0,
    "prevHdg":1.1439715623856,
    "prevAz":6.007071018219,
    "fEl":-0.056055364127872,
    "prevPitch":0.22418215870857,
    "elHMD":0,
    "elHUD":-0.26240892358651
  },
  "16783104":{
    "unNormAz":1.75360576875,
    "beenThreat":0,
    "azHUD":1.7260033982597,
    "phyRange":0,
    "prevEl":-0.010937517508864,
    "fAz":1.75360576875,
    "obs":[],
    "azHMD":0,
    "prevHdg":1.1699073314667,
    "prevAz":1.7303321361542,
    "fEl":0.076965765278186,
    "prevPitch":0.23040281236172,
    "elHMD":0,
    "elHUD":0.20339875632
  },
  "16782848":{
    "unNormAz":1.0161691337055,
    "beenThreat":0,
    "azHUD":1.0239376044176,
    "phyRange":0,
    "prevEl":-0.30034154653549,
    "fAz":1.0161691337055,
    "obs":[],
    "azHMD":0,
    "prevHdg":1.1699073314667,
    "prevAz":1.025461435318,
    "fEl":-0.069816681317522,
    "prevPitch":0.23040281236172,
    "elHMD":0,
    "elHUD":-0.06578797896104
  }
}'.
2026-01-08 14:55:47 EDIT    Line: '1' Which had the content: '{
  "16777728":{
    "unNormAz":-0.20274134680258,
    "beenThreat":1,
    "azHUD":-0.20558068065869,
    "phyRange":0,
    "prevEl":-0.20978778600693,
    "fAz":6.080443960377,
    "obs":[],
    "azHMD":0,
    "prevHdg":1.1439715623856,
    "prevAz":6.007071018219,
    "fEl":-0.056055364127872,
    "prevPitch":0.22418215870857,
    "elHMD":0,
    "elHUD":-0.2622451662669
  },
  "16783104":{
    "unNormAz":1.75360576875,
    "beenThreat":0,
    "azHUD":1.7256767259608,
    "phyRange":0,
    "prevEl":-0.010937517508864,
    "fAz":1.75360576875,
    "obs":[],
    "azHMD":0,
    "prevHdg":1.1699073314667,
    "prevAz":1.7303321361542,
    "fEl":0.076965765278186,
    "prevPitch":0.23040281236172,
    "elHMD":0,
    "elHUD":0.2040003537735
  },
  "16782848":{
    "unNormAz":1.0161691337055,
    "beenThreat":0,
    "azHUD":1.0236719764794,
    "phyRange":0,
    "prevEl":-0.30034154653549,
    "fAz":1.0161691337055,
    "obs":[],
    "azHMD":0,
    "prevHdg":1.1699073314667,
    "prevAz":1.025461435318,
    "fEl":-0.069816681317522,
    "prevPitch":0.23040281236172,
    "elHMD":0,
    "elHUD":-0.065345537303545
  }
}', and now has the content: '{
  "16777728":{
    "unNormAz":-0.20274134680258,
    "beenThreat":1,
    "azHUD":-0.20558068065869,
    "phyRange":0,
    "prevEl":-0.20978778600693,
    "fAz":6.080443960377,
    "obs":[],
    "azHMD":0,
    "prevHdg":1.1439715623856,
    "prevAz":6.007071018219,
    "fEl":-0.056055364127872,
    "prevPitch":0.22418215870857,
    "elHMD":0,
    "elHUD":-0.2622451662669
  },
  "16783104":{
    "unNormAz":1.75360576875,
    "beenThreat":0,
    "azHUD":1.7256767259608,
    "phyRange":0,
    "prevEl":-0.010937517508864,
    "fAz":1.75360576875,
    "obs":[],
    "azHMD":0,
    "prevHdg":1.1699073314667,
    "prevAz":1.7303321361542,
    "fEl":0.076965765278186,
    "prevPitch":0.23040281236172,
    "elHMD":0,
    "elHUD":0.2040003537735
  },
  "16782848":{
    "unNormAz":1.0161691337055,
    "beenThreat":0,
    "azHUD":1.0236719764794,
    "phyRange":0,
    "prevEl":-0.30034154653549,
    "fAz":1.0161691337055,
    "obs":[],
    "azHMD":0,
    "prevHdg":1.1699073314667,
    "prevAz":1.025461435318,
    "fEl":-0.069816681317522,
    "prevPitch":0.23040281236172,
    "elHMD":0,
    "elHUD":-0.065345537303545
  }
}'.
2026-01-08 14:55:47 EDIT    Line: '1' Which had the content: '{
  "16777728":{
    "unNormAz":-0.20274134680258,
    "beenThreat":1,
    "azHUD":-0.20558068065869,
    "phyRange":0,
    "prevEl":-0.20978778600693,
    "fAz":6.080443960377,
    "obs":[],
    "azHMD":0,
    "prevHdg":1.1439715623856,
    "prevAz":6.007071018219,
    "fEl":-0.056055364127872,
    "prevPitch":0.22418215870857,
    "elHMD":0,
    "elHUD":-0.2622451662669
  },
  "16783104":{
    "unNormAz":1.75360576875,
    "beenThreat":0,
    "azHUD":1.7256767259608,
    "phyRange":0,
    "prevEl":-0.010937517508864,
    "fAz":1.75360576875,
    "obs":[],
    "azHMD":0,
    "prevHdg":1.1699073314667,
    "prevAz":1.7303321361542,
    "fEl":0.076965765278186,
    "prevPitch":0.23040281236172,
    "elHMD":0,
    "elHUD":0.2040003537735
  },
  "16782848":{
    "unNormAz":1.0161691337055,
    "beenThreat":0,
    "azHUD":1.0236719764794,
    "phyRange":0,
    "prevEl":-0.30034154653549,
    "fAz":1.0161691337055,
    "obs":[],
    "azHMD":0,
    "prevHdg":1.1699073314667,
    "prevAz":1.025461435318,
    "fEl":-0.069816681317522,
    "prevPitch":0.23040281236172,
    "elHMD":0,
    "elHUD":-0.065345537303545
  }
}', and now has the content: '{
  "16777728":{
    "unNormAz":-0.20274134680258,
    "beenThreat":1,
    "azHUD":-0.20558068065869,
    "phyRange":0,
    "prevEl":-0.20978778600693,
    "fAz":6.080443960377,
    "obs":[],
    "azHMD":0,
    "prevHdg":1.1439715623856,
    "prevAz":6.007071018219,
    "fEl":-0.056055364127872,
    "prevPitch":0.22418215870857,
    "elHMD":0,
    "elHUD":-0.2622451662669
  },
  "16783104":{
    "unNormAz":1.75360576875,
    "beenThreat":0,
    "azHUD":1.7256767259608,
    "phyRange":0,
    "prevEl":-0.010937517508864,
    "fAz":1.75360576875,
    "obs":[],
    "azHMD":0,
    "prevHdg":1.1699073314667,
    "prevAz":1.7303321361542,
    "fEl":0.076965765278186,
    "prevPitch":0.23040281236172,
    "elHMD":0,
    "elHUD":0.2040003537735
  },
  "16782848":{
    "unNormAz":1.0161691337055,
    "beenThreat":0,
    "azHUD":1.0236719764794,
    "phyRange":0,
    "prevEl":-0.30034154653549,
    "fAz":1.0161691337055,
    "obs":[],
    "azHMD":0,
    "prevHdg":1.1699073314667,
    "prevAz":1.025461435318,
    "fEl":-0.069816681317522,
    "prevPitch":0.23040281236172,
    "elHMD":0,
    "elHUD":-0.065345537303545
  }
}'.
2026-01-08 14:55:47 EDIT    Line: '1' Which had the content: '{
  "16777728":{
    "unNormAz":-0.20274134680258,
    "beenThreat":1,
    "azHUD":-0.20580269667666,
    "phyRange":0,
    "prevEl":-0.20978778600693,
    "fAz":6.080443960377,
    "obs":[],
    "azHMD":0,
    "prevHdg":1.1439715623856,
    "prevAz":6.007071018219,
    "fEl":-0.056055364127872,
    "prevPitch":0.22418215870857,
    "elHMD":0,
    "elHUD":-0.26208170817036
  },
  "16783104":{
    "unNormAz":1.75360576875,
    "beenThreat":0,
    "azHUD":1.7253506493728,
    "phyRange":0,
    "prevEl":-0.010937517508864,
    "fAz":1.75360576875,
    "obs":[],
    "azHMD":0,
    "prevHdg":1.1699073314667,
    "prevAz":1.7303321361542,
    "fEl":0.076965765278186,
    "prevPitch":0.23040281236172,
    "elHMD":0,
    "elHUD":0.20459463537211
  },
  "16782848":{
    "unNormAz":1.0161691337055,
    "beenThreat":0,
    "azHUD":1.023406004464,
    "phyRange":0,
    "prevEl":-0.30034154653549,
    "fAz":1.0161691337055,
    "obs":[],
    "azHMD":0,
    "prevHdg":1.1699073314667,
    "prevAz":1.025461435318,
    "fEl":-0.069816681317522,
    "prevPitch":0.23040281236172,
    "elHMD":0,
    "elHUD":-0.064907855930432
  }
}', and now has the content: '{
  "16777728":{
    "unNormAz":-0.20274134680258,
    "beenThreat":1,
    "azHUD":-0.20580269667666,
    "phyRange":0,
    "prevEl":-0.20978778600693,
    "fAz":6.080443960377,
    "obs":[],
    "azHMD":0,
    "prevHdg":1.1439715623856,
    "prevAz":6.007071018219,
    "fEl":-0.056055364127872,
    "prevPitch":0.22418215870857,
    "elHMD":0,
    "elHUD":-0.26208170817036
  },
  "16783104":{
    "unNormAz":1.75360576875,
    "beenThreat":0,
    "azHUD":1.7253506493728,
    "phyRange":0,
    "prevEl":-0.010937517508864,
    "fAz":1.75360576875,
    "obs":[],
    "azHMD":0,
    "prevHdg":1.1699073314667,
    "prevAz":1.7303321361542,
    "fEl":0.076965765278186,
    "prevPitch":0.23040281236172,
    "elHMD":0,
    "elHUD":0.20459463537211
  },
  "16782848":{
    "unNormAz":1.0161691337055,
    "beenThreat":0,
    "azHUD":1.023406004464,
    "phyRange":0,
    "prevEl":-0.30034154653549,
    "fAz":1.0161691337055,
    "obs":[],
    "azHMD":0,
    "prevHdg":1.1699073314667,
    "prevAz":1.025461435318,
    "fEl":-0.069816681317522,
    "prevPitch":0.23040281236172,
    "elHMD":0,
    "elHUD":-0.064907855930432
  }
}'.
2026-01-08 14:55:47 EDIT    Line: '1' Which had the content: '{
  "16777728":{
    "unNormAz":-0.20274134680258,
    "beenThreat":1,
    "azHUD":-0.20602575970838,
    "phyRange":0,
    "prevEl":-0.20978778600693,
    "fAz":6.080443960377,
    "obs":[],
    "azHMD":0,
    "prevHdg":1.1439715623856,
    "prevAz":6.007071018219,
    "fEl":-0.056055364127872,
    "prevPitch":0.22418215870857,
    "elHMD":0,
    "elHUD":-0.26191854038183
  },
  "16783104":{
    "unNormAz":1.75360576875,
    "beenThreat":0,
    "azHUD":1.7250249818305,
    "phyRange":0,
    "prevEl":-0.010937517508864,
    "fAz":1.75360576875,
    "obs":[],
    "azHMD":0,
    "prevHdg":1.1699073314667,
    "prevAz":1.7303321361542,
    "fEl":0.076965765278186,
    "prevPitch":0.23040281236172,
    "elHMD":0,
    "elHUD":0.20518218663786
  },
  "16782848":{
    "unNormAz":1.0161691337055,
    "beenThreat":0,
    "azHUD":1.0231395803658,
    "phyRange":0,
    "prevEl":-0.30034154653549,
    "fAz":1.0161691337055,
    "obs":[],
    "azHMD":0,
    "prevHdg":1.1699073314667,
    "prevAz":1.025461435318,
    "fEl":-0.069816681317522,
    "prevPitch":0.23040281236172,
    "elHMD":0,
    "elHUD":-0.064474559142947
  }
}', and now has the content: '{
  "16777728":{
    "unNormAz":-0.20274134680258,
    "beenThreat":1,
    "azHUD":-0.20602575970838,
    "phyRange":0,
    "prevEl":-0.20978778600693,
    "fAz":6.080443960377,
    "obs":[],
    "azHMD":0,
    "prevHdg":1.1439715623856,
    "prevAz":6.007071018219,
    "fEl":-0.056055364127872,
    "prevPitch":0.22418215870857,
    "elHMD":0,
    "elHUD":-0.26191854038183
  },
  "16783104":{
    "unNormAz":1.75360576875,
    "beenThreat":0,
    "azHUD":1.7250249818305,
    "phyRange":0,
    "prevEl":-0.010937517508864,
    "fAz":1.75360576875,
    "obs":[],
    "azHMD":0,
    "prevHdg":1.1699073314667,
    "prevAz":1.7303321361542,
    "fEl":0.076965765278186,
    "prevPitch":0.23040281236172,
    "elHMD":0,
    "elHUD":0.20518218663786
  },
  "16782848":{
    "unNormAz":1.0161691337055,
    "beenThreat":0,
    "azHUD":1.0231395803658,
    "phyRange":0,
    "prevEl":-0.30034154653549,
    "fAz":1.0161691337055,
    "obs":[],
    "azHMD":0,
    "prevHdg":1.1699073314667,
    "prevAz":1.025461435318,
    "fEl":-0.069816681317522,
    "prevPitch":0.23040281236172,
    "elHMD":0,
    "elHUD":-0.064474559142947
  }
}'.
2026-01-08 14:55:47 EDIT    Line: '1' Which had the content: '{
  "16777728":{
    "unNormAz":-0.20274134680258,
    "beenThreat":1,
    "azHUD":-0.2062496989067,
    "phyRange":0,
    "prevEl":-0.20978778600693,
    "fAz":6.080443960377,
    "obs":[],
    "azHMD":0,
    "prevHdg":1.1439715623856,
    "prevAz":6.007071018219,
    "fEl":-0.056055364127872,
    "prevPitch":0.22418215870857,
    "elHMD":0,
    "elHUD":-0.26175560467268
  },
  "16783104":{
    "unNormAz":1.75360576875,
    "beenThreat":0,
    "azHUD":1.7246997799849,
    "phyRange":0,
    "prevEl":-0.010937517508864,
    "fAz":1.75360576875,
    "obs":[],
    "azHMD":0,
    "prevHdg":1.1699073314667,
    "prevAz":1.7303321361542,
    "fEl":0.076965765278186,
    "prevPitch":0.23040281236172,
    "elHMD":0,
    "elHUD":0.20576355594935
  },
  "16782848":{
    "unNormAz":1.0161691337055,
    "beenThreat":0,
    "azHUD":1.022872827643,
    "phyRange":0,
    "prevEl":-0.30034154653549,
    "fAz":1.0161691337055,
    "obs":[],
    "azHMD":0,
    "prevHdg":1.1699073314667,
    "prevAz":1.025461435318,
    "fEl":-0.069816681317522,
    "prevPitch":0.23040281236172,
    "elHMD":0,
    "elHUD":-0.064045276932272
  }
}', and now has the content: '{
  "16777728":{
    "unNormAz":-0.20274134680258,
    "beenThreat":1,
    "azHUD":-0.2062496989067,
    "phyRange":0,
    "prevEl":-0.20978778600693,
    "fAz":6.080443960377,
    "obs":[],
    "azHMD":0,
    "prevHdg":1.1439715623856,
    "prevAz":6.007071018219,
    "fEl":-0.056055364127872,
    "prevPitch":0.22418215870857,
    "elHMD":0,
    "elHUD":-0.26175560467268
  },
  "16783104":{
    "unNormAz":1.75360576875,
    "beenThreat":0,
    "azHUD":1.7246997799849,
    "phyRange":0,
    "prevEl":-0.010937517508864,
    "fAz":1.75360576875,
    "obs":[],
    "azHMD":0,
    "prevHdg":1.1699073314667,
    "prevAz":1.7303321361542,
    "fEl":0.076965765278186,
    "prevPitch":0.23040281236172,
    "elHMD":0,
    "elHUD":0.20576355594935
  },
  "16782848":{
    "unNormAz":1.0161691337055,
    "beenThreat":0,
    "azHUD":1.022872827643,
    "phyRange":0,
    "prevEl":-0.30034154653549,
    "fAz":1.0161691337055,
    "obs":[],
    "azHMD":0,
    "prevHdg":1.1699073314667,
    "prevAz":1.025461435318,
    "fEl":-0.069816681317522,
    "prevPitch":0.23040281236172,
    "elHMD":0,
    "elHUD":-0.064045276932272
  }
}'.
2026-01-08 14:55:47 EDIT    Line: '1' Which had the content: '{
  "16777728":{
    "unNormAz":-0.20274134680258,
    "beenThreat":1,
    "azHUD":-0.20647445843807,
    "phyRange":0,
    "prevEl":-0.20978778600693,
    "fAz":6.080443960377,
    "obs":[],
    "azHMD":0,
    "prevHdg":1.1439715623856,
    "prevAz":6.007071018219,
    "fEl":-0.056055364127872,
    "prevPitch":0.22418215870857,
    "elHMD":0,
    "elHUD":-0.26159283998399
  },
  "16783104":{
    "unNormAz":1.75360576875,
    "beenThreat":0,
    "azHUD":1.7243749710456,
    "phyRange":0,
    "prevEl":-0.010937517508864,
    "fAz":1.75360576875,
    "obs":[],
    "azHMD":0,
    "prevHdg":1.1699073314667,
    "prevAz":1.7303321361542,
    "fEl":0.076965765278186,
    "prevPitch":0.23040281236172,
    "elHMD":0,
    "elHUD":0.20633935194447
  },
  "16782848":{
    "unNormAz":1.0161691337055,
    "beenThreat":0,
    "azHUD":1.0226057485334,
    "phyRange":0,
    "prevEl":-0.30034154653549,
    "fAz":1.0161691337055,
    "obs":[],
    "azHMD":0,
    "prevHdg":1.1699073314667,
    "prevAz":1.025461435318,
    "fEl":-0.069816681317522,
    "prevPitch":0.23040281236172,
    "elHMD":0,
    "elHUD":-0.063619599877971
  }
}', and now has the content: '{
  "16777728":{
    "unNormAz":-0.20274134680258,
    "beenThreat":1,
    "azHUD":-0.20647445843807,
    "phyRange":0,
    "prevEl":-0.20978778600693,
    "fAz":6.080443960377,
    "obs":[],
    "azHMD":0,
    "prevHdg":1.1439715623856,
    "prevAz":6.007071018219,
    "fEl":-0.056055364127872,
    "prevPitch":0.22418215870857,
    "elHMD":0,
    "elHUD":-0.26159283998399
  },
  "16783104":{
    "unNormAz":1.75360576875,
    "beenThreat":0,
    "azHUD":1.7243749710456,
    "phyRange":0,
    "prevEl":-0.010937517508864,
    "fAz":1.75360576875,
    "obs":[],
    "azHMD":0,
    "prevHdg":1.1699073314667,
    "prevAz":1.7303321361542,
    "fEl":0.076965765278186,
    "prevPitch":0.23040281236172,
    "elHMD":0,
    "elHUD":0.20633935194447
  },
  "16782848":{
    "unNormAz":1.0161691337055,
    "beenThreat":0,
    "azHUD":1.0226057485334,
    "phyRange":0,
    "prevEl":-0.30034154653549,
    "fAz":1.0161691337055,
    "obs":[],
    "azHMD":0,
    "prevHdg":1.1699073314667,
    "prevAz":1.025461435318,
    "fEl":-0.069816681317522,
    "prevPitch":0.23040281236172,
    "elHMD":0,
    "elHUD":-0.063619599877971
  }
}'.
2026-01-08 14:55:47 EDIT    Line: '1' Which had the content: '{
  "16777728":{
    "unNormAz":-0.20274134680258,
    "beenThreat":1,
    "azHUD":-0.20670023582252,
    "phyRange":0,
    "prevEl":-0.20978778600693,
    "fAz":6.080443960377,
    "obs":[],
    "azHMD":0,
    "prevHdg":1.1439715623856,
    "prevAz":6.007071018219,
    "fEl":-0.056055364127872,
    "prevPitch":0.22418215870857,
    "elHMD":0,
    "elHUD":-0.26143019907996
  },
  "16783104":{
    "unNormAz":1.75360576875,
    "beenThreat":0,
    "azHUD":1.7240502562678,
    "phyRange":0,
    "prevEl":-0.010937517508864,
    "fAz":1.75360576875,
    "obs":[],
    "azHMD":0,
    "prevHdg":1.1699073314667,
    "prevAz":1.7303321361542,
    "fEl":0.076965765278186,
    "prevPitch":0.23040281236172,
    "elHMD":0,
    "elHUD":0.20691005423285
  },
  "16782848":{
    "unNormAz":1.0161691337055,
    "beenThreat":0,
    "azHUD":1.0223381034083,
    "phyRange":0,
    "prevEl":-0.30034154653549,
    "fAz":1.0161691337055,
    "obs":[],
    "azHMD":0,
    "prevHdg":1.1699073314667,
    "prevAz":1.025461435318,
    "fEl":-0.069816681317522,
    "prevPitch":0.23040281236172,
    "elHMD":0,
    "elHUD":-0.063197205691048
  }
}', and now has the content: '{
  "16777728":{
    "unNormAz":-0.20274134680258,
    "beenThreat":1,
    "azHUD":-0.20670023582252,
    "phyRange":0,
    "prevEl":-0.20978778600693,
    "fAz":6.080443960377,
    "obs":[],
    "azHMD":0,
    "prevHdg":1.1439715623856,
    "prevAz":6.007071018219,
    "fEl":-0.056055364127872,
    "prevPitch":0.22418215870857,
    "elHMD":0,
    "elHUD":-0.26143019907996
  },
  "16783104":{
    "unNormAz":1.75360576875,
    "beenThreat":0,
    "azHUD":1.7240502562678,
    "phyRange":0,
    "prevEl":-0.010937517508864,
    "fAz":1.75360576875,
    "obs":[],
    "azHMD":0,
    "prevHdg":1.1699073314667,
    "prevAz":1.7303321361542,
    "fEl":0.076965765278186,
    "prevPitch":0.23040281236172,
    "elHMD":0,
    "elHUD":0.20691005423285
  },
  "16782848":{
    "unNormAz":1.0161691337055,
    "beenThreat":0,
    "azHUD":1.0223381034083,
    "phyRange":0,
    "prevEl":-0.30034154653549,
    "fAz":1.0161691337055,
    "obs":[],
    "azHMD":0,
    "prevHdg":1.1699073314667,
    "prevAz":1.025461435318,
    "fEl":-0.069816681317522,
    "prevPitch":0.23040281236172,
    "elHMD":0,
    "elHUD":-0.063197205691048
  }
}'.
2026-01-08 14:55:47 EDIT    Line: '1' Which had the content: '{
  "16777728":{
    "unNormAz":-0.20274134680258,
    "beenThreat":1,
    "azHUD":-0.20692664824868,
    "phyRange":0,
    "prevEl":-0.20978778600693,
    "fAz":6.080443960377,
    "obs":[],
    "azHMD":0,
    "prevHdg":1.1439715623856,
    "prevAz":6.007071018219,
    "fEl":-0.056055364127872,
    "prevPitch":0.22418215870857,
    "elHMD":0,
    "elHUD":-0.26126759160258
  },
  "16783104":{
    "unNormAz":1.75360576875,
    "beenThreat":0,
    "azHUD":1.7237259517568,
    "phyRange":0,
    "prevEl":-0.010937517508864,
    "fAz":1.75360576875,
    "obs":[],
    "azHMD":0,
    "prevHdg":1.1699073314667,
    "prevAz":1.7303321361542,
    "fEl":0.076965765278186,
    "prevPitch":0.23040281236172,
    "elHMD":0,
    "elHUD":0.20747604160465
  },
  "16782848":{
    "unNormAz":1.0161691337055,
    "beenThreat":0,
    "azHUD":1.0220702475008,
    "phyRange":0,
    "prevEl":-0.30034154653549,
    "fAz":1.0161691337055,
    "obs":[],
    "azHMD":0,
    "prevHdg":1.1699073314667,
    "prevAz":1.025461435318,
    "fEl":-0.069816681317522,
    "prevPitch":0.23040281236172,
    "elHMD":0,
    "elHUD":-0.062777820568358
  }
}', and now has the content: '{
  "16777728":{
    "unNormAz":-0.20274134680258,
    "beenThreat":1,
    "azHUD":-0.20692664824868,
    "phyRange":0,
    "prevEl":-0.20978778600693,
    "fAz":6.080443960377,
    "obs":[],
    "azHMD":0,
    "prevHdg":1.1439715623856,
    "prevAz":6.007071018219,
    "fEl":-0.056055364127872,
    "prevPitch":0.22418215870857,
    "elHMD":0,
    "elHUD":-0.26126759160258
  },
  "16783104":{
    "unNormAz":1.75360576875,
    "beenThreat":0,
    "azHUD":1.7237259517568,
    "phyRange":0,
    "prevEl":-0.010937517508864,
    "fAz":1.75360576875,
    "obs":[],
    "azHMD":0,
    "prevHdg":1.1699073314667,
    "prevAz":1.7303321361542,
    "fEl":0.076965765278186,
    "prevPitch":0.23040281236172,
    "elHMD":0,
    "elHUD":0.20747604160465
  },
  "16782848":{
    "unNormAz":1.0161691337055,
    "beenThreat":0,
    "azHUD":1.0220702475008,
    "phyRange":0,
    "prevEl":-0.30034154653549,
    "fAz":1.0161691337055,
    "obs":[],
    "azHMD":0,
    "prevHdg":1.1699073314667,
    "prevAz":1.025461435318,
    "fEl":-0.069816681317522,
    "prevPitch":0.23040281236172,
    "elHMD":0,
    "elHUD":-0.062777820568358
  }
}'.
2026-01-08 14:55:47 EDIT    Line: '1' Which had the content: '{
  "16777728":{
    "unNormAz":-0.20274134680258,
    "beenThreat":1,
    "azHUD":-0.20692664824868,
    "phyRange":0,
    "prevEl":-0.20978778600693,
    "fAz":6.080443960377,
    "obs":[],
    "azHMD":0,
    "prevHdg":1.1439715623856,
    "prevAz":6.007071018219,
    "fEl":-0.056055364127872,
    "prevPitch":0.22418215870857,
    "elHMD":0,
    "elHUD":-0.26126759160258
  },
  "16783104":{
    "unNormAz":1.75360576875,
    "beenThreat":0,
    "azHUD":1.7237259517568,
    "phyRange":0,
    "prevEl":-0.010937517508864,
    "fAz":1.75360576875,
    "obs":[],
    "azHMD":0,
    "prevHdg":1.1699073314667,
    "prevAz":1.7303321361542,
    "fEl":0.076965765278186,
    "prevPitch":0.23040281236172,
    "elHMD":0,
    "elHUD":0.20747604160465
  },
  "16782848":{
    "unNormAz":1.0161691337055,
    "beenThreat":0,
    "azHUD":1.0220702475008,
    "phyRange":0,
    "prevEl":-0.30034154653549,
    "fAz":1.0161691337055,
    "obs":[],
    "azHMD":0,
    "prevHdg":1.1699073314667,
    "prevAz":1.025461435318,
    "fEl":-0.069816681317522,
    "prevPitch":0.23040281236172,
    "elHMD":0,
    "elHUD":-0.062777820568358
  }
}', and now has the content: '{
  "16777728":{
    "unNormAz":-0.20274134680258,
    "beenThreat":1,
    "azHUD":-0.20692664824868,
    "phyRange":0,
    "prevEl":-0.20978778600693,
    "fAz":6.080443960377,
    "obs":[],
    "azHMD":0,
    "prevHdg":1.1439715623856,
    "prevAz":6.007071018219,
    "fEl":-0.056055364127872,
    "prevPitch":0.22418215870857,
    "elHMD":0,
    "elHUD":-0.26126759160258
  },
  "16783104":{
    "unNormAz":1.75360576875,
    "beenThreat":0,
    "azHUD":1.7237259517568,
    "phyRange":0,
    "prevEl":-0.010937517508864,
    "fAz":1.75360576875,
    "obs":[],
    "azHMD":0,
    "prevHdg":1.1699073314667,
    "prevAz":1.7303321361542,
    "fEl":0.076965765278186,
    "prevPitch":0.23040281236172,
    "elHMD":0,
    "elHUD":0.20747604160465
  },
  "16782848":{
    "unNormAz":1.0161691337055,
    "beenThreat":0,
    "azHUD":1.0220702475008,
    "phyRange":0,
    "prevEl":-0.30034154653549,
    "fAz":1.0161691337055,
    "obs":[],
    "azHMD":0,
    "prevHdg":1.1699073314667,
    "prevAz":1.025461435318,
    "fEl":-0.069816681317522,
    "prevPitch":0.23040281236172,
    "elHMD":0,
    "elHUD":-0.062777820568358
  }
}'.
2026-01-08 14:55:47 EDIT    Line: '1' Which had the content: '{
  "16777728":{
    "unNormAz":-0.20274134680258,
    "beenThreat":1,
    "azHUD":-0.20715400724585,
    "phyRange":0,
    "prevEl":-0.20978778600693,
    "fAz":6.080443960377,
    "obs":[],
    "azHMD":0,
    "prevHdg":1.1439715623856,
    "prevAz":6.007071018219,
    "fEl":-0.056055364127872,
    "prevPitch":0.22418215870857,
    "elHMD":0,
    "elHUD":-0.26110499412674
  },
  "16783104":{
    "unNormAz":1.75360576875,
    "beenThreat":0,
    "azHUD":1.7234016370564,
    "phyRange":0,
    "prevEl":-0.010937517508864,
    "fAz":1.75360576875,
    "obs":[],
    "azHMD":0,
    "prevHdg":1.1699073314667,
    "prevAz":1.7303321361542,
    "fEl":0.076965765278186,
    "prevPitch":0.23040281236172,
    "elHMD":0,
    "elHUD":0.20803779845667
  },
  "16782848":{
    "unNormAz":1.0161691337055,
    "beenThreat":0,
    "azHUD":1.0218018237589,
    "phyRange":0,
    "prevEl":-0.30034154653549,
    "fAz":1.0161691337055,
    "obs":[],
    "azHMD":0,
    "prevHdg":1.1699073314667,
    "prevAz":1.025461435318,
    "fEl":-0.069816681317522,
    "prevPitch":0.23040281236172,
    "elHMD":0,
    "elHUD":-0.062361127789957
  }
}', and now has the content: '{
  "16777728":{
    "unNormAz":-0.20274134680258,
    "beenThreat":1,
    "azHUD":-0.20715400724585,
    "phyRange":0,
    "prevEl":-0.20978778600693,
    "fAz":6.080443960377,
    "obs":[],
    "azHMD":0,
    "prevHdg":1.1439715623856,
    "prevAz":6.007071018219,
    "fEl":-0.056055364127872,
    "prevPitch":0.22418215870857,
    "elHMD":0,
    "elHUD":-0.26110499412674
  },
  "16783104":{
    "unNormAz":1.75360576875,
    "beenThreat":0,
    "azHUD":1.7234016370564,
    "phyRange":0,
    "prevEl":-0.010937517508864,
    "fAz":1.75360576875,
    "obs":[],
    "azHMD":0,
    "prevHdg":1.1699073314667,
    "prevAz":1.7303321361542,
    "fEl":0.076965765278186,
    "prevPitch":0.23040281236172,
    "elHMD":0,
    "elHUD":0.20803779845667
  },
  "16782848":{
    "unNormAz":1.0161691337055,
    "beenThreat":0,
    "azHUD":1.0218018237589,
    "phyRange":0,
    "prevEl":-0.30034154653549,
    "fAz":1.0161691337055,
    "obs":[],
    "azHMD":0,
    "prevHdg":1.1699073314667,
    "prevAz":1.025461435318,
    "fEl":-0.069816681317522,
    "prevPitch":0.23040281236172,
    "elHMD":0,
    "elHUD":-0.062361127789957
  }
}'.
2026-01-08 14:55:47 EDIT    Line: '1' Which had the content: '{
  "16777728":{
    "unNormAz":-0.20274134680258,
    "beenThreat":1,
    "azHUD":-0.20738204398729,
    "phyRange":0,
    "prevEl":-0.20978778600693,
    "fAz":6.080443960377,
    "obs":[],
    "azHMD":0,
    "prevHdg":1.1439715623856,
    "prevAz":6.007071018219,
    "fEl":-0.056055364127872,
    "prevPitch":0.22418215870857,
    "elHMD":0,
    "elHUD":-0.26094233993394
  },
  "16783104":{
    "unNormAz":1.75360576875,
    "beenThreat":0,
    "azHUD":1.7230775066395,
    "phyRange":0,
    "prevEl":-0.010937517508864,
    "fAz":1.75360576875,
    "obs":[],
    "azHMD":0,
    "prevHdg":1.1699073314667,
    "prevAz":1.7303321361542,
    "fEl":0.076965765278186,
    "prevPitch":0.23040281236172,
    "elHMD":0,
    "elHUD":0.20859570855012
  },
  "16782848":{
    "unNormAz":1.0161691337055,
    "beenThreat":0,
    "azHUD":1.0215330700516,
    "phyRange":0,
    "prevEl":-0.30034154653549,
    "fAz":1.0161691337055,
    "obs":[],
    "azHMD":0,
    "prevHdg":1.1699073314667,
    "prevAz":1.025461435318,
    "fEl":-0.069816681317522,
    "prevPitch":0.23040281236172,
    "elHMD":0,
    "elHUD":-0.061946858945312
  }
}', and now has the content: '{
  "16777728":{
    "unNormAz":-0.20274134680258,
    "beenThreat":1,
    "azHUD":-0.20738204398729,
    "phyRange":0,
    "prevEl":-0.20978778600693,
    "fAz":6.080443960377,
    "obs":[],
    "azHMD":0,
    "prevHdg":1.1439715623856,
    "prevAz":6.007071018219,
    "fEl":-0.056055364127872,
    "prevPitch":0.22418215870857,
    "elHMD":0,
    "elHUD":-0.26094233993394
  },
  "16783104":{
    "unNormAz":1.75360576875,
    "beenThreat":0,
    "azHUD":1.7230775066395,
    "phyRange":0,
    "prevEl":-0.010937517508864,
    "fAz":1.75360576875,
    "obs":[],
    "azHMD":0,
    "prevHdg":1.1699073314667,
    "prevAz":1.7303321361542,
    "fEl":0.076965765278186,
    "prevPitch":0.23040281236172,
    "elHMD":0,
    "elHUD":0.20859570855012
  },
  "16782848":{
    "unNormAz":1.0161691337055,
    "beenThreat":0,
    "azHUD":1.0215330700516,
    "phyRange":0,
    "prevEl":-0.30034154653549,
    "fAz":1.0161691337055,
    "obs":[],
    "azHMD":0,
    "prevHdg":1.1699073314667,
    "prevAz":1.025461435318,
    "fEl":-0.069816681317522,
    "prevPitch":0.23040281236172,
    "elHMD":0,
    "elHUD":-0.061946858945312
  }
}'.
2026-01-08 14:55:47 EDIT    Line: '1' Which had the content: '{
  "16777728":{
    "unNormAz":-0.20274134680258,
    "beenThreat":1,
    "azHUD":-0.20761086257869,
    "phyRange":0,
    "prevEl":-0.20978778600693,
    "fAz":6.080443960377,
    "obs":[],
    "azHMD":0,
    "prevHdg":1.1439715623856,
    "prevAz":6.007071018219,
    "fEl":-0.056055364127872,
    "prevPitch":0.22418215870857,
    "elHMD":0,
    "elHUD":-0.26077950594596
  },
  "16783104":{
    "unNormAz":1.75360576875,
    "beenThreat":0,
    "azHUD":1.7227533817622,
    "phyRange":0,
    "prevEl":-0.010937517508864,
    "fAz":1.75360576875,
    "obs":[],
    "azHMD":0,
    "prevHdg":1.1699073314667,
    "prevAz":1.7303321361542,
    "fEl":0.076965765278186,
    "prevPitch":0.23040281236172,
    "elHMD":0,
    "elHUD":0.20915021193793
  },
  "16782848":{
    "unNormAz":1.0161691337055,
    "beenThreat":0,
    "azHUD":1.0212638511346,
    "phyRange":0,
    "prevEl":-0.30034154653549,
    "fAz":1.0161691337055,
    "obs":[],
    "azHMD":0,
    "prevHdg":1.1699073314667,
    "prevAz":1.025461435318,
    "fEl":-0.069816681317522,
    "prevPitch":0.23040281236172,
    "elHMD":0,
    "elHUD":-0.061534689292747
  }
}', and now has the content: '{
  "16777728":{
    "unNormAz":-0.20274134680258,
    "beenThreat":1,
    "azHUD":-0.20761086257869,
    "phyRange":0,
    "prevEl":-0.20978778600693,
    "fAz":6.080443960377,
    "obs":[],
    "azHMD":0,
    "prevHdg":1.1439715623856,
    "prevAz":6.007071018219,
    "fEl":-0.056055364127872,
    "prevPitch":0.22418215870857,
    "elHMD":0,
    "elHUD":-0.26077950594596
  },
  "16783104":{
    "unNormAz":1.75360576875,
    "beenThreat":0,
    "azHUD":1.7227533817622,
    "phyRange":0,
    "prevEl":-0.010937517508864,
    "fAz":1.75360576875,
    "obs":[],
    "azHMD":0,
    "prevHdg":1.1699073314667,
    "prevAz":1.7303321361542,
    "fEl":0.076965765278186,
    "prevPitch":0.23040281236172,
    "elHMD":0,
    "elHUD":0.20915021193793
  },
  "16782848":{
    "unNormAz":1.0161691337055,
    "beenThreat":0,
    "azHUD":1.0212638511346,
    "phyRange":0,
    "prevEl":-0.30034154653549,
    "fAz":1.0161691337055,
    "obs":[],
    "azHMD":0,
    "prevHdg":1.1699073314667,
    "prevAz":1.025461435318,
    "fEl":-0.069816681317522,
    "prevPitch":0.23040281236172,
    "elHMD":0,
    "elHUD":-0.061534689292747
  }
}'.
2026-01-08 14:55:47 EDIT    Line: '1' Which had the content: '{
  "16777728":{
    "unNormAz":-0.20274134680258,
    "beenThreat":1,
    "azHUD":-0.20784030973859,
    "phyRange":0,
    "prevEl":-0.20978778600693,
    "fAz":6.080443960377,
    "obs":[],
    "azHMD":0,
    "prevHdg":1.1439715623856,
    "prevAz":6.007071018219,
    "fEl":-0.056055364127872,
    "prevPitch":0.22418215870857,
    "elHMD":0,
    "elHUD":-0.26061653637595
  },
  "16783104":{
    "unNormAz":1.741260136072,
    "beenThreat":0,
    "azHUD":1.7287811898236,
    "phyRange":0,
    "prevEl":0.2849081158638,
    "fAz":1.741260136072,
    "obs":[],
    "azHMD":0,
    "prevHdg":1.1906074285507,
    "prevAz":1.7300454378128,
    "fEl":0.0879469200058,
    "prevPitch":0.16514495015144,
    "elHMD":0,
    "elHUD":0.22195043375486
  },
  "16782848":{
    "unNormAz":1.097827372242,
    "beenThreat":0,
    "azHUD":1.1230897599109,
    "phyRange":0,
    "prevEl":0.0032577223610133,
    "fAz":1.097827372242,
    "obs":[],
    "azHMD":0,
    "prevHdg":1.1906074285507,
    "prevAz":1.1204336881638,
    "fEl":-0.077104901620234,
    "prevPitch":0.16514495015144,
    "elHMD":0,
    "elHUD":-0.050787017143229
  }
}', and now has the content: '{
  "16777728":{
    "unNormAz":-0.20274134680258,
    "beenThreat":1,
    "azHUD":-0.20784030973859,
    "phyRange":0,
    "prevEl":-0.20978778600693,
    "fAz":6.080443960377,
    "obs":[],
    "azHMD":0,
    "prevHdg":1.1439715623856,
    "prevAz":6.007071018219,
    "fEl":-0.056055364127872,
    "prevPitch":0.22418215870857,
    "elHMD":0,
    "elHUD":-0.26061653637595
  },
  "16783104":{
    "unNormAz":1.741260136072,
    "beenThreat":0,
    "azHUD":1.7287811898236,
    "phyRange":0,
    "prevEl":0.2849081158638,
    "fAz":1.741260136072,
    "obs":[],
    "azHMD":0,
    "prevHdg":1.1906074285507,
    "prevAz":1.7300454378128,
    "fEl":0.0879469200058,
    "prevPitch":0.16514495015144,
    "elHMD":0,
    "elHUD":0.22195043375486
  },
  "16782848":{
    "unNormAz":1.097827372242,
    "beenThreat":0,
    "azHUD":1.1230897599109,
    "phyRange":0,
    "prevEl":0.0032577223610133,
    "fAz":1.097827372242,
    "obs":[],
    "azHMD":0,
    "prevHdg":1.1906074285507,
    "prevAz":1.1204336881638,
    "fEl":-0.077104901620234,
    "prevPitch":0.16514495015144,
    "elHMD":0,
    "elHUD":-0.050787017143229
  }
}'.
2026-01-08 14:55:47 EDIT    Line: '1' Which had the content: '{
  "16777728":{
    "unNormAz":-0.20274134680258,
    "beenThreat":1,
    "azHUD":-0.20807047447962,
    "phyRange":0,
    "prevEl":-0.20978778600693,
    "fAz":6.080443960377,
    "obs":[],
    "azHMD":0,
    "prevHdg":1.1439715623856,
    "prevAz":6.007071018219,
    "fEl":-0.056055364127872,
    "prevPitch":0.22418215870857,
    "elHMD":0,
    "elHUD":-0.26045335871193
  },
  "16783104":{
    "unNormAz":1.741260136072,
    "beenThreat":0,
    "azHUD":1.7284546656292,
    "phyRange":0,
    "prevEl":0.2849081158638,
    "fAz":1.741260136072,
    "obs":[],
    "azHMD":0,
    "prevHdg":1.1906074285507,
    "prevAz":1.7300454378128,
    "fEl":0.0879469200058,
    "prevPitch":0.16514495015144,
    "elHMD":0,
    "elHUD":0.22250015349632
  },
  "16782848":{
    "unNormAz":1.097827372242,
    "beenThreat":0,
    "azHUD":1.1228176864644,
    "phyRange":0,
    "prevEl":0.0032577223610133,
    "fAz":1.097827372242,
    "obs":[],
    "azHMD":0,
    "prevHdg":1.1906074285507,
    "prevAz":1.1204336881638,
    "fEl":-0.077104901620234,
    "prevPitch":0.16514495015144,
    "elHMD":0,
    "elHUD":-0.050358188615879
  }
}', and now has the content: '{
  "16777728":{
    "unNormAz":-0.20274134680258,
    "beenThreat":1,
    "azHUD":-0.20807047447962,
    "phyRange":0,
    "prevEl":-0.20978778600693,
    "fAz":6.080443960377,
    "obs":[],
    "azHMD":0,
    "prevHdg":1.1439715623856,
    "prevAz":6.007071018219,
    "fEl":-0.056055364127872,
    "prevPitch":0.22418215870857,
    "elHMD":0,
    "elHUD":-0.26045335871193
  },
  "16783104":{
    "unNormAz":1.741260136072,
    "beenThreat":0,
    "azHUD":1.7284546656292,
    "phyRange":0,
    "prevEl":0.2849081158638,
    "fAz":1.741260136072,
    "obs":[],
    "azHMD":0,
    "prevHdg":1.1906074285507,
    "prevAz":1.7300454378128,
    "fEl":0.0879469200058,
    "prevPitch":0.16514495015144,
    "elHMD":0,
    "elHUD":0.22250015349632
  },
  "16782848":{
    "unNormAz":1.097827372242,
    "beenThreat":0,
    "azHUD":1.1228176864644,
    "phyRange":0,
    "prevEl":0.0032577223610133,
    "fAz":1.097827372242,
    "obs":[],
    "azHMD":0,
    "prevHdg":1.1906074285507,
    "prevAz":1.1204336881638,
    "fEl":-0.077104901620234,
    "prevPitch":0.16514495015144,
    "elHMD":0,
    "elHUD":-0.050358188615879
  }
}'.
2026-01-08 14:55:47 EDIT    Line: '1' Which had the content: '{
  "16777728":{
    "unNormAz":-0.20274134680258,
    "beenThreat":1,
    "azHUD":-0.20830123186082,
    "phyRange":0,
    "prevEl":-0.20978778600693,
    "fAz":6.080443960377,
    "obs":[],
    "azHMD":0,
    "prevHdg":1.1439715623856,
    "prevAz":6.007071018219,
    "fEl":-0.056055364127872,
    "prevPitch":0.22418215870857,
    "elHMD":0,
    "elHUD":-0.26028985588667
  },
  "16783104":{
    "unNormAz":1.741260136072,
    "beenThreat":0,
    "azHUD":1.7281281702661,
    "phyRange":0,
    "prevEl":0.2849081158638,
    "fAz":1.741260136072,
    "obs":[],
    "azHMD":0,
    "prevHdg":1.1906074285507,
    "prevAz":1.7300454378128,
    "fEl":0.0879469200058,
    "prevPitch":0.16514495015144,
    "elHMD":0,
    "elHUD":0.22304738021885
  },
  "16782848":{
    "unNormAz":1.097827372242,
    "beenThreat":0,
    "azHUD":1.1225452714112,
    "phyRange":0,
    "prevEl":0.0032577223610133,
    "fAz":1.097827372242,
    "obs":[],
    "azHMD":0,
    "prevHdg":1.1906074285507,
    "prevAz":1.1204336881638,
    "fEl":-0.077104901620234,
    "prevPitch":0.16514495015144,
    "elHMD":0,
    "elHUD":-0.049930966919736
  }
}', and now has the content: '{
  "16777728":{
    "unNormAz":-0.20274134680258,
    "beenThreat":1,
    "azHUD":-0.20830123186082,
    "phyRange":0,
    "prevEl":-0.20978778600693,
    "fAz":6.080443960377,
    "obs":[],
    "azHMD":0,
    "prevHdg":1.1439715623856,
    "prevAz":6.007071018219,
    "fEl":-0.056055364127872,
    "prevPitch":0.22418215870857,
    "elHMD":0,
    "elHUD":-0.26028985588667
  },
  "16783104":{
    "unNormAz":1.741260136072,
    "beenThreat":0,
    "azHUD":1.7281281702661,
    "phyRange":0,
    "prevEl":0.2849081158638,
    "fAz":1.741260136072,
    "obs":[],
    "azHMD":0,
    "prevHdg":1.1906074285507,
    "prevAz":1.7300454378128,
    "fEl":0.0879469200058,
    "prevPitch":0.16514495015144,
    "elHMD":0,
    "elHUD":0.22304738021885
  },
  "16782848":{
    "unNormAz":1.097827372242,
    "beenThreat":0,
    "azHUD":1.1225452714112,
    "phyRange":0,
    "prevEl":0.0032577223610133,
    "fAz":1.097827372242,
    "obs":[],
    "azHMD":0,
    "prevHdg":1.1906074285507,
    "prevAz":1.1204336881638,
    "fEl":-0.077104901620234,
    "prevPitch":0.16514495015144,
    "elHMD":0,
    "elHUD":-0.049930966919736
  }
}'.
2026-01-08 14:55:47 EDIT    Line: '1' Which had the content: '{
  "16777728":{
    "unNormAz":-0.20274134680258,
    "beenThreat":1,
    "azHUD":-0.20830123186082,
    "phyRange":0,
    "prevEl":-0.20978778600693,
    "fAz":6.080443960377,
    "obs":[],
    "azHMD":0,
    "prevHdg":1.1439715623856,
    "prevAz":6.007071018219,
    "fEl":-0.056055364127872,
    "prevPitch":0.22418215870857,
    "elHMD":0,
    "elHUD":-0.26028985588667
  },
  "16783104":{
    "unNormAz":1.741260136072,
    "beenThreat":0,
    "azHUD":1.7281281702661,
    "phyRange":0,
    "prevEl":0.2849081158638,
    "fAz":1.741260136072,
    "obs":[],
    "azHMD":0,
    "prevHdg":1.1906074285507,
    "prevAz":1.7300454378128,
    "fEl":0.0879469200058,
    "prevPitch":0.16514495015144,
    "elHMD":0,
    "elHUD":0.22304738021885
  },
  "16782848":{
    "unNormAz":1.097827372242,
    "beenThreat":0,
    "azHUD":1.1225452714112,
    "phyRange":0,
    "prevEl":0.0032577223610133,
    "fAz":1.097827372242,
    "obs":[],
    "azHMD":0,
    "prevHdg":1.1906074285507,
    "prevAz":1.1204336881638,
    "fEl":-0.077104901620234,
    "prevPitch":0.16514495015144,
    "elHMD":0,
    "elHUD":-0.049930966919736
  }
}', and now has the content: '{
  "16777728":{
    "unNormAz":-0.20274134680258,
    "beenThreat":1,
    "azHUD":-0.20830123186082,
    "phyRange":0,
    "prevEl":-0.20978778600693,
    "fAz":6.080443960377,
    "obs":[],
    "azHMD":0,
    "prevHdg":1.1439715623856,
    "prevAz":6.007071018219,
    "fEl":-0.056055364127872,
    "prevPitch":0.22418215870857,
    "elHMD":0,
    "elHUD":-0.26028985588667
  },
  "16783104":{
    "unNormAz":1.741260136072,
    "beenThreat":0,
    "azHUD":1.7281281702661,
    "phyRange":0,
    "prevEl":0.2849081158638,
    "fAz":1.741260136072,
    "obs":[],
    "azHMD":0,
    "prevHdg":1.1906074285507,
    "prevAz":1.7300454378128,
    "fEl":0.0879469200058,
    "prevPitch":0.16514495015144,
    "elHMD":0,
    "elHUD":0.22304738021885
  },
  "16782848":{
    "unNormAz":1.097827372242,
    "beenThreat":0,
    "azHUD":1.1225452714112,
    "phyRange":0,
    "prevEl":0.0032577223610133,
    "fAz":1.097827372242,
    "obs":[],
    "azHMD":0,
    "prevHdg":1.1906074285507,
    "prevAz":1.1204336881638,
    "fEl":-0.077104901620234,
    "prevPitch":0.16514495015144,
    "elHMD":0,
    "elHUD":-0.049930966919736
  }
}'.
2026-01-08 14:55:47 EDIT    Line: '1' Which had the content: '{
  "16777728":{
    "unNormAz":-0.20274134680258,
    "beenThreat":1,
    "azHUD":-0.20853257083039,
    "phyRange":0,
    "prevEl":-0.20978778600693,
    "fAz":6.080443960377,
    "obs":[],
    "azHMD":0,
    "prevHdg":1.1439715623856,
    "prevAz":6.007071018219,
    "fEl":-0.056055364127872,
    "prevPitch":0.22418215870857,
    "elHMD":0,
    "elHUD":-0.26012601007699
  },
  "16783104":{
    "unNormAz":1.741260136072,
    "beenThreat":0,
    "azHUD":1.727801687622,
    "phyRange":0,
    "prevEl":0.2849081158638,
    "fAz":1.741260136072,
    "obs":[],
    "azHMD":0,
    "prevHdg":1.1906074285507,
    "prevAz":1.7300454378128,
    "fEl":0.0879469200058,
    "prevPitch":0.16514495015144,
    "elHMD":0,
    "elHUD":0.22359224756023
  },
  "16782848":{
    "unNormAz":1.097827372242,
    "beenThreat":0,
    "azHUD":1.1222725143942,
    "phyRange":0,
    "prevEl":0.0032577223610133,
    "fAz":1.097827372242,
    "obs":[],
    "azHMD":0,
    "prevHdg":1.1906074285507,
    "prevAz":1.1204336881638,
    "fEl":-0.077104901620234,
    "prevPitch":0.16514495015144,
    "elHMD":0,
    "elHUD":-0.049505254739173
  }
}', and now has the content: '{
  "16777728":{
    "unNormAz":-0.20274134680258,
    "beenThreat":1,
    "azHUD":-0.20853257083039,
    "phyRange":0,
    "prevEl":-0.20978778600693,
    "fAz":6.080443960377,
    "obs":[],
    "azHMD":0,
    "prevHdg":1.1439715623856,
    "prevAz":6.007071018219,
    "fEl":-0.056055364127872,
    "prevPitch":0.22418215870857,
    "elHMD":0,
    "elHUD":-0.26012601007699
  },
  "16783104":{
    "unNormAz":1.741260136072,
    "beenThreat":0,
    "azHUD":1.727801687622,
    "phyRange":0,
    "prevEl":0.2849081158638,
    "fAz":1.741260136072,
    "obs":[],
    "azHMD":0,
    "prevHdg":1.1906074285507,
    "prevAz":1.7300454378128,
    "fEl":0.0879469200058,
    "prevPitch":0.16514495015144,
    "elHMD":0,
    "elHUD":0.22359224756023
  },
  "16782848":{
    "unNormAz":1.097827372242,
    "beenThreat":0,
    "azHUD":1.1222725143942,
    "phyRange":0,
    "prevEl":0.0032577223610133,
    "fAz":1.097827372242,
    "obs":[],
    "azHMD":0,
    "prevHdg":1.1906074285507,
    "prevAz":1.1204336881638,
    "fEl":-0.077104901620234,
    "prevPitch":0.16514495015144,
    "elHMD":0,
    "elHUD":-0.049505254739173
  }
}'.
2026-01-08 14:55:47 EDIT    Line: '1' Which had the content: '{
  "16777728":{
    "unNormAz":-0.20274134680258,
    "beenThreat":1,
    "azHUD":-0.20876468808761,
    "phyRange":0,
    "prevEl":-0.20978778600693,
    "fAz":6.080443960377,
    "obs":[],
    "azHMD":0,
    "prevHdg":1.1439715623856,
    "prevAz":6.007071018219,
    "fEl":-0.056055364127872,
    "prevPitch":0.22418215870857,
    "elHMD":0,
    "elHUD":-0.2599618284651
  },
  "16783104":{
    "unNormAz":1.741260136072,
    "beenThreat":0,
    "azHUD":1.7274749288084,
    "phyRange":0,
    "prevEl":0.2849081158638,
    "fAz":1.741260136072,
    "obs":[],
    "azHMD":0,
    "prevHdg":1.1906074285507,
    "prevAz":1.7300454378128,
    "fEl":0.0879469200058,
    "prevPitch":0.16514495015144,
    "elHMD":0,
    "elHUD":0.22413512379788
  },
  "16782848":{
    "unNormAz":1.097827372242,
    "beenThreat":0,
    "azHUD":1.1219991789537,
    "phyRange":0,
    "prevEl":0.0032577223610133,
    "fAz":1.097827372242,
    "obs":[],
    "azHMD":0,
    "prevHdg":1.1906074285507,
    "prevAz":1.1204336881638,
    "fEl":-0.077104901620234,
    "prevPitch":0.16514495015144,
    "elHMD":0,
    "elHUD":-0.0490808013053
  }
}', and now has the content: '{
  "16777728":{
    "unNormAz":-0.20274134680258,
    "beenThreat":1,
    "azHUD":-0.20876468808761,
    "phyRange":0,
    "prevEl":-0.20978778600693,
    "fAz":6.080443960377,
    "obs":[],
    "azHMD":0,
    "prevHdg":1.1439715623856,
    "prevAz":6.007071018219,
    "fEl":-0.056055364127872,
    "prevPitch":0.22418215870857,
    "elHMD":0,
    "elHUD":-0.2599618284651
  },
  "16783104":{
    "unNormAz":1.741260136072,
    "beenThreat":0,
    "azHUD":1.7274749288084,
    "phyRange":0,
    "prevEl":0.2849081158638,
    "fAz":1.741260136072,
    "obs":[],
    "azHMD":0,
    "prevHdg":1.1906074285507,
    "prevAz":1.7300454378128,
    "fEl":0.0879469200058,
    "prevPitch":0.16514495015144,
    "elHMD":0,
    "elHUD":0.22413512379788
  },
  "16782848":{
    "unNormAz":1.097827372242,
    "beenThreat":0,
    "azHUD":1.1219991789537,
    "phyRange":0,
    "prevEl":0.0032577223610133,
    "fAz":1.097827372242,
    "obs":[],
    "azHMD":0,
    "prevHdg":1.1906074285507,
    "prevAz":1.1204336881638,
    "fEl":-0.077104901620234,
    "prevPitch":0.16514495015144,
    "elHMD":0,
    "elHUD":-0.0490808013053
  }
}'.
2026-01-08 14:55:47 EDIT    Line: '1' Which had the content: '{
  "16777728":{
    "unNormAz":-0.20274134680258,
    "beenThreat":1,
    "azHUD":-0.20899723983498,
    "phyRange":0,
    "prevEl":-0.20978778600693,
    "fAz":6.080443960377,
    "obs":[],
    "azHMD":0,
    "prevHdg":1.1439715623856,
    "prevAz":6.007071018219,
    "fEl":-0.056055364127872,
    "prevPitch":0.22418215870857,
    "elHMD":0,
    "elHUD":-0.25979721644985
  },
  "16783104":{
    "unNormAz":1.741260136072,
    "beenThreat":0,
    "azHUD":1.7271482462,
    "phyRange":0,
    "prevEl":0.2849081158638,
    "fAz":1.741260136072,
    "obs":[],
    "azHMD":0,
    "prevHdg":1.1906074285507,
    "prevAz":1.7300454378128,
    "fEl":0.0879469200058,
    "prevPitch":0.16514495015144,
    "elHMD":0,
    "elHUD":0.22467607500613
  },
  "16782848":{
    "unNormAz":1.097827372242,
    "beenThreat":0,
    "azHUD":1.1217256129658,
    "phyRange":0,
    "prevEl":0.0032577223610133,
    "fAz":1.097827372242,
    "obs":[],
    "azHMD":0,
    "prevHdg":1.1906074285507,
    "prevAz":1.1204336881638,
    "fEl":-0.077104901620234,
    "prevPitch":0.16514495015144,
    "elHMD":0,
    "elHUD":-0.048657531708814
  }
}', and now has the content: '{
  "16777728":{
    "unNormAz":-0.20274134680258,
    "beenThreat":1,
    "azHUD":-0.20899723983498,
    "phyRange":0,
    "prevEl":-0.20978778600693,
    "fAz":6.080443960377,
    "obs":[],
    "azHMD":0,
    "prevHdg":1.1439715623856,
    "prevAz":6.007071018219,
    "fEl":-0.056055364127872,
    "prevPitch":0.22418215870857,
    "elHMD":0,
    "elHUD":-0.25979721644985
  },
  "16783104":{
    "unNormAz":1.741260136072,
    "beenThreat":0,
    "azHUD":1.7271482462,
    "phyRange":0,
    "prevEl":0.2849081158638,
    "fAz":1.741260136072,
    "obs":[],
    "azHMD":0,
    "prevHdg":1.1906074285507,
    "prevAz":1.7300454378128,
    "fEl":0.0879469200058,
    "prevPitch":0.16514495015144,
    "elHMD":0,
    "elHUD":0.22467607500613
  },
  "16782848":{
    "unNormAz":1.097827372242,
    "beenThreat":0,
    "azHUD":1.1217256129658,
    "phyRange":0,
    "prevEl":0.0032577223610133,
    "fAz":1.097827372242,
    "obs":[],
    "azHMD":0,
    "prevHdg":1.1906074285507,
    "prevAz":1.1204336881638,
    "fEl":-0.077104901620234,
    "prevPitch":0.16514495015144,
    "elHMD":0,
    "elHUD":-0.048657531708814
  }
}'.
2026-01-08 14:55:47 EDIT    Line: '1' Which had the content: '{
  "16777728":{
    "unNormAz":-0.20274134680258,
    "beenThreat":1,
    "azHUD":-0.20923043587748,
    "phyRange":0,
    "prevEl":-0.20978778600693,
    "fAz":6.080443960377,
    "obs":[],
    "azHMD":0,
    "prevHdg":1.1439715623856,
    "prevAz":6.007071018219,
    "fEl":-0.056055364127872,
    "prevPitch":0.22418215870857,
    "elHMD":0,
    "elHUD":-0.25963214586774
  },
  "16783104":{
    "unNormAz":1.741260136072,
    "beenThreat":0,
    "azHUD":1.7268213518854,
    "phyRange":0,
    "prevEl":0.2849081158638,
    "fAz":1.741260136072,
    "obs":[],
    "azHMD":0,
    "prevHdg":1.1906074285507,
    "prevAz":1.7300454378128,
    "fEl":0.0879469200058,
    "prevPitch":0.16514495015144,
    "elHMD":0,
    "elHUD":0.22521544701872
  },
  "16782848":{
    "unNormAz":1.097827372242,
    "beenThreat":0,
    "azHUD":1.1214515729129,
    "phyRange":0,
    "prevEl":0.0032577223610133,
    "fAz":1.097827372242,
    "obs":[],
    "azHMD":0,
    "prevHdg":1.1906074285507,
    "prevAz":1.1204336881638,
    "fEl":-0.077104901620234,
    "prevPitch":0.16514495015144,
    "elHMD":0,
    "elHUD":-0.048235199531711
  }
}', and now has the content: '{
  "16777728":{
    "unNormAz":-0.20274134680258,
    "beenThreat":1,
    "azHUD":-0.20923043587748,
    "phyRange":0,
    "prevEl":-0.20978778600693,
    "fAz":6.080443960377,
    "obs":[],
    "azHMD":0,
    "prevHdg":1.1439715623856,
    "prevAz":6.007071018219,
    "fEl":-0.056055364127872,
    "prevPitch":0.22418215870857,
    "elHMD":0,
    "elHUD":-0.25963214586774
  },
  "16783104":{
    "unNormAz":1.741260136072,
    "beenThreat":0,
    "azHUD":1.7268213518854,
    "phyRange":0,
    "prevEl":0.2849081158638,
    "fAz":1.741260136072,
    "obs":[],
    "azHMD":0,
    "prevHdg":1.1906074285507,
    "prevAz":1.7300454378128,
    "fEl":0.0879469200058,
    "prevPitch":0.16514495015144,
    "elHMD":0,
    "elHUD":0.22521544701872
  },
  "16782848":{
    "unNormAz":1.097827372242,
    "beenThreat":0,
    "azHUD":1.1214515729129,
    "phyRange":0,
    "prevEl":0.0032577223610133,
    "fAz":1.097827372242,
    "obs":[],
    "azHMD":0,
    "prevHdg":1.1906074285507,
    "prevAz":1.1204336881638,
    "fEl":-0.077104901620234,
    "prevPitch":0.16514495015144,
    "elHMD":0,
    "elHUD":-0.048235199531711
  }
}'.
2026-01-08 14:55:47 EDIT    Line: '1' Which had the content: '{
  "16777728":{
    "unNormAz":-0.20274134680258,
    "beenThreat":1,
    "azHUD":-0.20946426426713,
    "phyRange":0,
    "prevEl":-0.20978778600693,
    "fAz":6.080443960377,
    "obs":[],
    "azHMD":0,
    "prevHdg":1.1439715623856,
    "prevAz":6.007071018219,
    "fEl":-0.056055364127872,
    "prevPitch":0.22418215870857,
    "elHMD":0,
    "elHUD":-0.25946662554927
  },
  "16783104":{
    "unNormAz":1.741260136072,
    "beenThreat":0,
    "azHUD":1.7264942372965,
    "phyRange":0,
    "prevEl":0.2849081158638,
    "fAz":1.741260136072,
    "obs":[],
    "azHMD":0,
    "prevHdg":1.1906074285507,
    "prevAz":1.7300454378128,
    "fEl":0.0879469200058,
    "prevPitch":0.16514495015144,
    "elHMD":0,
    "elHUD":0.22575331782846
  },
  "16782848":{
    "unNormAz":1.097827372242,
    "beenThreat":0,
    "azHUD":1.1211770620881,
    "phyRange":0,
    "prevEl":0.0032577223610133,
    "fAz":1.097827372242,
    "obs":[],
    "azHMD":0,
    "prevHdg":1.1906074285507,
    "prevAz":1.1204336881638,
    "fEl":-0.077104901620234,
    "prevPitch":0.16514495015144,
    "elHMD":0,
    "elHUD":-0.047813754001987
  }
}', and now has the content: '{
  "16777728":{
    "unNormAz":-0.20274134680258,
    "beenThreat":1,
    "azHUD":-0.20946426426713,
    "phyRange":0,
    "prevEl":-0.20978778600693,
    "fAz":6.080443960377,
    "obs":[],
    "azHMD":0,
    "prevHdg":1.1439715623856,
    "prevAz":6.007071018219,
    "fEl":-0.056055364127872,
    "prevPitch":0.22418215870857,
    "elHMD":0,
    "elHUD":-0.25946662554927
  },
  "16783104":{
    "unNormAz":1.741260136072,
    "beenThreat":0,
    "azHUD":1.7264942372965,
    "phyRange":0,
    "prevEl":0.2849081158638,
    "fAz":1.741260136072,
    "obs":[],
    "azHMD":0,
    "prevHdg":1.1906074285507,
    "prevAz":1.7300454378128,
    "fEl":0.0879469200058,
    "prevPitch":0.16514495015144,
    "elHMD":0,
    "elHUD":0.22575331782846
  },
  "16782848":{
    "unNormAz":1.097827372242,
    "beenThreat":0,
    "azHUD":1.1211770620881,
    "phyRange":0,
    "prevEl":0.0032577223610133,
    "fAz":1.097827372242,
    "obs":[],
    "azHMD":0,
    "prevHdg":1.1906074285507,
    "prevAz":1.1204336881638,
    "fEl":-0.077104901620234,
    "prevPitch":0.16514495015144,
    "elHMD":0,
    "elHUD":-0.047813754001987
  }
}'.
2026-01-08 14:55:47 EDIT    Line: '1' Which had the content: '{
  "16777728":{
    "unNormAz":-0.20274134680258,
    "beenThreat":1,
    "azHUD":-0.20946426426713,
    "phyRange":0,
    "prevEl":-0.20978778600693,
    "fAz":6.080443960377,
    "obs":[],
    "azHMD":0,
    "prevHdg":1.1439715623856,
    "prevAz":6.007071018219,
    "fEl":-0.056055364127872,
    "prevPitch":0.22418215870857,
    "elHMD":0,
    "elHUD":-0.25946662554927
  },
  "16783104":{
    "unNormAz":1.741260136072,
    "beenThreat":0,
    "azHUD":1.7264942372965,
    "phyRange":0,
    "prevEl":0.2849081158638,
    "fAz":1.741260136072,
    "obs":[],
    "azHMD":0,
    "prevHdg":1.1906074285507,
    "prevAz":1.7300454378128,
    "fEl":0.0879469200058,
    "prevPitch":0.16514495015144,
    "elHMD":0,
    "elHUD":0.22575331782846
  },
  "16782848":{
    "unNormAz":1.097827372242,
    "beenThreat":0,
    "azHUD":1.1211770620881,
    "phyRange":0,
    "prevEl":0.0032577223610133,
    "fAz":1.097827372242,
    "obs":[],
    "azHMD":0,
    "prevHdg":1.1906074285507,
    "prevAz":1.1204336881638,
    "fEl":-0.077104901620234,
    "prevPitch":0.16514495015144,
    "elHMD":0,
    "elHUD":-0.047813754001987
  }
}', and now has the content: '{
  "16777728":{
    "unNormAz":-0.20274134680258,
    "beenThreat":1,
    "azHUD":-0.20946426426713,
    "phyRange":0,
    "prevEl":-0.20978778600693,
    "fAz":6.080443960377,
    "obs":[],
    "azHMD":0,
    "prevHdg":1.1439715623856,
    "prevAz":6.007071018219,
    "fEl":-0.056055364127872,
    "prevPitch":0.22418215870857,
    "elHMD":0,
    "elHUD":-0.25946662554927
  },
  "16783104":{
    "unNormAz":1.741260136072,
    "beenThreat":0,
    "azHUD":1.7264942372965,
    "phyRange":0,
    "prevEl":0.2849081158638,
    "fAz":1.741260136072,
    "obs":[],
    "azHMD":0,
    "prevHdg":1.1906074285507,
    "prevAz":1.7300454378128,
    "fEl":0.0879469200058,
    "prevPitch":0.16514495015144,
    "elHMD":0,
    "elHUD":0.22575331782846
  },
  "16782848":{
    "unNormAz":1.097827372242,
    "beenThreat":0,
    "azHUD":1.1211770620881,
    "phyRange":0,
    "prevEl":0.0032577223610133,
    "fAz":1.097827372242,
    "obs":[],
    "azHMD":0,
    "prevHdg":1.1906074285507,
    "prevAz":1.1204336881638,
    "fEl":-0.077104901620234,
    "prevPitch":0.16514495015144,
    "elHMD":0,
    "elHUD":-0.047813754001987
  }
}'.
2026-01-08 14:55:47 EDIT    Line: '1' Which had the content: '{
  "16777728":{
    "unNormAz":-0.20274134680258,
    "beenThreat":1,
    "azHUD":-0.20969848981359,
    "phyRange":0,
    "prevEl":-0.20978778600693,
    "fAz":6.080443960377,
    "obs":[],
    "azHMD":0,
    "prevHdg":1.1439715623856,
    "prevAz":6.007071018219,
    "fEl":-0.056055364127872,
    "prevPitch":0.22418215870857,
    "elHMD":0,
    "elHUD":-0.25930050047116
  },
  "16783104":{
    "unNormAz":1.741260136072,
    "beenThreat":0,
    "azHUD":1.7261670953269,
    "phyRange":0,
    "prevEl":0.2849081158638,
    "fAz":1.741260136072,
    "obs":[],
    "azHMD":0,
    "prevHdg":1.1906074285507,
    "prevAz":1.7300454378128,
    "fEl":0.0879469200058,
    "prevPitch":0.16514495015144,
    "elHMD":0,
    "elHUD":0.22629001580414
  },
  "16782848":{
    "unNormAz":1.097827372242,
    "beenThreat":0,
    "azHUD":1.1209022975037,
    "phyRange":0,
    "prevEl":0.0032577223610133,
    "fAz":1.097827372242,
    "obs":[],
    "azHMD":0,
    "prevHdg":1.1906074285507,
    "prevAz":1.1204336881638,
    "fEl":-0.077104901620234,
    "prevPitch":0.16514495015144,
    "elHMD":0,
    "elHUD":-0.047392921018994
  }
}', and now has the content: '{
  "16777728":{
    "unNormAz":-0.20274134680258,
    "beenThreat":1,
    "azHUD":-0.20969848981359,
    "phyRange":0,
    "prevEl":-0.20978778600693,
    "fAz":6.080443960377,
    "obs":[],
    "azHMD":0,
    "prevHdg":1.1439715623856,
    "prevAz":6.007071018219,
    "fEl":-0.056055364127872,
    "prevPitch":0.22418215870857,
    "elHMD":0,
    "elHUD":-0.25930050047116
  },
  "16783104":{
    "unNormAz":1.741260136072,
    "beenThreat":0,
    "azHUD":1.7261670953269,
    "phyRange":0,
    "prevEl":0.2849081158638,
    "fAz":1.741260136072,
    "obs":[],
    "azHMD":0,
    "prevHdg":1.1906074285507,
    "prevAz":1.7300454378128,
    "fEl":0.0879469200058,
    "prevPitch":0.16514495015144,
    "elHMD":0,
    "elHUD":0.22629001580414
  },
  "16782848":{
    "unNormAz":1.097827372242,
    "beenThreat":0,
    "azHUD":1.1209022975037,
    "phyRange":0,
    "prevEl":0.0032577223610133,
    "fAz":1.097827372242,
    "obs":[],
    "azHMD":0,
    "prevHdg":1.1906074285507,
    "prevAz":1.1204336881638,
    "fEl":-0.077104901620234,
    "prevPitch":0.16514495015144,
    "elHMD":0,
    "elHUD":-0.047392921018994
  }
}'.
2026-01-08 14:55:47 EDIT    Line: '1' Which had the content: '{
  "16777728":{
    "unNormAz":-0.20274134680258,
    "beenThreat":1,
    "azHUD":-0.2099334336715,
    "phyRange":0,
    "prevEl":-0.20978778600693,
    "fAz":6.080443960377,
    "obs":[],
    "azHMD":0,
    "prevHdg":1.1439715623856,
    "prevAz":6.007071018219,
    "fEl":-0.056055364127872,
    "prevPitch":0.22418215870857,
    "elHMD":0,
    "elHUD":-0.25913393246525
  },
  "16783104":{
    "unNormAz":1.741260136072,
    "beenThreat":0,
    "azHUD":1.7258395768706,
    "phyRange":0,
    "prevEl":0.2849081158638,
    "fAz":1.741260136072,
    "obs":[],
    "azHMD":0,
    "prevHdg":1.1906074285507,
    "prevAz":1.7300454378128,
    "fEl":0.0879469200058,
    "prevPitch":0.16514495015144,
    "elHMD":0,
    "elHUD":0.22682549473477
  },
  "16782848":{
    "unNormAz":1.097827372242,
    "beenThreat":0,
    "azHUD":1.1206269460553,
    "phyRange":0,
    "prevEl":0.0032577223610133,
    "fAz":1.097827372242,
    "obs":[],
    "azHMD":0,
    "prevHdg":1.1906074285507,
    "prevAz":1.1204336881638,
    "fEl":-0.077104901620234,
    "prevPitch":0.16514495015144,
    "elHMD":0,
    "elHUD":-0.046972783005787
  }
}', and now has the content: '{
  "16777728":{
    "unNormAz":-0.20274134680258,
    "beenThreat":1,
    "azHUD":-0.2099334336715,
    "phyRange":0,
    "prevEl":-0.20978778600693,
    "fAz":6.080443960377,
    "obs":[],
    "azHMD":0,
    "prevHdg":1.1439715623856,
    "prevAz":6.007071018219,
    "fEl":-0.056055364127872,
    "prevPitch":0.22418215870857,
    "elHMD":0,
    "elHUD":-0.25913393246525
  },
  "16783104":{
    "unNormAz":1.741260136072,
    "beenThreat":0,
    "azHUD":1.7258395768706,
    "phyRange":0,
    "prevEl":0.2849081158638,
    "fAz":1.741260136072,
    "obs":[],
    "azHMD":0,
    "prevHdg":1.1906074285507,
    "prevAz":1.7300454378128,
    "fEl":0.0879469200058,
    "prevPitch":0.16514495015144,
    "elHMD":0,
    "elHUD":0.22682549473477
  },
  "16782848":{
    "unNormAz":1.097827372242,
    "beenThreat":0,
    "azHUD":1.1206269460553,
    "phyRange":0,
    "prevEl":0.0032577223610133,
    "fAz":1.097827372242,
    "obs":[],
    "azHMD":0,
    "prevHdg":1.1906074285507,
    "prevAz":1.1204336881638,
    "fEl":-0.077104901620234,
    "prevPitch":0.16514495015144,
    "elHMD":0,
    "elHUD":-0.046972783005787
  }
}'.
