{
 "Material #1012": {
  "reflMult": -1.0,
  "reflAdd": 0.47200000286102294922,
  "specMult": -1.4279999732971191406,
  "specAdd": 1.0,
  "specSelect": 1,
  "albedoLevel": 0.050999999046325683594,
  "albedoContrast": 1.0
 },
 "Fab-500_M54_TU_2": {
  "reflMult": -1.0,
  "reflAdd": 0.47200000286102294922,
  "specMult": -1.4279999732971191406,
  "specAdd": 1.0,
  "specSelect": 1,
  "albedoLevel": 0.050999999046325683594,
  "albedoContrast": 1.0
 }
}
