{
 "Material #1012": {
  "reflMult": -1.0,
  "reflAdd": 0.3970000147819519043,
  "specMult": -1.4279999732971191406,
  "specAdd": 1.0,
  "specSelect": 1,
  "albedoLevel": 0.050999999046325683594,
  "albedoContrast": 1.0
 }
}
