{
 "t544": {
  "reflMult": 1.0,
  "reflAdd": 0.0,
  "specMult": -2.8120000362396240234,
  "specAdd": 0.54000002145767211914,
  "specSelect": 1,
  "albedoLevel": 0.0,
  "albedoContrast": 1.0
 }
}
