{
 "Material #1091": {
  "reflMult": 1.0,
  "reflAdd": 0.0,
  "specMult": -0.85600000619888305664,
  "specAdd": 0.67599999904632568359,
  "specSelect": 1,
  "albedoLevel": 0.0,
  "albedoContrast": 1.0
 }
}
