{
 "__DEFAULT__": {
  "reflMult": 1.0,
  "reflAdd": 0.10000000149011611938,
  "specMult": -1.2999999523162841797,
  "specAdd": 0.89999997615814208984,
  "specSelect": 0,
  "albedoLevel": 0.0,
  "albedoContrast": 1.0
 }
}
