{
 "su27_cpt_devices02": {
  "reflMult": -0.20000000298023223877,
  "reflAdd": 0.5,
  "specMult": -0.20000000298023223877,
  "specAdd": 0.60000002384185791016,
  "specSelect": 1,
  "albedoLevel": 0.20000000298023223877,
  "albedoContrast": 0.89999997615814208984
 },
 "su27_cpt_panel01": {
  "reflMult": -0.20000000298023223877,
  "reflAdd": 0.5,
  "specMult": -0.20000000298023223877,
  "specAdd": 0.60000002384185791016,
  "specSelect": 1,
  "albedoLevel": 0.15000000596046447754,
  "albedoContrast": 1.0
 },
 "su27_cpt_panel04": {
  "reflMult": -0.20000000298023223877,
  "reflAdd": 0.5,
  "specMult": -0.20000000298023223877,
  "specAdd": 0.60000002384185791016,
  "specSelect": 1,
  "albedoLevel": 0.10000000149011611938,
  "albedoContrast": 1.0
 },
 "su27_cpt_inter": {
  "reflMult": 0.5,
  "reflAdd": 0.0,
  "specMult": -0.20000000298023223877,
  "specAdd": 0.60000002384185791016,
  "specSelect": 1,
  "albedoLevel": 0.10000000149011611938,
  "albedoContrast": 0.89999997615814208984
 },
 "su27_cpt_devices01": {
  "reflMult": 0.44999998807907104492,
  "reflAdd": 0.0,
  "specMult": -0.20000000298023223877,
  "specAdd": 0.60000002384185791016,
  "specSelect": 1,
  "albedoLevel": 0.20000000298023223877,
  "albedoContrast": 1.0
 },
 "su27_cpt_dev_glass": {
  "reflMult": 0.44800001382827758789,
  "reflAdd": 0.77999997138977050781,
  "specMult": -3.0,
  "specAdd": 0.23999999463558197021,
  "specSelect": 1,
  "albedoLevel": 0.050000000745058059692,
  "albedoContrast": 0.15000000596046447754
 },
 "su27_cpt_panel02": {
  "reflMult": -0.20000000298023223877,
  "reflAdd": 0.5,
  "specMult": -0.20000000298023223877,
  "specAdd": 0.60000002384185791016,
  "specSelect": 1,
  "albedoLevel": 0.10000000149011611938,
  "albedoContrast": 1.0
 },
 "su27_cpt_lamps": {
  "reflMult": 1.0,
  "reflAdd": 0.0,
  "specMult": -1.2999999523162841797,
  "specAdd": 1.0,
  "specSelect": 1,
  "albedoLevel": 0.0,
  "albedoContrast": 1.0
 },
 "su27_cpt_panel03": {
  "reflMult": -0.20000000298023223877,
  "reflAdd": 0.5,
  "specMult": -0.20000000298023223877,
  "specAdd": 0.60000002384185791016,
  "specSelect": 1,
  "albedoLevel": 0.10000000149011611938,
  "albedoContrast": 1.0
 },
 "su27_cpt_interior03": {
  "reflMult": -0.20000000298023223877,
  "reflAdd": 0.5,
  "specMult": -0.20000000298023223877,
  "specAdd": 0.60000002384185791016,
  "specSelect": 1,
  "albedoLevel": 0.15000000596046447754,
  "albedoContrast": 0.94999998807907104492
 },
 "su27_cpt_panel05": {
  "reflMult": -0.20000000298023223877,
  "reflAdd": 0.5,
  "specMult": -0.20000000298023223877,
  "specAdd": 0.60000002384185791016,
  "specSelect": 1,
  "albedoLevel": 0.10000000149011611938,
  "albedoContrast": 1.0
 },
 "su27_cpt_dev_glass_sum": {
  "reflMult": 1.0,
  "reflAdd": 0.0,
  "specMult": -1.2999999523162841797,
  "specAdd": 1.0,
  "specSelect": 1,
  "albedoLevel": 0.0,
  "albedoContrast": 1.0
 },
 "su27_cpt_rsbn": {
  "reflMult": 0.80000001192092895508,
  "reflAdd": 0.5,
  "specMult": 0.0,
  "specAdd": 0.60000002384185791016,
  "specSelect": 1,
  "albedoLevel": 0.0,
  "albedoContrast": 1.0
 },
 "su27_tex01": {
  "reflMult": 0.80000001192092895508,
  "reflAdd": 0.5,
  "specMult": 0.0,
  "specAdd": 0.60000002384185791016,
  "specSelect": 1,
  "albedoLevel": 0.21199999749660491943,
  "albedoContrast": 1.0
 },
 "su27_cpt_k36": {
  "reflMult": -0.30000001192092895508,
  "reflAdd": 0.5,
  "specMult": 0.0,
  "specAdd": 0.60000002384185791016,
  "specSelect": 1,
  "albedoLevel": 0.20000000298023223877,
  "albedoContrast": 0.89999997615814208984
 },
 "su27_canopyglass": {
  "reflMult": 0.44800001382827758789,
  "reflAdd": 0.77999997138977050781,
  "specMult": -3.0,
  "specAdd": 0.2720000147819519043,
  "specSelect": 1,
  "albedoLevel": 0.087999999523162841797,
  "albedoContrast": 0.065999999642372131348
 },
 "su27_cpt_germetik": {
  "reflMult": 0.5,
  "reflAdd": 0.25,
  "specMult": -1.0,
  "specAdd": 0.89999997615814208984,
  "specSelect": 1,
  "albedoLevel": 0.21199999749660491943,
  "albedoContrast": 1.0
 },
 "su27_cpt_mirror": {
  "reflMult": 0.80000001192092895508,
  "reflAdd": 0.5,
  "specMult": 0.0,
  "specAdd": 0.60000002384185791016,
  "specSelect": 1,
  "albedoLevel": 0.21199999749660491943,
  "albedoContrast": 1.0
 },
 "pilot_KA50_notepad": {
  "reflMult": 0.80000001192092895508,
  "reflAdd": 0.5,
  "specMult": -3.0,
  "specAdd": 0.60000002384185791016,
  "specSelect": 1,
  "albedoLevel": 0.0,
  "albedoContrast": 1.0
 },
 "pilot_Ka50_body": {
  "reflMult": 0.5,
  "reflAdd": 0.25,
  "specMult": -0.89999997615814208984,
  "specAdd": 0.89999997615814208984,
  "specSelect": 1,
  "albedoLevel": 0.10000000149011611938,
  "albedoContrast": 1.0
 }
}
