{
 "su33_cpt_panel01": {
  "reflMult": 0.5,
  "reflAdd": 0.0,
  "specMult": -0.40000000596046447754,
  "specAdd": 0.60000002384185791016,
  "specSelect": 0,
  "albedoLevel": 0.15000000596046447754,
  "albedoContrast": 1.0
 },
 "su27_cpt_k36": {
  "reflMult": 0.5,
  "reflAdd": 0.0,
  "specMult": -0.40000000596046447754,
  "specAdd": 0.60000002384185791016,
  "specSelect": 0,
  "albedoLevel": 0.15000000596046447754,
  "albedoContrast": 1.0
 },
 "su33_cpt_int03": {
  "reflMult": 0.5,
  "reflAdd": 0.0,
  "specMult": -0.40000000596046447754,
  "specAdd": 0.60000002384185791016,
  "specSelect": 0,
  "albedoLevel": 0.15000000596046447754,
  "albedoContrast": 1.0
 },
 "su33_cpt_panel02": {
  "reflMult": 0.5,
  "reflAdd": 0.0,
  "specMult": -0.40000000596046447754,
  "specAdd": 0.60000002384185791016,
  "specSelect": 0,
  "albedoLevel": 0.15000000596046447754,
  "albedoContrast": 1.0
 },
 "p51d-canopyglass": {
  "reflMult": 0.39399999380111694336,
  "reflAdd": 0.0,
  "specMult": -1.2999999523162841797,
  "specAdd": 1.0,
  "specSelect": 1,
  "albedoLevel": 0.0,
  "albedoContrast": 0.77300000190734863281
 },
 "su33_tex01": {
  "reflMult": 0.5,
  "reflAdd": 0.0,
  "specMult": -0.40000000596046447754,
  "specAdd": 0.60000002384185791016,
  "specSelect": 0,
  "albedoLevel": 0.15000000596046447754,
  "albedoContrast": 1.0
 },
 "su33_detail02": {
  "reflMult": 0.5,
  "reflAdd": 0.0,
  "specMult": -0.40000000596046447754,
  "specAdd": 0.60000002384185791016,
  "specSelect": 0,
  "albedoLevel": 0.15000000596046447754,
  "albedoContrast": 1.0
 },
 "su33_cpt_int01": {
  "reflMult": 0.5,
  "reflAdd": 0.0,
  "specMult": -0.40000000596046447754,
  "specAdd": 0.60000002384185791016,
  "specSelect": 0,
  "albedoLevel": 0.15000000596046447754,
  "albedoContrast": 1.0
 },
 "su33_cpt_lamps": {
  "reflMult": 1.0,
  "reflAdd": 0.0,
  "specMult": -1.2999999523162841797,
  "specAdd": 1.0,
  "specSelect": 1,
  "albedoLevel": 0.0,
  "albedoContrast": 1.0
 },
 "pilot_KA50_notepad": {
  "reflMult": 0.5,
  "reflAdd": 0.0,
  "specMult": -0.40000000596046447754,
  "specAdd": 0.60000002384185791016,
  "specSelect": 0,
  "albedoLevel": 0.15000000596046447754,
  "albedoContrast": 1.0
 },
 "su33_cpt_int06": {
  "reflMult": 0.5,
  "reflAdd": 0.0,
  "specMult": -0.40000000596046447754,
  "specAdd": 0.60000002384185791016,
  "specSelect": 0,
  "albedoLevel": 0.15000000596046447754,
  "albedoContrast": 1.0
 },
 "su33_cpt_devices": {
  "reflMult": 0.5,
  "reflAdd": 0.0,
  "specMult": -0.40000000596046447754,
  "specAdd": 0.60000002384185791016,
  "specSelect": 0,
  "albedoLevel": 0.15000000596046447754,
  "albedoContrast": 1.0
 },
 "su33_cpt_int05": {
  "reflMult": 0.5,
  "reflAdd": 0.0,
  "specMult": -0.40000000596046447754,
  "specAdd": 0.60000002384185791016,
  "specSelect": 0,
  "albedoLevel": 0.15000000596046447754,
  "albedoContrast": 1.0
 },
 "su33_cpt_int07": {
  "reflMult": 0.5,
  "reflAdd": 0.0,
  "specMult": -0.40000000596046447754,
  "specAdd": 0.60000002384185791016,
  "specSelect": 0,
  "albedoLevel": 0.15000000596046447754,
  "albedoContrast": 1.0
 },
 "su33_cpt_rsbn": {
  "reflMult": 0.5,
  "reflAdd": 0.0,
  "specMult": -0.40000000596046447754,
  "specAdd": 0.60000002384185791016,
  "specSelect": 0,
  "albedoLevel": 0.15000000596046447754,
  "albedoContrast": 1.0
 },
 "su33_cpt_panel03": {
  "reflMult": 0.5,
  "reflAdd": 0.0,
  "specMult": -0.40000000596046447754,
  "specAdd": 0.60000002384185791016,
  "specSelect": 0,
  "albedoLevel": 0.15000000596046447754,
  "albedoContrast": 1.0
 },
 "su33_cpt_int02": {
  "reflMult": 0.5,
  "reflAdd": 0.0,
  "specMult": -0.40000000596046447754,
  "specAdd": 0.60000002384185791016,
  "specSelect": 0,
  "albedoLevel": 0.15000000596046447754,
  "albedoContrast": 1.0
 },
 "su27_cpt_mirror": {
  "reflMult": 0.5,
  "reflAdd": 0.0,
  "specMult": -0.40000000596046447754,
  "specAdd": 0.60000002384185791016,
  "specSelect": 0,
  "albedoLevel": 0.15000000596046447754,
  "albedoContrast": 1.0
 },
 "su27_cpt_germetik": {
  "reflMult": 0.5,
  "reflAdd": 0.0,
  "specMult": -0.40000000596046447754,
  "specAdd": 0.60000002384185791016,
  "specSelect": 0,
  "albedoLevel": 0.15000000596046447754,
  "albedoContrast": 1.0
 },
 "su27_cpt_dev_glass": {
  "reflMult": 1.0,
  "reflAdd": 0.0,
  "specMult": -1.0,
  "specAdd": 1.0,
  "specSelect": 1,
  "albedoLevel": 0.0,
  "albedoContrast": 0.60000002384185791016
 },
 "su33_cpt_int04": {
  "reflMult": 0.5,
  "reflAdd": 0.0,
  "specMult": -0.40000000596046447754,
  "specAdd": 0.60000002384185791016,
  "specSelect": 0,
  "albedoLevel": 0.15000000596046447754,
  "albedoContrast": 1.0
 },
 "pilot_Ka50_body": {
  "reflMult": 0.5,
  "reflAdd": 0.0,
  "specMult": -0.40000000596046447754,
  "specAdd": 0.60000002384185791016,
  "specSelect": 0,
  "albedoLevel": 0.15000000596046447754,
  "albedoContrast": 1.0
 },
 "su33_glass_prib": {
  "reflMult": 0.10000000149011611938,
  "reflAdd": 0.5,
  "specMult": -1.0,
  "specAdd": 0.10000000149011611938,
  "specSelect": 1,
  "albedoLevel": 0.10000000149011611938,
  "albedoContrast": 0.44999998807907104492
 }
}
